Anio,SemanaEstadistica,EstablecimientoGlosa,Total_Consultations,NumMenor1Anio,Num1a4Anios,Num5a14Anios,Num15a64Anios,Num65oMas,Cause_Acute_Bronchitis/Bronchiolitis,Cause_Bronchial_Obstructive_Crisis,Cause_COVID-19_(Confirmed),Cause_COVID-19_(Suspected),Cause_Influenza,Cause_Other_Respiratory_Causes,Cause_Pneumonia,Cause_Upper_Respiratory_Infection
2021,19,Complejo Asistencial Padre las Casas,0,0,0,0,0,0,0.0,0.0,0.0,0,0.0,0.0,0.0,0.0
2021,49,Complejo Asistencial Padre las Casas,21,0,3,1,14,3,3.0,1.0,0.0,0,1.0,2.0,2.0,12.0
2021,50,Complejo Asistencial Padre las Casas,47,1,7,6,24,9,4.0,4.0,2.0,0,0.0,4.0,2.0,31.0
2021,51,Complejo Asistencial Padre las Casas,42,1,2,1,26,12,6.0,8.0,0.0,0,1.0,7.0,1.0,19.0
2021,52,Complejo Asistencial Padre las Casas,34,0,0,0,25,9,1.0,3.0,1.0,0,0.0,9.0,0.0,20.0
2022,1,Complejo Asistencial Padre las Casas,100,8,20,14,46,12,13.0,3.0,6.0,0,1.0,8.0,7.0,62.0
2022,2,Complejo Asistencial Padre las Casas,98,8,18,19,34,19,15.0,5.0,0.0,0,0.0,7.0,4.0,67.0
2022,3,Complejo Asistencial Padre las Casas,118,14,28,21,46,9,16.0,7.0,1.0,0,1.0,7.0,4.0,82.0
2022,4,Complejo Asistencial Padre las Casas,145,12,25,19,65,24,15.0,8.0,6.0,0,1.0,14.0,7.0,94.0
2022,5,Complejo Asistencial Padre las Casas,129,10,32,30,36,21,15.0,3.0,10.0,0,0.0,13.0,8.0,80.0
2022,6,Complejo Asistencial Padre las Casas,167,14,29,41,52,31,12.0,6.0,22.0,0,0.0,12.0,13.0,102.0
2022,7,Complejo Asistencial Padre las Casas,83,4,10,20,28,21,5.0,2.0,17.0,0,0.0,3.0,11.0,45.0
2022,8,Complejo Asistencial Padre las Casas,80,4,14,23,19,20,2.0,3.0,15.0,0,0.0,8.0,3.0,49.0
2022,9,Complejo Asistencial Padre las Casas,63,5,8,10,22,18,5.0,4.0,11.0,0,0.0,11.0,12.0,20.0
2022,10,Complejo Asistencial Padre las Casas,60,3,14,15,12,16,5.0,2.0,7.0,0,0.0,5.0,8.0,33.0
2022,11,Complejo Asistencial Padre las Casas,110,8,33,33,21,15,5.0,4.0,8.0,0,0.0,14.0,4.0,75.0
2022,12,Complejo Asistencial Padre las Casas,105,7,36,36,16,10,10.0,12.0,2.0,0,0.0,9.0,2.0,70.0
2022,13,Complejo Asistencial Padre las Casas,135,16,51,24,34,10,10.0,5.0,4.0,0,0.0,15.0,4.0,97.0
2022,14,Complejo Asistencial Padre las Casas,100,11,52,21,9,7,16.0,1.0,1.0,0,0.0,8.0,2.0,72.0
2022,15,Complejo Asistencial Padre las Casas,97,11,48,22,11,5,18.0,5.0,0.0,0,0.0,6.0,2.0,66.0
2022,16,Complejo Asistencial Padre las Casas,139,18,59,35,19,8,32.0,3.0,2.0,0,0.0,6.0,9.0,87.0
2022,17,Complejo Asistencial Padre las Casas,182,19,74,43,32,14,34.0,9.0,1.0,0,0.0,17.0,11.0,110.0
2022,18,Complejo Asistencial Padre las Casas,160,20,62,44,20,14,32.0,11.0,0.0,0,0.0,8.0,10.0,99.0
2022,19,Complejo Asistencial Padre las Casas,198,27,78,39,38,16,36.0,10.0,2.0,0,0.0,12.0,15.0,123.0
2022,20,Complejo Asistencial Padre las Casas,235,35,78,70,39,13,45.0,12.0,2.0,0,1.0,6.0,19.0,150.0
2022,21,Complejo Asistencial Padre las Casas,235,29,88,70,40,8,56.0,10.0,0.0,0,2.0,19.0,15.0,133.0
2022,22,Complejo Asistencial Padre las Casas,180,24,57,46,38,15,37.0,9.0,0.0,0,1.0,10.0,16.0,107.0
2022,23,Complejo Asistencial Padre las Casas,235,27,63,61,63,21,46.0,21.0,3.0,0,2.0,10.0,19.0,134.0
2022,24,Complejo Asistencial Padre las Casas,217,29,58,54,58,18,48.0,12.0,2.0,0,0.0,10.0,11.0,134.0
2022,25,Complejo Asistencial Padre las Casas,207,32,77,37,41,20,49.0,9.0,1.0,0,0.0,7.0,15.0,126.0
2022,26,Complejo Asistencial Padre las Casas,196,28,65,29,49,25,38.0,9.0,1.0,0,0.0,9.0,41.0,98.0
2022,27,Complejo Asistencial Padre las Casas,165,23,51,26,43,22,43.0,15.0,0.0,0,0.0,10.0,20.0,77.0
2022,28,Complejo Asistencial Padre las Casas,145,28,37,21,42,17,20.0,9.0,0.0,0,0.0,7.0,24.0,85.0
2022,29,Complejo Asistencial Padre las Casas,106,21,31,14,22,18,24.0,2.0,0.0,0,0.0,9.0,12.0,59.0
2022,30,Complejo Asistencial Padre las Casas,102,11,29,15,27,20,18.0,7.0,1.0,0,0.0,11.0,13.0,52.0
2022,31,Complejo Asistencial Padre las Casas,138,14,49,26,34,15,24.0,6.0,1.0,0,0.0,24.0,18.0,65.0
2022,32,Complejo Asistencial Padre las Casas,203,22,64,61,35,21,32.0,8.0,2.0,0,0.0,14.0,22.0,125.0
2022,33,Complejo Asistencial Padre las Casas,194,28,49,50,47,20,30.0,16.0,5.0,0,0.0,15.0,19.0,109.0
2022,34,Complejo Asistencial Padre las Casas,165,27,44,45,27,22,24.0,3.0,4.0,0,0.0,16.0,17.0,101.0
2022,35,Complejo Asistencial Padre las Casas,177,21,50,52,23,31,27.0,12.0,2.0,0,1.0,14.0,18.0,103.0
2022,36,Complejo Asistencial Padre las Casas,186,14,53,60,38,21,26.0,11.0,3.0,0,0.0,13.0,18.0,115.0
2022,37,Complejo Asistencial Padre las Casas,200,19,60,53,47,21,36.0,13.0,1.0,0,0.0,15.0,17.0,118.0
2022,38,Complejo Asistencial Padre las Casas,188,13,57,35,59,24,40.0,9.0,3.0,0,1.0,11.0,16.0,108.0
2022,39,Complejo Asistencial Padre las Casas,156,16,48,22,48,22,24.0,7.0,2.0,0,1.0,11.0,12.0,99.0
2022,40,Complejo Asistencial Padre las Casas,162,17,51,37,47,10,15.0,6.0,0.0,0,1.0,11.0,10.0,119.0
2022,41,Complejo Asistencial Padre las Casas,246,21,55,70,79,21,41.0,9.0,2.0,0,2.0,18.0,20.0,154.0
2022,42,Complejo Asistencial Padre las Casas,284,22,68,79,81,34,41.0,16.0,1.0,0,5.0,19.0,24.0,178.0
2022,43,Complejo Asistencial Padre las Casas,291,19,69,94,78,31,47.0,17.0,4.0,0,4.0,14.0,16.0,189.0
2022,44,Complejo Asistencial Padre las Casas,282,22,54,91,85,30,36.0,8.0,1.0,0,3.0,15.0,21.0,198.0
2022,45,Complejo Asistencial Padre las Casas,229,19,58,58,65,29,30.0,16.0,0.0,0,3.0,26.0,20.0,134.0
2022,46,Complejo Asistencial Padre las Casas,269,28,43,74,94,30,36.0,16.0,0.0,0,7.0,14.0,28.0,168.0
2022,47,Complejo Asistencial Padre las Casas,261,19,50,71,83,38,25.0,15.0,2.0,0,6.0,16.0,22.0,175.0
2022,48,Complejo Asistencial Padre las Casas,238,19,54,70,62,33,20.0,19.0,0.0,0,5.0,22.0,15.0,157.0
2022,49,Complejo Asistencial Padre las Casas,214,14,63,54,55,28,19.0,22.0,0.0,0,4.0,16.0,26.0,127.0
2022,50,Complejo Asistencial Padre las Casas,158,12,50,26,37,33,15.0,14.0,2.0,0,0.0,19.0,11.0,97.0
2022,51,Complejo Asistencial Padre las Casas,143,14,32,17,53,27,10.0,9.0,2.0,0,0.0,12.0,24.0,86.0
2022,52,Complejo Asistencial Padre las Casas,155,22,36,16,56,25,10.0,8.0,1.0,0,1.0,17.0,18.0,100.0
2023,1,Complejo Asistencial Padre las Casas,152,23,26,18,54,31,13.0,10.0,1.0,0,0.0,17.0,19.0,92.0
2023,2,Complejo Asistencial Padre las Casas,93,16,14,6,38,19,10.0,5.0,0.0,0,2.0,4.0,15.0,57.0
2023,3,Complejo Asistencial Padre las Casas,85,6,14,11,32,22,5.0,3.0,2.0,0,1.0,10.0,5.0,59.0
2023,4,Complejo Asistencial Padre las Casas,81,12,11,6,31,21,12.0,2.0,1.0,0,1.0,10.0,7.0,48.0
2023,5,Complejo Asistencial Padre las Casas,80,4,10,13,27,26,9.0,9.0,0.0,0,4.0,11.0,6.0,41.0
2023,6,Complejo Asistencial Padre las Casas,81,8,19,9,28,17,3.0,3.0,3.0,0,1.0,13.0,8.0,50.0
2023,7,Complejo Asistencial Padre las Casas,74,12,10,13,23,16,1.0,2.0,0.0,0,0.0,11.0,7.0,53.0
2023,8,Complejo Asistencial Padre las Casas,87,8,13,18,33,15,3.0,3.0,0.0,0,1.0,16.0,9.0,55.0
2023,9,Complejo Asistencial Padre las Casas,75,7,8,13,35,12,10.0,4.0,0.0,0,1.0,6.0,6.0,48.0
2023,10,Complejo Asistencial Padre las Casas,91,14,24,16,21,16,6.0,11.0,1.0,0,0.0,5.0,7.0,61.0
2023,11,Complejo Asistencial Padre las Casas,162,15,38,39,53,17,19.0,18.0,2.0,0,3.0,9.0,15.0,96.0
2023,12,Complejo Asistencial Padre las Casas,158,14,36,37,46,25,13.0,14.0,1.0,0,3.0,12.0,14.0,101.0
2023,13,Complejo Asistencial Padre las Casas,141,8,28,31,54,20,11.0,9.0,0.0,0,1.0,15.0,19.0,86.0
2023,14,Complejo Asistencial Padre las Casas,167,18,46,29,52,22,24.0,11.0,1.0,0,3.0,11.0,27.0,90.0
2023,15,Complejo Asistencial Padre las Casas,178,17,54,35,42,30,22.0,15.0,1.0,0,1.0,14.0,16.0,109.0
2023,16,Complejo Asistencial Padre las Casas,179,18,52,47,39,23,22.0,11.0,0.0,0,1.0,13.0,18.0,114.0
2023,17,Complejo Asistencial Padre las Casas,208,13,68,56,49,22,28.0,14.0,0.0,0,3.0,18.0,26.0,119.0
2023,18,Complejo Asistencial Padre las Casas,330,36,113,80,74,27,63.0,21.0,0.0,0,4.0,13.0,39.0,190.0
2023,19,Complejo Asistencial Padre las Casas,318,38,118,68,74,20,58.0,16.0,0.0,0,9.0,12.0,43.0,180.0
2023,20,Complejo Asistencial Padre las Casas,321,41,110,48,92,30,64.0,23.0,0.0,0,12.0,16.0,59.0,147.0
2023,21,Complejo Asistencial Padre las Casas,276,36,70,54,91,25,63.0,11.0,0.0,0,23.0,9.0,39.0,131.0
2023,22,Complejo Asistencial Padre las Casas,264,32,56,67,70,39,68.0,13.0,0.0,0,14.0,7.0,40.0,122.0
2023,23,Complejo Asistencial Padre las Casas,242,21,52,56,70,43,55.0,13.0,0.0,0,12.0,13.0,41.0,108.0
2023,24,Complejo Asistencial Padre las Casas,179,21,37,35,63,23,32.0,8.0,0.0,0,17.0,15.0,20.0,87.0
2023,25,Complejo Asistencial Padre las Casas,157,17,35,30,54,21,40.0,9.0,0.0,0,11.0,9.0,33.0,55.0
2023,26,Complejo Asistencial Padre las Casas,151,14,25,31,42,39,26.0,18.0,0.0,0,0.0,15.0,30.0,62.0
2023,27,Complejo Asistencial Padre las Casas,111,15,17,19,35,25,20.0,11.0,0.0,0,5.0,9.0,19.0,47.0
2023,28,Complejo Asistencial Padre las Casas,81,14,13,10,25,19,15.0,8.0,0.0,0,3.0,6.0,24.0,25.0
2023,29,Complejo Asistencial Padre las Casas,107,11,13,16,47,20,14.0,7.0,0.0,0,1.0,11.0,17.0,57.0
2023,30,Complejo Asistencial Padre las Casas,96,12,24,16,28,16,12.0,8.0,0.0,0,4.0,7.0,25.0,40.0
2023,31,Complejo Asistencial Padre las Casas,146,18,26,28,51,23,19.0,9.0,0.0,0,3.0,9.0,23.0,83.0
2023,32,Complejo Asistencial Padre las Casas,160,23,36,29,52,20,29.0,16.0,0.0,0,8.0,8.0,14.0,85.0
2023,33,Complejo Asistencial Padre las Casas,186,23,41,29,61,32,26.0,18.0,0.0,0,7.0,11.0,20.0,104.0
2023,34,Complejo Asistencial Padre las Casas,189,11,37,40,77,24,36.0,8.0,0.0,0,6.0,14.0,31.0,94.0
2023,35,Complejo Asistencial Padre las Casas,180,21,35,44,58,22,26.0,14.0,0.0,0,11.0,13.0,27.0,89.0
2023,36,Complejo Asistencial Padre las Casas,189,20,36,54,46,33,41.0,17.0,0.0,0,5.0,7.0,29.0,90.0
2023,37,Complejo Asistencial Padre las Casas,206,27,45,47,53,34,37.0,18.0,0.0,0,3.0,5.0,36.0,107.0
2023,38,Complejo Asistencial Padre las Casas,261,31,62,40,90,38,50.0,13.0,0.0,0,4.0,17.0,39.0,138.0
2023,39,Complejo Asistencial Padre las Casas,208,24,38,51,57,38,45.0,12.0,0.0,0,3.0,17.0,28.0,103.0
2023,40,Complejo Asistencial Padre las Casas,229,24,40,56,75,34,38.0,20.0,0.0,0,9.0,15.0,24.0,123.0
2023,41,Complejo Asistencial Padre las Casas,191,25,36,42,56,32,26.0,18.0,0.0,0,3.0,11.0,31.0,102.0
2023,42,Complejo Asistencial Padre las Casas,205,27,31,58,61,28,32.0,12.0,0.0,0,2.0,16.0,25.0,118.0
2023,43,Complejo Asistencial Padre las Casas,223,25,31,48,77,42,36.0,17.0,0.0,0,9.0,14.0,29.0,118.0
2023,44,Complejo Asistencial Padre las Casas,195,20,33,40,68,34,32.0,17.0,0.0,0,12.0,13.0,34.0,87.0
2023,45,Complejo Asistencial Padre las Casas,185,19,31,42,62,31,32.0,17.0,0.0,0,5.0,12.0,25.0,94.0
2023,46,Complejo Asistencial Padre las Casas,181,16,34,51,49,31,26.0,14.0,1.0,0,6.0,10.0,26.0,98.0
2023,47,Complejo Asistencial Padre las Casas,151,17,26,34,49,25,23.0,11.0,0.0,0,6.0,14.0,24.0,73.0
2023,48,Complejo Asistencial Padre las Casas,148,14,29,41,37,27,28.0,6.0,1.0,0,5.0,6.0,19.0,83.0
2023,49,Complejo Asistencial Padre las Casas,164,21,31,34,55,23,20.0,11.0,0.0,0,8.0,10.0,24.0,91.0
2023,50,Complejo Asistencial Padre las Casas,142,8,18,35,54,27,12.0,11.0,0.0,0,7.0,8.0,21.0,83.0
2023,51,Complejo Asistencial Padre las Casas,132,15,27,21,46,23,9.0,4.0,1.0,0,4.0,9.0,24.0,81.0
2023,52,Complejo Asistencial Padre las Casas,116,12,23,27,45,9,16.0,13.0,1.0,0,8.0,6.0,16.0,56.0
2024,1,Complejo Asistencial Padre las Casas,154,19,20,16,64,35,28.0,12.0,0.0,0,6.0,14.0,23.0,71.0
2024,2,Complejo Asistencial Padre las Casas,78,6,10,12,26,24,9.0,3.0,0.0,0,1.0,12.0,14.0,39.0
2024,3,Complejo Asistencial Padre las Casas,70,8,5,8,30,19,9.0,6.0,0.0,0,3.0,10.0,7.0,35.0
2024,4,Complejo Asistencial Padre las Casas,59,7,10,4,21,17,5.0,5.0,0.0,0,0.0,13.0,1.0,35.0
2024,5,Complejo Asistencial Padre las Casas,71,5,7,8,31,20,7.0,6.0,1.0,0,1.0,5.0,11.0,40.0
2024,6,Complejo Asistencial Padre las Casas,61,4,9,9,28,11,4.0,11.0,0.0,0,2.0,10.0,5.0,29.0
2024,7,Complejo Asistencial Padre las Casas,75,7,7,15,27,19,6.0,3.0,1.0,0,3.0,12.0,11.0,39.0
2024,8,Complejo Asistencial Padre las Casas,67,9,8,7,25,18,7.0,9.0,1.0,0,2.0,4.0,8.0,36.0
2024,9,Complejo Asistencial Padre las Casas,86,12,9,8,29,28,7.0,4.0,1.0,0,3.0,14.0,8.0,49.0
2024,10,Complejo Asistencial Padre las Casas,82,6,10,11,34,21,4.0,6.0,0.0,0,5.0,11.0,8.0,48.0
2024,11,Complejo Asistencial Padre las Casas,129,12,25,21,38,33,18.0,12.0,2.0,0,6.0,15.0,11.0,65.0
2024,12,Complejo Asistencial Padre las Casas,122,12,27,39,31,13,18.0,12.0,3.0,0,3.0,9.0,6.0,71.0
2024,13,Complejo Asistencial Padre las Casas,134,11,22,30,43,28,20.0,15.0,0.0,0,5.0,9.0,14.0,71.0
2024,14,Complejo Asistencial Padre las Casas,135,12,32,36,39,16,13.0,12.0,1.0,0,3.0,10.0,13.0,83.0
2024,15,Complejo Asistencial Padre las Casas,161,6,33,45,54,23,25.0,9.0,1.0,0,4.0,8.0,21.0,93.0
2024,16,Complejo Asistencial Padre las Casas,173,10,37,51,57,18,12.0,11.0,0.0,0,7.0,8.0,12.0,123.0
2024,17,Complejo Asistencial Padre las Casas,212,11,32,75,67,27,14.0,11.0,0.0,0,14.0,20.0,19.0,134.0
2024,18,Complejo Asistencial Padre las Casas,210,12,38,56,72,32,17.0,18.0,0.0,0,11.0,11.0,25.0,128.0
2024,19,Complejo Asistencial Padre las Casas,217,9,35,60,86,27,31.0,9.0,0.0,0,23.0,14.0,22.0,118.0
2024,20,Complejo Asistencial Padre las Casas,239,17,20,61,96,45,20.0,10.0,0.0,0,21.0,20.0,32.0,136.0
2024,21,Complejo Asistencial Padre las Casas,224,7,30,40,109,38,21.0,14.0,0.0,0,43.0,12.0,24.0,110.0
2024,22,Complejo Asistencial Padre las Casas,204,12,27,38,92,35,25.0,20.0,0.0,0,23.0,4.0,26.0,106.0
2024,23,Complejo Asistencial Padre las Casas,152,10,24,29,62,27,28.0,12.0,0.0,0,20.0,11.0,14.0,67.0
2024,24,Complejo Asistencial Padre las Casas,119,8,27,27,45,12,13.0,8.0,0.0,0,9.0,7.0,15.0,67.0
2024,25,Complejo Asistencial Padre las Casas,106,9,25,17,37,18,16.0,16.0,0.0,0,5.0,8.0,13.0,48.0
2024,26,Complejo Asistencial Padre las Casas,87,6,19,11,37,14,11.0,9.0,0.0,0,1.0,3.0,9.0,54.0
2024,27,Complejo Asistencial Padre las Casas,76,3,12,8,30,23,6.0,9.0,0.0,0,2.0,9.0,9.0,41.0
2024,28,Complejo Asistencial Padre las Casas,82,8,14,11,26,23,5.0,7.0,0.0,0,1.0,14.0,9.0,46.0
2024,29,Complejo Asistencial Padre las Casas,120,5,32,20,45,18,11.0,9.0,0.0,0,9.0,12.0,13.0,66.0
2024,30,Complejo Asistencial Padre las Casas,156,14,55,32,38,17,18.0,16.0,0.0,0,2.0,12.0,26.0,82.0
2024,31,Complejo Asistencial Padre las Casas,157,14,59,31,31,22,22.0,12.0,0.0,0,9.0,10.0,28.0,76.0
2024,32,Complejo Asistencial Padre las Casas,164,15,46,30,53,20,27.0,9.0,0.0,0,12.0,14.0,27.0,75.0
2024,33,Complejo Asistencial Padre las Casas,196,12,82,34,36,32,30.0,17.0,0.0,0,5.0,13.0,38.0,93.0
2024,34,Complejo Asistencial Padre las Casas,211,23,69,41,50,28,41.0,10.0,0.0,0,6.0,12.0,33.0,109.0
2024,35,Complejo Asistencial Padre las Casas,229,15,75,48,54,37,46.0,19.0,1.0,0,16.0,13.0,35.0,99.0
2024,36,Complejo Asistencial Padre las Casas,223,17,70,57,54,25,37.0,11.0,0.0,0,3.0,17.0,29.0,126.0
2024,37,Complejo Asistencial Padre las Casas,224,25,54,51,69,25,49.0,19.0,0.0,0,8.0,15.0,40.0,93.0
2024,38,Complejo Asistencial Padre las Casas,199,18,50,45,55,31,34.0,14.0,0.0,0,6.0,12.0,40.0,93.0
2024,39,Complejo Asistencial Padre las Casas,273,30,53,57,85,48,53.0,16.0,0.0,0,10.0,17.0,34.0,143.0
2024,40,Complejo Asistencial Padre las Casas,198,17,38,45,58,40,32.0,19.0,0.0,0,1.0,13.0,48.0,85.0
2024,41,Complejo Asistencial Padre las Casas,192,15,40,48,57,32,29.0,17.0,0.0,0,10.0,11.0,22.0,103.0
2024,42,Complejo Asistencial Padre las Casas,230,22,51,56,70,31,32.0,10.0,0.0,0,10.0,23.0,33.0,122.0
2024,43,Complejo Asistencial Padre las Casas,189,14,55,41,57,22,40.0,8.0,0.0,0,7.0,11.0,38.0,85.0
2024,44,Complejo Asistencial Padre las Casas,197,17,46,39,62,33,27.0,11.0,0.0,0,9.0,17.0,25.0,108.0
2024,45,Complejo Asistencial Padre las Casas,202,20,29,54,73,26,36.0,16.0,0.0,0,6.0,11.0,24.0,109.0
2024,46,Complejo Asistencial Padre las Casas,171,12,47,43,48,21,41.0,14.0,0.0,0,6.0,13.0,15.0,82.0
2024,47,Complejo Asistencial Padre las Casas,145,9,44,40,38,14,29.0,10.0,0.0,0,1.0,12.0,19.0,74.0
2024,48,Complejo Asistencial Padre las Casas,173,21,37,41,55,19,16.0,11.0,0.0,0,8.0,15.0,25.0,98.0
2024,49,Complejo Asistencial Padre las Casas,222,22,44,64,69,23,34.0,14.0,0.0,0,7.0,13.0,17.0,137.0
2024,50,Complejo Asistencial Padre las Casas,208,19,49,48,58,34,24.0,18.0,1.0,0,5.0,15.0,31.0,114.0
2024,51,Complejo Asistencial Padre las Casas,178,17,33,29,62,37,18.0,14.0,0.0,0,20.0,15.0,34.0,77.0
2024,52,Complejo Asistencial Padre las Casas,185,15,48,38,62,22,36.0,10.0,0.0,0,6.0,9.0,26.0,98.0
2025,1,Complejo Asistencial Padre las Casas,70,6,8,9,22,25,11.0,11.0,0.0,0,4.0,8.0,9.0,27.0
2025,2,Complejo Asistencial Padre las Casas,88,7,10,9,42,20,9.0,10.0,0.0,0,5.0,18.0,8.0,38.0
2025,3,Complejo Asistencial Padre las Casas,71,6,8,11,25,21,9.0,8.0,0.0,0,3.0,11.0,11.0,29.0
2025,4,Complejo Asistencial Padre las Casas,79,11,14,8,34,12,8.0,4.0,0.0,0,3.0,10.0,8.0,46.0
2025,5,Complejo Asistencial Padre las Casas,56,6,9,4,18,19,6.0,6.0,0.0,0,1.0,5.0,12.0,26.0
2025,6,Complejo Asistencial Padre las Casas,71,9,15,5,24,18,3.0,6.0,0.0,0,1.0,15.0,7.0,39.0
2025,7,Complejo Asistencial Padre las Casas,57,5,11,6,22,13,7.0,4.0,1.0,0,0.0,9.0,10.0,26.0
2025,8,Complejo Asistencial Padre las Casas,54,3,7,3,23,18,5.0,3.0,0.0,0,0.0,7.0,14.0,25.0
2025,9,Complejo Asistencial Padre las Casas,62,7,7,6,25,17,2.0,6.0,1.0,0,1.0,10.0,12.0,30.0
2025,10,Complejo Asistencial Padre las Casas,51,6,7,8,22,8,5.0,6.0,0.0,0,0.0,9.0,7.0,24.0
2025,11,Complejo Asistencial Padre las Casas,98,8,18,26,28,18,6.0,10.0,0.0,0,2.0,6.0,9.0,65.0
2025,12,Complejo Asistencial Padre las Casas,131,14,25,30,41,21,15.0,22.0,0.0,0,3.0,13.0,10.0,68.0
2025,13,Complejo Asistencial Padre las Casas,127,12,26,21,49,19,11.0,24.0,0.0,0,5.0,9.0,15.0,63.0
2025,14,Complejo Asistencial Padre las Casas,115,7,29,15,40,24,14.0,4.0,0.0,0,3.0,13.0,19.0,62.0
2025,15,Complejo Asistencial Padre las Casas,158,8,40,38,45,27,24.0,18.0,0.0,0,1.0,14.0,22.0,79.0
2025,16,Complejo Asistencial Padre las Casas,138,12,25,26,49,26,19.0,14.0,0.0,0,4.0,5.0,23.0,73.0
2025,17,Complejo Asistencial Padre las Casas,136,12,25,23,56,20,13.0,14.0,0.0,0,4.0,7.0,18.0,80.0
2025,18,Complejo Asistencial Padre las Casas,155,12,33,23,57,30,24.0,13.0,0.0,0,8.0,9.0,20.0,81.0
2025,19,Complejo Asistencial Padre las Casas,158,11,28,29,61,29,22.0,19.0,0.0,0,3.0,12.0,20.0,82.0
2025,20,Complejo Asistencial Padre las Casas,187,6,30,72,53,26,27.0,46.0,0.0,0,9.0,5.0,19.0,81.0
2025,21,Complejo Asistencial Padre las Casas,184,11,42,48,66,17,29.0,18.0,0.0,0,8.0,13.0,18.0,98.0
2025,22,Complejo Asistencial Padre las Casas,177,6,45,34,63,29,28.0,13.0,0.0,0,7.0,12.0,28.0,89.0
2025,23,Complejo Asistencial Padre las Casas,202,12,32,50,76,32,29.0,22.0,0.0,0,7.0,19.0,27.0,98.0
2025,24,Complejo Asistencial Padre las Casas,183,10,41,34,57,41,25.0,14.0,0.0,0,7.0,10.0,20.0,107.0
2025,25,Complejo Asistencial Padre las Casas,203,11,52,32,68,40,30.0,15.0,0.0,0,4.0,8.0,37.0,109.0
2025,26,Complejo Asistencial Padre las Casas,185,9,38,27,69,42,31.0,13.0,0.0,0,7.0,11.0,35.0,88.0
2025,27,Complejo Asistencial Padre las Casas,168,18,28,28,65,29,33.0,10.0,0.0,0,7.0,21.0,22.0,75.0
2025,28,Complejo Asistencial Padre las Casas,165,14,28,23,61,39,29.0,6.0,0.0,0,8.0,13.0,31.0,78.0
2025,29,Complejo Asistencial Padre las Casas,193,8,48,40,64,33,35.0,19.0,0.0,0,8.0,16.0,28.0,87.0
2025,30,Complejo Asistencial Padre las Casas,204,12,55,38,70,29,31.0,20.0,0.0,0,7.0,17.0,26.0,103.0
2025,31,Complejo Asistencial Padre las Casas,238,16,70,69,47,36,46.0,17.0,0.0,0,5.0,14.0,42.0,114.0
2025,32,Complejo Asistencial Padre las Casas,316,24,103,83,80,26,57.0,18.0,0.0,0,12.0,5.0,46.0,178.0
2025,33,Complejo Asistencial Padre las Casas,349,29,106,77,102,35,59.0,25.0,0.0,0,16.0,18.0,63.0,168.0
2025,34,Complejo Asistencial Padre las Casas,349,33,113,80,72,51,71.0,23.0,0.0,0,14.0,17.0,40.0,184.0
2025,35,Complejo Asistencial Padre las Casas,319,24,93,85,79,38,62.0,27.0,0.0,0,11.0,18.0,52.0,149.0
2025,36,Complejo Asistencial Padre las Casas,271,17,60,72,68,54,63.0,20.0,0.0,0,15.0,15.0,44.0,114.0
2025,37,Complejo Asistencial Padre las Casas,238,23,62,37,68,48,45.0,23.0,0.0,0,8.0,18.0,38.0,106.0
2025,38,Complejo Asistencial Padre las Casas,264,24,67,72,61,40,45.0,27.0,0.0,0,12.0,14.0,46.0,120.0
2025,39,Complejo Asistencial Padre las Casas,241,18,62,41,83,37,47.0,27.0,0.0,0,11.0,15.0,30.0,111.0
2025,40,Complejo Asistencial Padre las Casas,216,21,54,48,54,39,44.0,19.0,0.0,0,4.0,19.0,30.0,100.0
2025,41,Complejo Asistencial Padre las Casas,191,24,59,33,47,28,35.0,22.0,0.0,0,5.0,8.0,24.0,97.0
2025,42,Complejo Asistencial Padre las Casas,206,16,53,37,50,50,46.0,27.0,0.0,0,8.0,9.0,30.0,86.0
2025,43,Complejo Asistencial Padre las Casas,239,26,42,37,95,39,56.0,24.0,0.0,0,10.0,15.0,36.0,98.0
2025,44,Complejo Asistencial Padre las Casas,198,19,47,39,57,36,35.0,12.0,0.0,0,5.0,8.0,35.0,103.0
2025,45,Complejo Asistencial Padre las Casas,202,13,42,44,56,47,38.0,18.0,0.0,0,9.0,14.0,35.0,88.0
2025,46,Complejo Asistencial Padre las Casas,197,22,50,47,51,27,29.0,8.0,0.0,0,12.0,15.0,24.0,109.0
2025,47,Complejo Asistencial Padre las Casas,197,19,29,39,61,49,28.0,20.0,0.0,0,5.0,13.0,42.0,89.0
2025,48,Complejo Asistencial Padre las Casas,139,6,37,34,30,32,27.0,10.0,0.0,0,2.0,14.0,24.0,62.0
2025,49,Complejo Asistencial Padre las Casas,174,15,32,42,51,34,47.0,15.0,0.0,0,5.0,14.0,27.0,66.0
2025,50,Complejo Asistencial Padre las Casas,157,11,37,33,47,29,30.0,14.0,0.0,0,1.0,17.0,32.0,63.0
2025,51,Complejo Asistencial Padre las Casas,166,19,33,26,56,32,41.0,18.0,0.0,0,6.0,9.0,23.0,69.0
2025,52,Complejo Asistencial Padre las Casas,148,14,37,20,38,39,39.0,19.0,0.0,0,2.0,10.0,23.0,55.0
2025,53,Complejo Asistencial Padre las Casas,55,6,11,3,20,15,12.0,4.0,0.0,0,0.0,5.0,8.0,26.0
2026,1,Complejo Asistencial Padre las Casas,107,8,16,13,41,29,18.0,13.0,0.0,0,4.0,20.0,9.0,43.0
2026,2,Complejo Asistencial Padre las Casas,82,7,11,11,29,24,10.0,6.0,0.0,0,4.0,6.0,10.0,46.0
2026,3,Complejo Asistencial Padre las Casas,74,4,9,12,34,15,7.0,5.0,0.0,0,1.0,11.0,10.0,40.0
2026,4,Complejo Asistencial Padre las Casas,81,5,18,11,37,10,16.0,9.0,0.0,0,0.0,12.0,12.0,32.0
2026,5,Complejo Asistencial Padre las Casas,83,9,14,8,32,20,10.0,7.0,0.0,0,4.0,15.0,8.0,39.0
2026,6,Complejo Asistencial Padre las Casas,56,3,5,5,24,19,4.0,9.0,0.0,0,1.0,6.0,7.0,29.0
2026,7,Complejo Asistencial Padre las Casas,66,3,12,4,23,24,13.0,5.0,0.0,0,1.0,16.0,7.0,24.0
2026,8,Complejo Asistencial Padre las Casas,82,6,9,8,43,16,9.0,14.0,0.0,0,0.0,15.0,7.0,37.0
2026,9,Complejo Asistencial Padre las Casas,83,6,11,7,37,22,9.0,9.0,0.0,0,4.0,12.0,9.0,40.0
2026,10,Complejo Asistencial Padre las Casas,9,1,1,1,3,3,1.0,1.0,0.0,0,0.0,1.0,1.0,5.0
2026,53,Complejo Asistencial Padre las Casas,42,4,7,3,16,12,8.0,1.0,0.0,0,1.0,7.0,3.0,22.0
2014,1,Hospital Dr. Hernán Henríquez Aravena (Temuco),264,40,76,29,87,32,19.0,25.0,0.0,0,1.0,32.0,18.0,169.0
2014,2,Hospital Dr. Hernán Henríquez Aravena (Temuco),283,60,97,46,58,22,24.0,28.0,0.0,0,3.0,30.0,35.0,163.0
2014,3,Hospital Dr. Hernán Henríquez Aravena (Temuco),238,48,80,45,47,18,17.0,8.0,0.0,0,2.0,27.0,22.0,162.0
2014,4,Hospital Dr. Hernán Henríquez Aravena (Temuco),214,38,75,42,48,11,23.0,20.0,0.0,0,4.0,28.0,18.0,121.0
2014,5,Hospital Dr. Hernán Henríquez Aravena (Temuco),218,50,74,34,37,23,22.0,17.0,0.0,0,5.0,20.0,24.0,130.0
2014,6,Hospital Dr. Hernán Henríquez Aravena (Temuco),200,46,56,39,34,25,34.0,14.0,0.0,0,6.0,15.0,26.0,105.0
2014,7,Hospital Dr. Hernán Henríquez Aravena (Temuco),202,51,58,39,32,22,28.0,11.0,0.0,0,5.0,20.0,19.0,119.0
2014,8,Hospital Dr. Hernán Henríquez Aravena (Temuco),208,58,70,40,30,10,16.0,19.0,0.0,0,5.0,14.0,11.0,143.0
2014,9,Hospital Dr. Hernán Henríquez Aravena (Temuco),190,52,68,22,30,18,17.0,22.0,0.0,0,1.0,32.0,11.0,107.0
2014,10,Hospital Dr. Hernán Henríquez Aravena (Temuco),177,40,44,21,42,30,14.0,18.0,0.0,0,3.0,23.0,19.0,100.0
2014,11,Hospital Dr. Hernán Henríquez Aravena (Temuco),348,94,106,84,38,26,43.0,40.0,0.0,0,2.0,16.0,15.0,232.0
2014,12,Hospital Dr. Hernán Henríquez Aravena (Temuco),420,67,186,98,43,26,71.0,35.0,0.0,0,8.0,19.0,20.0,267.0
2014,13,Hospital Dr. Hernán Henríquez Aravena (Temuco),351,11,186,74,61,19,44.0,38.0,0.0,0,4.0,26.0,17.0,222.0
2014,14,Hospital Dr. Hernán Henríquez Aravena (Temuco),319,14,175,60,48,22,80.0,21.0,0.0,0,5.0,18.0,15.0,180.0
2014,15,Hospital Dr. Hernán Henríquez Aravena (Temuco),380,24,195,74,67,20,69.0,36.0,0.0,0,6.0,25.0,16.0,228.0
2014,16,Hospital Dr. Hernán Henríquez Aravena (Temuco),333,14,153,86,50,30,60.0,40.0,0.0,0,4.0,20.0,21.0,188.0
2014,17,Hospital Dr. Hernán Henríquez Aravena (Temuco),355,17,186,70,58,24,65.0,42.0,0.0,0,4.0,26.0,22.0,196.0
2014,18,Hospital Dr. Hernán Henríquez Aravena (Temuco),356,13,200,80,36,27,52.0,45.0,0.0,0,5.0,30.0,26.0,198.0
2014,19,Hospital Dr. Hernán Henríquez Aravena (Temuco),359,19,191,77,44,28,56.0,39.0,0.0,0,6.0,35.0,24.0,199.0
2014,20,Hospital Dr. Hernán Henríquez Aravena (Temuco),410,15,223,105,50,17,51.0,36.0,0.0,0,1.0,43.0,23.0,256.0
2014,21,Hospital Dr. Hernán Henríquez Aravena (Temuco),469,29,254,106,54,26,70.0,40.0,0.0,0,6.0,32.0,44.0,277.0
2014,22,Hospital Dr. Hernán Henríquez Aravena (Temuco),527,21,279,136,61,30,73.0,45.0,0.0,0,17.0,53.0,44.0,295.0
2014,23,Hospital Dr. Hernán Henríquez Aravena (Temuco),567,34,275,161,65,32,89.0,46.0,0.0,0,27.0,47.0,52.0,306.0
2014,24,Hospital Dr. Hernán Henríquez Aravena (Temuco),609,39,306,173,58,33,89.0,59.0,0.0,0,26.0,45.0,47.0,343.0
2014,25,Hospital Dr. Hernán Henríquez Aravena (Temuco),744,29,354,259,58,44,93.0,71.0,0.0,0,83.0,73.0,54.0,370.0
2014,26,Hospital Dr. Hernán Henríquez Aravena (Temuco),719,42,344,218,64,51,119.0,49.0,0.0,0,72.0,65.0,67.0,347.0
2014,27,Hospital Dr. Hernán Henríquez Aravena (Temuco),707,31,344,213,72,47,96.0,84.0,0.0,0,113.0,61.0,69.0,284.0
2014,28,Hospital Dr. Hernán Henríquez Aravena (Temuco),681,49,352,169,56,55,98.0,93.0,0.0,0,66.0,63.0,92.0,269.0
2014,29,Hospital Dr. Hernán Henríquez Aravena (Temuco),625,89,339,111,47,39,120.0,90.0,0.0,0,27.0,76.0,103.0,209.0
2014,30,Hospital Dr. Hernán Henríquez Aravena (Temuco),532,89,284,67,50,42,148.0,44.0,0.0,0,11.0,47.0,97.0,185.0
2014,31,Hospital Dr. Hernán Henríquez Aravena (Temuco),389,66,197,50,43,33,108.0,24.0,0.0,0,1.0,13.0,68.0,175.0
2014,32,Hospital Dr. Hernán Henríquez Aravena (Temuco),520,79,271,84,46,40,83.0,104.0,0.0,0,15.0,45.0,66.0,207.0
2014,33,Hospital Dr. Hernán Henríquez Aravena (Temuco),641,104,355,103,41,38,112.0,117.0,0.0,0,8.0,54.0,98.0,252.0
2014,34,Hospital Dr. Hernán Henríquez Aravena (Temuco),616,129,296,121,36,34,104.0,104.0,0.0,0,13.0,47.0,90.0,258.0
2014,35,Hospital Dr. Hernán Henríquez Aravena (Temuco),590,114,286,122,30,38,108.0,89.0,0.0,0,12.0,53.0,91.0,237.0
2014,36,Hospital Dr. Hernán Henríquez Aravena (Temuco),532,98,235,121,30,48,85.0,89.0,0.0,0,7.0,49.0,82.0,220.0
2014,37,Hospital Dr. Hernán Henríquez Aravena (Temuco),440,85,196,85,41,33,90.0,62.0,0.0,0,13.0,40.0,67.0,168.0
2014,38,Hospital Dr. Hernán Henríquez Aravena (Temuco),448,84,200,82,47,35,77.0,70.0,0.0,0,3.0,49.0,56.0,193.0
2014,39,Hospital Dr. Hernán Henríquez Aravena (Temuco),421,101,162,81,40,37,65.0,69.0,0.0,0,6.0,46.0,64.0,171.0
2014,40,Hospital Dr. Hernán Henríquez Aravena (Temuco),367,63,148,83,35,38,47.0,54.0,0.0,0,8.0,40.0,45.0,173.0
2014,41,Hospital Dr. Hernán Henríquez Aravena (Temuco),440,83,182,112,37,26,70.0,56.0,0.0,0,3.0,45.0,56.0,210.0
2014,42,Hospital Dr. Hernán Henríquez Aravena (Temuco),371,56,144,110,36,25,51.0,54.0,0.0,0,2.0,41.0,30.0,193.0
2014,43,Hospital Dr. Hernán Henríquez Aravena (Temuco),385,64,157,110,27,27,71.0,49.0,0.0,0,2.0,26.0,37.0,200.0
2014,44,Hospital Dr. Hernán Henríquez Aravena (Temuco),388,78,145,107,25,33,63.0,40.0,0.0,0,3.0,30.0,31.0,221.0
2014,45,Hospital Dr. Hernán Henríquez Aravena (Temuco),353,61,131,104,27,30,76.0,21.0,0.0,0,2.0,52.0,27.0,175.0
2014,46,Hospital Dr. Hernán Henríquez Aravena (Temuco),370,72,138,97,35,28,66.0,35.0,0.0,0,3.0,38.0,42.0,186.0
2014,47,Hospital Dr. Hernán Henríquez Aravena (Temuco),353,58,149,94,35,17,60.0,28.0,0.0,0,5.0,22.0,51.0,187.0
2014,48,Hospital Dr. Hernán Henríquez Aravena (Temuco),373,67,158,91,41,16,47.0,57.0,0.0,0,0.0,38.0,35.0,196.0
2014,49,Hospital Dr. Hernán Henríquez Aravena (Temuco),351,77,139,88,26,21,42.0,46.0,0.0,0,0.0,48.0,42.0,173.0
2014,50,Hospital Dr. Hernán Henríquez Aravena (Temuco),347,68,126,91,36,26,42.0,47.0,0.0,0,4.0,49.0,38.0,167.0
2014,51,Hospital Dr. Hernán Henríquez Aravena (Temuco),334,59,136,75,36,28,24.0,48.0,0.0,0,5.0,55.0,41.0,161.0
2014,52,Hospital Dr. Hernán Henríquez Aravena (Temuco),322,54,141,72,27,28,34.0,49.0,0.0,0,3.0,28.0,44.0,164.0
2014,53,Hospital Dr. Hernán Henríquez Aravena (Temuco),163,37,66,29,16,15,21.0,31.0,0.0,0,0.0,13.0,12.0,86.0
2015,1,Hospital Dr. Hernán Henríquez Aravena (Temuco),231,70,79,31,24,27,23.0,34.0,0.0,0,1.0,41.0,13.0,119.0
2015,2,Hospital Dr. Hernán Henríquez Aravena (Temuco),158,37,54,22,25,20,10.0,12.0,0.0,0,3.0,26.0,17.0,90.0
2015,3,Hospital Dr. Hernán Henríquez Aravena (Temuco),162,48,42,29,19,24,17.0,14.0,0.0,0,1.0,8.0,27.0,95.0
2015,4,Hospital Dr. Hernán Henríquez Aravena (Temuco),193,49,63,39,25,17,22.0,10.0,0.0,0,1.0,13.0,22.0,125.0
2015,5,Hospital Dr. Hernán Henríquez Aravena (Temuco),172,46,46,31,24,25,20.0,16.0,0.0,0,0.0,19.0,22.0,95.0
2015,6,Hospital Dr. Hernán Henríquez Aravena (Temuco),164,45,47,20,35,17,29.0,9.0,0.0,0,2.0,16.0,28.0,80.0
2015,7,Hospital Dr. Hernán Henríquez Aravena (Temuco),142,44,33,21,32,12,27.0,15.0,0.0,0,1.0,17.0,8.0,74.0
2015,8,Hospital Dr. Hernán Henríquez Aravena (Temuco),140,32,41,24,22,21,14.0,10.0,0.0,0,0.0,16.0,15.0,85.0
2015,9,Hospital Dr. Hernán Henríquez Aravena (Temuco),161,36,43,32,29,21,23.0,15.0,0.0,0,4.0,12.0,23.0,84.0
2015,10,Hospital Dr. Hernán Henríquez Aravena (Temuco),230,64,81,40,23,22,40.0,20.0,0.0,0,2.0,14.0,24.0,130.0
2015,11,Hospital Dr. Hernán Henríquez Aravena (Temuco),339,100,111,77,30,21,57.0,15.0,0.0,0,4.0,23.0,30.0,210.0
2015,12,Hospital Dr. Hernán Henríquez Aravena (Temuco),351,108,118,71,29,25,53.0,15.0,0.0,0,3.0,16.0,27.0,237.0
2015,13,Hospital Dr. Hernán Henríquez Aravena (Temuco),329,105,116,60,23,25,66.0,13.0,0.0,0,0.0,15.0,37.0,198.0
2015,14,Hospital Dr. Hernán Henríquez Aravena (Temuco),338,89,136,58,27,28,52.0,22.0,0.0,0,4.0,41.0,34.0,185.0
2015,15,Hospital Dr. Hernán Henríquez Aravena (Temuco),335,88,137,63,21,26,80.0,20.0,0.0,0,1.0,13.0,34.0,187.0
2015,16,Hospital Dr. Hernán Henríquez Aravena (Temuco),389,88,159,83,32,27,82.0,27.0,0.0,0,1.0,18.0,28.0,233.0
2015,17,Hospital Dr. Hernán Henríquez Aravena (Temuco),420,85,200,86,21,28,75.0,21.0,0.0,0,7.0,24.0,38.0,255.0
2015,18,Hospital Dr. Hernán Henríquez Aravena (Temuco),364,90,167,68,23,16,74.0,21.0,0.0,0,0.0,26.0,25.0,218.0
2015,19,Hospital Dr. Hernán Henríquez Aravena (Temuco),410,86,210,65,25,24,91.0,22.0,0.0,0,2.0,28.0,26.0,241.0
2015,20,Hospital Dr. Hernán Henríquez Aravena (Temuco),359,94,168,51,23,23,66.0,15.0,0.0,0,1.0,18.0,36.0,223.0
2015,21,Hospital Dr. Hernán Henríquez Aravena (Temuco),337,95,129,55,27,31,53.0,14.0,0.0,0,1.0,31.0,32.0,206.0
2015,22,Hospital Dr. Hernán Henríquez Aravena (Temuco),330,75,150,56,22,27,55.0,16.0,0.0,0,0.0,22.0,37.0,200.0
2015,23,Hospital Dr. Hernán Henríquez Aravena (Temuco),293,77,112,46,30,28,42.0,19.0,0.0,0,2.0,17.0,51.0,162.0
2015,24,Hospital Dr. Hernán Henríquez Aravena (Temuco),346,78,158,55,34,21,88.0,14.0,0.0,0,1.0,18.0,32.0,193.0
2015,25,Hospital Dr. Hernán Henríquez Aravena (Temuco),384,84,164,82,25,29,99.0,30.0,0.0,0,1.0,21.0,38.0,195.0
2015,26,Hospital Dr. Hernán Henríquez Aravena (Temuco),362,102,151,47,35,27,95.0,27.0,0.0,0,2.0,18.0,44.0,176.0
2015,27,Hospital Dr. Hernán Henríquez Aravena (Temuco),390,108,177,50,28,27,106.0,24.0,0.0,0,1.0,17.0,75.0,167.0
2015,28,Hospital Dr. Hernán Henríquez Aravena (Temuco),449,145,191,47,39,27,155.0,17.0,0.0,0,1.0,16.0,114.0,146.0
2015,29,Hospital Dr. Hernán Henríquez Aravena (Temuco),387,153,131,32,41,30,106.0,25.0,0.0,0,2.0,18.0,83.0,153.0
2015,30,Hospital Dr. Hernán Henríquez Aravena (Temuco),308,110,112,26,31,29,86.0,14.0,0.0,0,0.0,25.0,65.0,118.0
2015,31,Hospital Dr. Hernán Henríquez Aravena (Temuco),347,84,141,54,40,28,99.0,23.0,0.0,0,2.0,16.0,55.0,152.0
2015,32,Hospital Dr. Hernán Henríquez Aravena (Temuco),521,125,209,107,46,34,164.0,37.0,0.0,0,6.0,19.0,97.0,198.0
2015,33,Hospital Dr. Hernán Henríquez Aravena (Temuco),572,154,216,110,53,39,158.0,22.0,0.0,0,7.0,30.0,96.0,259.0
2015,34,Hospital Dr. Hernán Henríquez Aravena (Temuco),514,147,177,107,50,33,125.0,21.0,0.0,0,17.0,25.0,99.0,227.0
2015,35,Hospital Dr. Hernán Henríquez Aravena (Temuco),522,140,184,101,49,48,135.0,17.0,0.0,0,17.0,28.0,114.0,211.0
2015,36,Hospital Dr. Hernán Henríquez Aravena (Temuco),480,114,181,102,37,46,108.0,19.0,0.0,0,13.0,23.0,110.0,207.0
2015,37,Hospital Dr. Hernán Henríquez Aravena (Temuco),411,108,135,68,59,41,99.0,23.0,0.0,0,12.0,20.0,86.0,171.0
2015,38,Hospital Dr. Hernán Henríquez Aravena (Temuco),417,111,110,89,59,48,83.0,13.0,0.0,0,12.0,35.0,80.0,194.0
2015,39,Hospital Dr. Hernán Henríquez Aravena (Temuco),433,100,160,86,38,49,83.0,19.0,0.0,0,9.0,38.0,60.0,224.0
2015,40,Hospital Dr. Hernán Henríquez Aravena (Temuco),435,81,176,89,53,36,85.0,20.0,0.0,0,17.0,23.0,70.0,220.0
2015,41,Hospital Dr. Hernán Henríquez Aravena (Temuco),392,92,134,69,53,44,76.0,27.0,0.0,0,16.0,22.0,77.0,174.0
2015,42,Hospital Dr. Hernán Henríquez Aravena (Temuco),336,93,107,70,34,32,62.0,24.0,0.0,0,15.0,22.0,59.0,154.0
2015,43,Hospital Dr. Hernán Henríquez Aravena (Temuco),346,81,120,76,35,34,59.0,23.0,0.0,0,9.0,28.0,53.0,174.0
2015,44,Hospital Dr. Hernán Henríquez Aravena (Temuco),338,86,137,63,25,27,73.0,16.0,0.0,0,4.0,15.0,43.0,187.0
2015,45,Hospital Dr. Hernán Henríquez Aravena (Temuco),363,77,132,93,32,29,58.0,19.0,0.0,0,7.0,30.0,54.0,195.0
2015,46,Hospital Dr. Hernán Henríquez Aravena (Temuco),309,84,111,57,21,36,41.0,25.0,0.0,0,2.0,28.0,41.0,172.0
2015,47,Hospital Dr. Hernán Henríquez Aravena (Temuco),339,92,113,89,21,24,39.0,24.0,0.0,0,0.0,21.0,36.0,219.0
2015,48,Hospital Dr. Hernán Henríquez Aravena (Temuco),342,83,124,78,19,38,62.0,28.0,0.0,0,2.0,14.0,42.0,194.0
2015,49,Hospital Dr. Hernán Henríquez Aravena (Temuco),295,64,114,65,30,22,54.0,17.0,0.0,0,0.0,17.0,41.0,166.0
2015,50,Hospital Dr. Hernán Henríquez Aravena (Temuco),274,70,111,52,18,23,56.0,15.0,0.0,0,1.0,15.0,42.0,145.0
2015,51,Hospital Dr. Hernán Henríquez Aravena (Temuco),231,57,89,36,27,22,58.0,8.0,0.0,0,2.0,13.0,39.0,111.0
2015,52,Hospital Dr. Hernán Henríquez Aravena (Temuco),155,41,54,19,24,17,24.0,10.0,0.0,0,1.0,15.0,20.0,85.0
2015,53,Hospital Dr. Hernán Henríquez Aravena (Temuco),89,22,37,15,7,8,7.0,10.0,0.0,0,0.0,19.0,13.0,40.0
2016,1,Hospital Dr. Hernán Henríquez Aravena (Temuco),188,57,68,28,13,22,21.0,9.0,0.0,0,2.0,13.0,23.0,120.0
2016,2,Hospital Dr. Hernán Henríquez Aravena (Temuco),153,44,46,23,21,19,17.0,7.0,0.0,0,1.0,17.0,18.0,93.0
2016,3,Hospital Dr. Hernán Henríquez Aravena (Temuco),131,31,42,21,16,21,15.0,2.0,0.0,0,0.0,11.0,28.0,75.0
2016,4,Hospital Dr. Hernán Henríquez Aravena (Temuco),104,31,36,16,9,12,10.0,8.0,0.0,0,0.0,10.0,12.0,64.0
2016,5,Hospital Dr. Hernán Henríquez Aravena (Temuco),127,27,36,20,19,25,12.0,8.0,0.0,0,1.0,18.0,26.0,62.0
2016,6,Hospital Dr. Hernán Henríquez Aravena (Temuco),139,36,39,23,26,15,21.0,5.0,0.0,0,3.0,14.0,16.0,80.0
2016,7,Hospital Dr. Hernán Henríquez Aravena (Temuco),132,40,36,21,21,14,19.0,8.0,0.0,0,0.0,8.0,16.0,81.0
2016,8,Hospital Dr. Hernán Henríquez Aravena (Temuco),117,27,30,28,13,19,12.0,9.0,0.0,0,0.0,11.0,15.0,70.0
2016,9,Hospital Dr. Hernán Henríquez Aravena (Temuco),124,29,29,28,23,15,12.0,8.0,0.0,0,0.0,19.0,13.0,72.0
2016,10,Hospital Dr. Hernán Henríquez Aravena (Temuco),185,50,67,33,19,16,23.0,21.0,0.0,0,1.0,22.0,10.0,108.0
2016,11,Hospital Dr. Hernán Henríquez Aravena (Temuco),257,81,76,54,28,18,33.0,21.0,0.0,0,3.0,21.0,22.0,157.0
2016,12,Hospital Dr. Hernán Henríquez Aravena (Temuco),265,71,95,45,24,30,33.0,22.0,0.0,0,2.0,20.0,26.0,162.0
2016,13,Hospital Dr. Hernán Henríquez Aravena (Temuco),256,80,89,44,22,21,38.0,17.0,0.0,0,1.0,18.0,34.0,148.0
2016,14,Hospital Dr. Hernán Henríquez Aravena (Temuco),266,71,103,50,24,18,32.0,18.0,0.0,0,1.0,10.0,22.0,183.0
2016,15,Hospital Dr. Hernán Henríquez Aravena (Temuco),244,63,91,49,22,19,42.0,17.0,0.0,0,1.0,14.0,21.0,149.0
2016,16,Hospital Dr. Hernán Henríquez Aravena (Temuco),238,65,92,46,16,19,43.0,16.0,0.0,0,0.0,18.0,20.0,141.0
2016,17,Hospital Dr. Hernán Henríquez Aravena (Temuco),258,67,96,52,22,21,41.0,9.0,0.0,0,1.0,18.0,27.0,162.0
2016,18,Hospital Dr. Hernán Henríquez Aravena (Temuco),283,61,116,73,17,16,56.0,6.0,0.0,0,3.0,16.0,18.0,184.0
2016,19,Hospital Dr. Hernán Henríquez Aravena (Temuco),326,83,141,70,22,10,57.0,12.0,0.0,0,0.0,24.0,42.0,191.0
2016,20,Hospital Dr. Hernán Henríquez Aravena (Temuco),367,101,143,83,14,26,77.0,19.0,0.0,0,4.0,20.0,37.0,210.0
2016,21,Hospital Dr. Hernán Henríquez Aravena (Temuco),410,97,195,69,21,28,78.0,17.0,0.0,0,6.0,31.0,58.0,220.0
2016,22,Hospital Dr. Hernán Henríquez Aravena (Temuco),426,130,187,76,15,18,107.0,22.0,0.0,0,2.0,20.0,61.0,214.0
2016,23,Hospital Dr. Hernán Henríquez Aravena (Temuco),511,141,241,74,24,31,132.0,16.0,0.0,0,1.0,32.0,85.0,245.0
2016,24,Hospital Dr. Hernán Henríquez Aravena (Temuco),498,139,210,96,21,32,147.0,20.0,0.0,0,7.0,24.0,79.0,221.0
2016,25,Hospital Dr. Hernán Henríquez Aravena (Temuco),521,127,235,87,37,35,160.0,20.0,0.0,0,8.0,30.0,108.0,195.0
2016,26,Hospital Dr. Hernán Henríquez Aravena (Temuco),423,136,138,76,26,47,121.0,32.0,0.0,0,3.0,18.0,86.0,163.0
2016,27,Hospital Dr. Hernán Henríquez Aravena (Temuco),408,109,150,75,32,42,85.0,12.0,0.0,0,14.0,31.0,82.0,184.0
2016,28,Hospital Dr. Hernán Henríquez Aravena (Temuco),379,119,147,53,25,35,99.0,16.0,0.0,0,3.0,21.0,79.0,161.0
2016,29,Hospital Dr. Hernán Henríquez Aravena (Temuco),409,136,132,63,37,41,108.0,15.0,0.0,0,7.0,34.0,84.0,161.0
2016,30,Hospital Dr. Hernán Henríquez Aravena (Temuco),331,100,105,56,37,33,70.0,7.0,0.0,0,9.0,30.0,58.0,157.0
2016,31,Hospital Dr. Hernán Henríquez Aravena (Temuco),285,86,82,71,22,24,65.0,13.0,0.0,0,11.0,16.0,37.0,143.0
2016,32,Hospital Dr. Hernán Henríquez Aravena (Temuco),415,94,146,106,31,38,63.0,16.0,0.0,0,15.0,31.0,67.0,223.0
2016,33,Hospital Dr. Hernán Henríquez Aravena (Temuco),379,94,152,72,36,25,72.0,16.0,0.0,0,11.0,32.0,71.0,177.0
2016,34,Hospital Dr. Hernán Henríquez Aravena (Temuco),361,103,129,80,23,26,68.0,13.0,0.0,0,6.0,20.0,64.0,190.0
2016,35,Hospital Dr. Hernán Henríquez Aravena (Temuco),418,109,156,102,22,29,72.0,17.0,0.0,0,11.0,33.0,57.0,228.0
2016,36,Hospital Dr. Hernán Henríquez Aravena (Temuco),388,85,163,73,34,33,64.0,26.0,0.0,0,9.0,24.0,52.0,213.0
2016,37,Hospital Dr. Hernán Henríquez Aravena (Temuco),347,75,130,81,19,42,57.0,19.0,0.0,0,10.0,31.0,66.0,164.0
2016,38,Hospital Dr. Hernán Henríquez Aravena (Temuco),357,105,138,58,24,32,67.0,16.0,0.0,0,1.0,29.0,48.0,196.0
2016,39,Hospital Dr. Hernán Henríquez Aravena (Temuco),367,87,146,71,30,33,67.0,18.0,0.0,0,9.0,31.0,61.0,181.0
2016,40,Hospital Dr. Hernán Henríquez Aravena (Temuco),350,91,141,60,27,31,77.0,9.0,0.0,0,5.0,38.0,55.0,166.0
2016,41,Hospital Dr. Hernán Henríquez Aravena (Temuco),335,87,134,52,29,33,60.0,16.0,0.0,0,3.0,33.0,50.0,173.0
2016,42,Hospital Dr. Hernán Henríquez Aravena (Temuco),356,97,151,59,22,27,73.0,10.0,0.0,0,1.0,25.0,55.0,192.0
2016,43,Hospital Dr. Hernán Henríquez Aravena (Temuco),356,105,155,52,18,26,71.0,21.0,0.0,0,4.0,28.0,53.0,179.0
2016,44,Hospital Dr. Hernán Henríquez Aravena (Temuco),294,89,115,51,17,22,50.0,15.0,0.0,0,0.0,18.0,45.0,166.0
2016,45,Hospital Dr. Hernán Henríquez Aravena (Temuco),289,88,118,37,20,26,62.0,8.0,0.0,0,1.0,23.0,43.0,152.0
2016,46,Hospital Dr. Hernán Henríquez Aravena (Temuco),238,61,96,46,17,18,42.0,15.0,0.0,0,0.0,17.0,25.0,139.0
2016,47,Hospital Dr. Hernán Henríquez Aravena (Temuco),226,50,92,44,18,22,28.0,13.0,0.0,0,0.0,17.0,33.0,135.0
2016,48,Hospital Dr. Hernán Henríquez Aravena (Temuco),254,63,108,47,14,22,30.0,6.0,0.0,0,1.0,21.0,29.0,167.0
2016,49,Hospital Dr. Hernán Henríquez Aravena (Temuco),236,74,89,37,17,19,30.0,10.0,0.0,0,1.0,11.0,36.0,148.0
2016,50,Hospital Dr. Hernán Henríquez Aravena (Temuco),279,59,121,62,18,19,39.0,13.0,0.0,0,0.0,13.0,30.0,184.0
2016,51,Hospital Dr. Hernán Henríquez Aravena (Temuco),208,51,79,28,31,19,23.0,14.0,0.0,0,1.0,12.0,35.0,123.0
2016,52,Hospital Dr. Hernán Henríquez Aravena (Temuco),260,76,98,37,24,25,42.0,10.0,0.0,0,0.0,16.0,42.0,150.0
2017,1,Hospital Dr. Hernán Henríquez Aravena (Temuco),208,56,67,34,22,29,36.0,10.0,0.0,0,0.0,24.0,32.0,106.0
2017,2,Hospital Dr. Hernán Henríquez Aravena (Temuco),145,37,50,16,22,20,18.0,8.0,0.0,0,1.0,17.0,18.0,83.0
2017,3,Hospital Dr. Hernán Henríquez Aravena (Temuco),119,37,35,10,13,24,15.0,5.0,0.0,0,0.0,20.0,22.0,57.0
2017,4,Hospital Dr. Hernán Henríquez Aravena (Temuco),107,30,43,11,15,8,6.0,9.0,0.0,0,0.0,10.0,20.0,62.0
2017,5,Hospital Dr. Hernán Henríquez Aravena (Temuco),123,37,37,14,19,16,11.0,3.0,0.0,0,1.0,17.0,21.0,70.0
2017,6,Hospital Dr. Hernán Henríquez Aravena (Temuco),91,32,25,11,14,9,14.0,2.0,0.0,0,0.0,8.0,17.0,50.0
2017,7,Hospital Dr. Hernán Henríquez Aravena (Temuco),103,31,29,20,12,11,11.0,5.0,0.0,0,0.0,13.0,13.0,61.0
2017,8,Hospital Dr. Hernán Henríquez Aravena (Temuco),107,33,34,8,8,24,12.0,1.0,0.0,0,0.0,21.0,12.0,61.0
2017,9,Hospital Dr. Hernán Henríquez Aravena (Temuco),113,32,31,16,17,17,12.0,8.0,0.0,0,0.0,14.0,11.0,68.0
2017,10,Hospital Dr. Hernán Henríquez Aravena (Temuco),155,36,49,34,22,14,28.0,21.0,0.0,0,2.0,15.0,11.0,78.0
2017,11,Hospital Dr. Hernán Henríquez Aravena (Temuco),275,91,102,46,21,15,32.0,30.0,0.0,0,0.0,16.0,16.0,181.0
2017,12,Hospital Dr. Hernán Henríquez Aravena (Temuco),313,96,110,55,24,28,47.0,18.0,0.0,0,3.0,29.0,26.0,190.0
2017,13,Hospital Dr. Hernán Henríquez Aravena (Temuco),277,72,115,39,24,27,32.0,13.0,0.0,0,1.0,24.0,26.0,181.0
2017,14,Hospital Dr. Hernán Henríquez Aravena (Temuco),249,61,97,41,29,21,42.0,24.0,0.0,0,1.0,24.0,26.0,132.0
2017,15,Hospital Dr. Hernán Henríquez Aravena (Temuco),288,71,132,40,17,28,39.0,14.0,0.0,0,2.0,21.0,37.0,175.0
2017,16,Hospital Dr. Hernán Henríquez Aravena (Temuco),291,76,125,50,21,19,41.0,13.0,0.0,0,5.0,15.0,26.0,191.0
2017,17,Hospital Dr. Hernán Henríquez Aravena (Temuco),298,65,135,43,30,25,51.0,7.0,0.0,0,2.0,28.0,32.0,178.0
2017,18,Hospital Dr. Hernán Henríquez Aravena (Temuco),292,65,140,45,23,19,45.0,15.0,0.0,0,6.0,25.0,23.0,178.0
2017,19,Hospital Dr. Hernán Henríquez Aravena (Temuco),342,76,160,63,22,21,59.0,11.0,0.0,0,4.0,26.0,36.0,206.0
2017,20,Hospital Dr. Hernán Henríquez Aravena (Temuco),322,77,166,48,18,13,60.0,15.0,0.0,0,4.0,11.0,37.0,195.0
2017,21,Hospital Dr. Hernán Henríquez Aravena (Temuco),343,85,140,68,27,23,68.0,20.0,0.0,0,2.0,25.0,37.0,191.0
2017,22,Hospital Dr. Hernán Henríquez Aravena (Temuco),401,94,171,83,32,21,72.0,18.0,0.0,0,12.0,25.0,33.0,241.0
2017,23,Hospital Dr. Hernán Henríquez Aravena (Temuco),474,101,204,95,37,37,85.0,27.0,0.0,0,13.0,26.0,59.0,264.0
2017,24,Hospital Dr. Hernán Henríquez Aravena (Temuco),415,86,182,79,30,38,90.0,29.0,0.0,0,10.0,13.0,54.0,219.0
2017,25,Hospital Dr. Hernán Henríquez Aravena (Temuco),505,108,200,97,44,56,112.0,18.0,0.0,0,18.0,49.0,84.0,224.0
2017,26,Hospital Dr. Hernán Henríquez Aravena (Temuco),453,101,217,64,31,40,120.0,16.0,0.0,0,11.0,31.0,123.0,152.0
2017,27,Hospital Dr. Hernán Henríquez Aravena (Temuco),442,123,211,45,28,35,120.0,21.0,0.0,0,8.0,26.0,125.0,142.0
2017,28,Hospital Dr. Hernán Henríquez Aravena (Temuco),456,138,211,44,31,32,123.0,20.0,0.0,0,3.0,43.0,96.0,171.0
2017,29,Hospital Dr. Hernán Henríquez Aravena (Temuco),409,129,177,36,34,33,119.0,26.0,0.0,0,5.0,28.0,76.0,155.0
2017,30,Hospital Dr. Hernán Henríquez Aravena (Temuco),373,148,130,32,27,36,112.0,15.0,0.0,0,2.0,32.0,87.0,125.0
2017,31,Hospital Dr. Hernán Henríquez Aravena (Temuco),277,100,101,21,22,33,60.0,6.0,0.0,0,3.0,28.0,60.0,120.0
2017,32,Hospital Dr. Hernán Henríquez Aravena (Temuco),300,84,122,36,30,28,63.0,16.0,0.0,0,1.0,32.0,56.0,132.0
2017,33,Hospital Dr. Hernán Henríquez Aravena (Temuco),309,95,128,45,20,21,72.0,14.0,0.0,0,3.0,32.0,51.0,137.0
2017,34,Hospital Dr. Hernán Henríquez Aravena (Temuco),316,91,120,50,23,32,67.0,20.0,0.0,0,3.0,33.0,48.0,145.0
2017,35,Hospital Dr. Hernán Henríquez Aravena (Temuco),338,82,136,65,20,35,72.0,29.0,0.0,0,3.0,26.0,54.0,154.0
2017,36,Hospital Dr. Hernán Henríquez Aravena (Temuco),321,98,110,71,19,23,70.0,25.0,0.0,0,1.0,28.0,53.0,144.0
2017,37,Hospital Dr. Hernán Henríquez Aravena (Temuco),287,79,100,55,28,25,66.0,23.0,0.0,0,1.0,19.0,40.0,138.0
2017,38,Hospital Dr. Hernán Henríquez Aravena (Temuco),319,97,116,49,27,30,90.0,8.0,0.0,0,2.0,32.0,49.0,138.0
2017,39,Hospital Dr. Hernán Henríquez Aravena (Temuco),260,78,94,33,20,35,56.0,12.0,0.0,0,2.0,19.0,47.0,124.0
2017,40,Hospital Dr. Hernán Henríquez Aravena (Temuco),264,67,109,40,22,26,41.0,9.0,0.0,0,2.0,20.0,43.0,149.0
2017,41,Hospital Dr. Hernán Henríquez Aravena (Temuco),297,78,101,65,22,31,54.0,20.0,0.0,0,1.0,26.0,39.0,157.0
2017,42,Hospital Dr. Hernán Henríquez Aravena (Temuco),281,61,113,50,26,31,53.0,17.0,0.0,0,2.0,22.0,48.0,139.0
2017,43,Hospital Dr. Hernán Henríquez Aravena (Temuco),271,67,106,52,20,26,42.0,13.0,0.0,0,1.0,16.0,39.0,160.0
2017,44,Hospital Dr. Hernán Henríquez Aravena (Temuco),294,73,122,55,17,27,45.0,14.0,0.0,0,2.0,29.0,33.0,171.0
2017,45,Hospital Dr. Hernán Henríquez Aravena (Temuco),279,73,100,69,20,17,33.0,13.0,0.0,0,6.0,25.0,35.0,167.0
2017,46,Hospital Dr. Hernán Henríquez Aravena (Temuco),323,83,136,57,27,20,57.0,18.0,0.0,0,2.0,24.0,46.0,176.0
2017,47,Hospital Dr. Hernán Henríquez Aravena (Temuco),269,86,96,47,13,27,42.0,12.0,0.0,0,2.0,20.0,46.0,147.0
2017,48,Hospital Dr. Hernán Henríquez Aravena (Temuco),286,69,113,54,23,27,55.0,18.0,0.0,0,0.0,21.0,28.0,164.0
2017,49,Hospital Dr. Hernán Henríquez Aravena (Temuco),250,71,82,45,24,28,49.0,10.0,0.0,0,3.0,20.0,32.0,136.0
2017,50,Hospital Dr. Hernán Henríquez Aravena (Temuco),269,58,111,48,26,26,46.0,15.0,0.0,0,2.0,27.0,36.0,143.0
2017,51,Hospital Dr. Hernán Henríquez Aravena (Temuco),227,67,98,25,12,25,41.0,6.0,0.0,0,0.0,18.0,34.0,128.0
2017,52,Hospital Dr. Hernán Henríquez Aravena (Temuco),223,59,82,30,24,28,46.0,13.0,0.0,0,4.0,16.0,38.0,106.0
2018,1,Hospital Dr. Hernán Henríquez Aravena (Temuco),220,59,73,39,25,24,26.0,14.0,0.0,0,0.0,25.0,30.0,125.0
2018,2,Hospital Dr. Hernán Henríquez Aravena (Temuco),218,67,70,24,29,28,36.0,8.0,0.0,0,1.0,30.0,35.0,108.0
2018,3,Hospital Dr. Hernán Henríquez Aravena (Temuco),133,30,46,17,27,13,13.0,6.0,0.0,0,2.0,16.0,31.0,65.0
2018,4,Hospital Dr. Hernán Henríquez Aravena (Temuco),142,38,53,23,16,12,21.0,4.0,0.0,0,0.0,10.0,23.0,84.0
2018,5,Hospital Dr. Hernán Henríquez Aravena (Temuco),95,24,32,12,13,14,8.0,2.0,0.0,0,2.0,16.0,21.0,46.0
2018,6,Hospital Dr. Hernán Henríquez Aravena (Temuco),112,35,34,14,13,16,13.0,3.0,0.0,0,1.0,15.0,30.0,50.0
2018,7,Hospital Dr. Hernán Henríquez Aravena (Temuco),104,31,27,17,13,16,12.0,9.0,0.0,0,0.0,10.0,14.0,59.0
2018,8,Hospital Dr. Hernán Henríquez Aravena (Temuco),130,34,30,28,18,20,14.0,9.0,0.0,0,0.0,13.0,17.0,77.0
2018,9,Hospital Dr. Hernán Henríquez Aravena (Temuco),114,37,37,13,14,13,11.0,6.0,0.0,0,0.0,17.0,11.0,69.0
2018,10,Hospital Dr. Hernán Henríquez Aravena (Temuco),147,46,43,26,18,14,17.0,12.0,0.0,0,0.0,12.0,16.0,90.0
2018,11,Hospital Dr. Hernán Henríquez Aravena (Temuco),293,69,101,83,22,18,41.0,38.0,0.0,0,2.0,15.0,30.0,167.0
2018,12,Hospital Dr. Hernán Henríquez Aravena (Temuco),310,96,93,71,27,23,45.0,28.0,0.0,0,3.0,27.0,31.0,176.0
2018,13,Hospital Dr. Hernán Henríquez Aravena (Temuco),270,76,110,45,19,20,47.0,12.0,0.0,0,3.0,19.0,39.0,150.0
2018,14,Hospital Dr. Hernán Henríquez Aravena (Temuco),246,80,84,29,29,24,43.0,7.0,0.0,0,1.0,19.0,43.0,133.0
2018,15,Hospital Dr. Hernán Henríquez Aravena (Temuco),253,63,95,40,27,28,47.0,16.0,0.0,0,2.0,32.0,31.0,125.0
2018,16,Hospital Dr. Hernán Henríquez Aravena (Temuco),317,82,142,46,27,20,74.0,16.0,0.0,0,1.0,24.0,43.0,159.0
2018,17,Hospital Dr. Hernán Henríquez Aravena (Temuco),298,85,142,36,20,15,42.0,18.0,0.0,0,1.0,21.0,29.0,187.0
2018,18,Hospital Dr. Hernán Henríquez Aravena (Temuco),294,81,113,53,20,27,41.0,18.0,0.0,0,0.0,25.0,38.0,172.0
2018,19,Hospital Dr. Hernán Henríquez Aravena (Temuco),229,38,131,31,18,11,50.0,11.0,0.0,0,2.0,18.0,25.0,123.0
2018,20,Hospital Dr. Hernán Henríquez Aravena (Temuco),317,80,150,49,20,18,69.0,15.0,0.0,0,0.0,26.0,39.0,168.0
2018,21,Hospital Dr. Hernán Henríquez Aravena (Temuco),356,103,152,59,24,18,77.0,31.0,0.0,0,3.0,24.0,38.0,183.0
2018,22,Hospital Dr. Hernán Henríquez Aravena (Temuco),629,387,164,31,21,26,71.0,13.0,0.0,0,1.0,25.0,58.0,461.0
2018,23,Hospital Dr. Hernán Henríquez Aravena (Temuco),362,77,182,56,24,23,69.0,16.0,0.0,0,1.0,33.0,62.0,181.0
2018,24,Hospital Dr. Hernán Henríquez Aravena (Temuco),363,93,159,66,24,21,90.0,23.0,0.0,0,3.0,19.0,69.0,159.0
2018,25,Hospital Dr. Hernán Henríquez Aravena (Temuco),426,124,199,49,32,22,105.0,16.0,0.0,0,11.0,21.0,95.0,178.0
2018,26,Hospital Dr. Hernán Henríquez Aravena (Temuco),466,116,237,56,27,30,145.0,16.0,0.0,0,8.0,27.0,110.0,160.0
2018,27,Hospital Dr. Hernán Henríquez Aravena (Temuco),453,136,197,54,35,31,120.0,22.0,0.0,0,1.0,36.0,118.0,156.0
2018,28,Hospital Dr. Hernán Henríquez Aravena (Temuco),498,164,200,69,34,31,133.0,16.0,0.0,0,5.0,39.0,125.0,180.0
2018,29,Hospital Dr. Hernán Henríquez Aravena (Temuco),438,146,164,60,33,35,95.0,12.0,0.0,0,8.0,52.0,94.0,177.0
2018,30,Hospital Dr. Hernán Henríquez Aravena (Temuco),357,113,129,40,31,44,86.0,9.0,0.0,0,8.0,30.0,87.0,137.0
2018,31,Hospital Dr. Hernán Henríquez Aravena (Temuco),267,85,87,28,33,34,55.0,9.0,0.0,0,8.0,27.0,49.0,119.0
2018,32,Hospital Dr. Hernán Henríquez Aravena (Temuco),353,71,135,59,36,52,70.0,14.0,0.0,0,8.0,42.0,70.0,149.0
2018,33,Hospital Dr. Hernán Henríquez Aravena (Temuco),434,85,161,102,49,37,75.0,33.0,0.0,0,9.0,28.0,87.0,202.0
2018,34,Hospital Dr. Hernán Henríquez Aravena (Temuco),392,90,148,80,35,39,75.0,23.0,0.0,0,10.0,29.0,69.0,186.0
2018,35,Hospital Dr. Hernán Henríquez Aravena (Temuco),382,68,138,104,24,48,67.0,42.0,0.0,0,10.0,35.0,59.0,169.0
2018,36,Hospital Dr. Hernán Henríquez Aravena (Temuco),373,88,142,79,26,38,82.0,26.0,0.0,0,10.0,26.0,69.0,160.0
2018,37,Hospital Dr. Hernán Henríquez Aravena (Temuco),373,77,135,86,38,37,66.0,16.0,0.0,0,9.0,33.0,69.0,180.0
2018,38,Hospital Dr. Hernán Henríquez Aravena (Temuco),392,97,128,83,45,39,93.0,23.0,0.0,0,3.0,23.0,97.0,153.0
2018,39,Hospital Dr. Hernán Henríquez Aravena (Temuco),274,70,98,45,30,31,47.0,8.0,0.0,0,2.0,22.0,53.0,142.0
2018,40,Hospital Dr. Hernán Henríquez Aravena (Temuco),287,53,106,60,30,38,64.0,30.0,0.0,0,6.0,20.0,47.0,120.0
2018,41,Hospital Dr. Hernán Henríquez Aravena (Temuco),269,48,115,56,19,31,56.0,19.0,0.0,0,4.0,25.0,38.0,127.0
2018,42,Hospital Dr. Hernán Henríquez Aravena (Temuco),240,48,90,47,30,25,40.0,29.0,0.0,0,0.0,19.0,37.0,115.0
2018,43,Hospital Dr. Hernán Henríquez Aravena (Temuco),268,52,116,49,26,25,47.0,20.0,0.0,0,3.0,16.0,41.0,141.0
2018,44,Hospital Dr. Hernán Henríquez Aravena (Temuco),236,60,80,48,22,26,43.0,24.0,0.0,0,4.0,17.0,38.0,110.0
2018,45,Hospital Dr. Hernán Henríquez Aravena (Temuco),266,68,107,40,24,27,45.0,21.0,0.0,0,1.0,23.0,31.0,145.0
2018,46,Hospital Dr. Hernán Henríquez Aravena (Temuco),248,49,90,63,21,25,36.0,18.0,0.0,0,5.0,8.0,42.0,139.0
2018,47,Hospital Dr. Hernán Henríquez Aravena (Temuco),235,58,81,63,19,14,38.0,13.0,0.0,0,1.0,16.0,33.0,134.0
2018,48,Hospital Dr. Hernán Henríquez Aravena (Temuco),247,51,92,48,30,26,39.0,13.0,0.0,0,1.0,28.0,30.0,136.0
2018,49,Hospital Dr. Hernán Henríquez Aravena (Temuco),212,47,74,57,20,14,34.0,10.0,0.0,0,2.0,16.0,20.0,130.0
2018,50,Hospital Dr. Hernán Henríquez Aravena (Temuco),191,42,67,36,18,28,29.0,18.0,0.0,0,2.0,21.0,37.0,84.0
2018,51,Hospital Dr. Hernán Henríquez Aravena (Temuco),188,38,70,35,25,20,23.0,10.0,0.0,0,0.0,25.0,26.0,104.0
2018,52,Hospital Dr. Hernán Henríquez Aravena (Temuco),175,46,49,35,20,25,24.0,7.0,0.0,0,0.0,21.0,36.0,87.0
2019,1,Hospital Dr. Hernán Henríquez Aravena (Temuco),221,61,70,37,29,24,28.0,11.0,0.0,0,1.0,21.0,42.0,118.0
2019,2,Hospital Dr. Hernán Henríquez Aravena (Temuco),165,35,50,26,32,22,26.0,6.0,0.0,0,2.0,23.0,21.0,87.0
2019,3,Hospital Dr. Hernán Henríquez Aravena (Temuco),116,27,31,21,18,19,12.0,6.0,0.0,0,1.0,17.0,25.0,55.0
2019,4,Hospital Dr. Hernán Henríquez Aravena (Temuco),120,33,31,12,19,25,18.0,10.0,0.0,0,1.0,15.0,24.0,52.0
2019,5,Hospital Dr. Hernán Henríquez Aravena (Temuco),90,21,26,14,15,14,7.0,9.0,0.0,0,0.0,14.0,12.0,48.0
2019,6,Hospital Dr. Hernán Henríquez Aravena (Temuco),90,16,20,13,21,20,4.0,7.0,0.0,0,2.0,16.0,19.0,42.0
2019,7,Hospital Dr. Hernán Henríquez Aravena (Temuco),112,35,27,11,11,28,12.0,11.0,0.0,0,0.0,13.0,20.0,56.0
2019,8,Hospital Dr. Hernán Henríquez Aravena (Temuco),108,20,35,12,22,19,7.0,10.0,0.0,0,0.0,14.0,16.0,61.0
2019,9,Hospital Dr. Hernán Henríquez Aravena (Temuco),93,28,19,15,20,11,10.0,9.0,0.0,0,0.0,12.0,12.0,50.0
2019,10,Hospital Dr. Hernán Henríquez Aravena (Temuco),124,43,29,15,16,21,19.0,7.0,0.0,0,0.0,11.0,22.0,65.0
2019,11,Hospital Dr. Hernán Henríquez Aravena (Temuco),191,52,55,44,12,28,26.0,25.0,0.0,0,0.0,9.0,34.0,97.0
2019,12,Hospital Dr. Hernán Henríquez Aravena (Temuco),204,76,70,32,7,19,23.0,13.0,0.0,0,3.0,13.0,22.0,130.0
2019,13,Hospital Dr. Hernán Henríquez Aravena (Temuco),223,67,83,41,19,13,29.0,17.0,0.0,0,0.0,14.0,23.0,140.0
2019,14,Hospital Dr. Hernán Henríquez Aravena (Temuco),195,66,61,30,29,9,32.0,13.0,0.0,0,0.0,12.0,32.0,106.0
2019,15,Hospital Dr. Hernán Henríquez Aravena (Temuco),208,52,88,35,15,18,27.0,10.0,0.0,0,1.0,3.0,29.0,138.0
2019,16,Hospital Dr. Hernán Henríquez Aravena (Temuco),195,55,83,27,16,14,31.0,9.0,0.0,0,1.0,11.0,24.0,119.0
2019,17,Hospital Dr. Hernán Henríquez Aravena (Temuco),254,66,104,49,18,17,40.0,12.0,0.0,0,0.0,15.0,38.0,149.0
2019,18,Hospital Dr. Hernán Henríquez Aravena (Temuco),306,80,124,60,24,18,56.0,13.0,0.0,0,4.0,18.0,37.0,178.0
2019,19,Hospital Dr. Hernán Henríquez Aravena (Temuco),324,73,136,70,25,20,60.0,13.0,0.0,0,8.0,12.0,42.0,189.0
2019,20,Hospital Dr. Hernán Henríquez Aravena (Temuco),423,94,146,145,26,12,55.0,13.0,0.0,0,23.0,15.0,53.0,264.0
2019,21,Hospital Dr. Hernán Henríquez Aravena (Temuco),406,94,164,101,33,14,81.0,14.0,0.0,0,8.0,12.0,47.0,244.0
2019,22,Hospital Dr. Hernán Henríquez Aravena (Temuco),369,77,146,85,39,22,78.0,17.0,0.0,0,10.0,14.0,58.0,192.0
2019,23,Hospital Dr. Hernán Henríquez Aravena (Temuco),460,97,186,107,44,26,73.0,20.0,0.0,0,17.0,13.0,74.0,263.0
2019,24,Hospital Dr. Hernán Henríquez Aravena (Temuco),471,117,219,93,23,19,94.0,12.0,0.0,0,16.0,17.0,78.0,254.0
2019,25,Hospital Dr. Hernán Henríquez Aravena (Temuco),427,113,190,75,26,23,96.0,14.0,0.0,0,9.0,11.0,101.0,196.0
2019,26,Hospital Dr. Hernán Henríquez Aravena (Temuco),389,124,159,56,32,18,106.0,15.0,0.0,0,7.0,14.0,65.0,182.0
2019,27,Hospital Dr. Hernán Henríquez Aravena (Temuco),366,109,153,56,30,18,92.0,10.0,0.0,0,10.0,24.0,64.0,166.0
2019,28,Hospital Dr. Hernán Henríquez Aravena (Temuco),366,111,162,54,18,21,88.0,5.0,0.0,0,4.0,15.0,79.0,175.0
2019,29,Hospital Dr. Hernán Henríquez Aravena (Temuco),352,114,156,28,32,22,68.0,15.0,0.0,0,1.0,16.0,85.0,167.0
2019,30,Hospital Dr. Hernán Henríquez Aravena (Temuco),235,79,88,38,18,12,45.0,8.0,0.0,0,1.0,12.0,56.0,113.0
2019,31,Hospital Dr. Hernán Henríquez Aravena (Temuco),173,48,69,29,11,16,34.0,5.0,0.0,0,3.0,12.0,37.0,82.0
2019,32,Hospital Dr. Hernán Henríquez Aravena (Temuco),222,63,103,29,10,17,54.0,11.0,0.0,0,2.0,10.0,31.0,114.0
2019,33,Hospital Dr. Hernán Henríquez Aravena (Temuco),281,65,121,56,22,17,49.0,30.0,0.0,0,2.0,15.0,46.0,139.0
2019,34,Hospital Dr. Hernán Henríquez Aravena (Temuco),359,87,132,90,26,24,94.0,35.0,0.0,0,4.0,18.0,65.0,143.0
2019,35,Hospital Dr. Hernán Henríquez Aravena (Temuco),342,95,127,88,12,20,86.0,22.0,0.0,0,8.0,10.0,66.0,150.0
2019,36,Hospital Dr. Hernán Henríquez Aravena (Temuco),339,91,134,74,19,21,79.0,14.0,0.0,0,7.0,17.0,73.0,149.0
2019,37,Hospital Dr. Hernán Henríquez Aravena (Temuco),365,84,108,105,38,30,60.0,19.0,0.0,0,21.0,26.0,77.0,162.0
2019,38,Hospital Dr. Hernán Henríquez Aravena (Temuco),349,85,119,82,37,26,43.0,23.0,0.0,0,14.0,11.0,79.0,179.0
2019,39,Hospital Dr. Hernán Henríquez Aravena (Temuco),301,86,84,66,36,29,53.0,19.0,0.0,0,15.0,13.0,72.0,129.0
2019,40,Hospital Dr. Hernán Henríquez Aravena (Temuco),272,69,85,70,20,28,39.0,25.0,0.0,0,8.0,14.0,51.0,135.0
2019,41,Hospital Dr. Hernán Henríquez Aravena (Temuco),353,68,120,103,31,31,46.0,16.0,0.0,0,11.0,20.0,54.0,206.0
2019,42,Hospital Dr. Hernán Henríquez Aravena (Temuco),265,60,89,80,23,13,45.0,20.0,0.0,0,4.0,18.0,36.0,142.0
2019,43,Hospital Dr. Hernán Henríquez Aravena (Temuco),221,56,94,37,10,24,47.0,12.0,0.0,0,2.0,11.0,49.0,100.0
2019,44,Hospital Dr. Hernán Henríquez Aravena (Temuco),212,102,52,26,14,18,41.0,16.0,0.0,0,1.0,10.0,37.0,107.0
2019,45,Hospital Dr. Hernán Henríquez Aravena (Temuco),200,51,57,39,28,25,33.0,10.0,0.0,0,7.0,12.0,33.0,105.0
2019,46,Hospital Dr. Hernán Henríquez Aravena (Temuco),161,47,57,33,14,10,32.0,7.0,0.0,0,1.0,8.0,28.0,85.0
2019,47,Hospital Dr. Hernán Henríquez Aravena (Temuco),215,60,70,46,23,16,46.0,20.0,0.0,0,0.0,12.0,30.0,107.0
2019,48,Hospital Dr. Hernán Henríquez Aravena (Temuco),213,55,73,47,24,14,32.0,19.0,0.0,0,0.0,16.0,42.0,104.0
2019,49,Hospital Dr. Hernán Henríquez Aravena (Temuco),257,52,104,56,27,18,35.0,24.0,0.0,0,2.0,22.0,46.0,128.0
2019,50,Hospital Dr. Hernán Henríquez Aravena (Temuco),386,193,100,55,17,21,48.0,18.0,0.0,0,3.0,7.0,34.0,276.0
2019,51,Hospital Dr. Hernán Henríquez Aravena (Temuco),224,62,87,33,23,19,29.0,17.0,0.0,0,2.0,21.0,34.0,121.0
2019,52,Hospital Dr. Hernán Henríquez Aravena (Temuco),201,65,71,31,19,15,27.0,9.0,0.0,0,1.0,11.0,34.0,119.0
2020,1,Hospital Dr. Hernán Henríquez Aravena (Temuco),99,30,38,7,15,9,6.0,8.0,0.0,0,1.0,7.0,24.0,53.0
2020,2,Hospital Dr. Hernán Henríquez Aravena (Temuco),144,26,53,19,26,20,17.0,7.0,0.0,0,0.0,15.0,25.0,80.0
2020,3,Hospital Dr. Hernán Henríquez Aravena (Temuco),125,38,48,11,16,12,17.0,3.0,0.0,0,1.0,12.0,18.0,74.0
2020,4,Hospital Dr. Hernán Henríquez Aravena (Temuco),118,32,28,18,22,18,8.0,3.0,0.0,0,0.0,17.0,15.0,75.0
2020,5,Hospital Dr. Hernán Henríquez Aravena (Temuco),105,31,41,11,15,7,16.0,6.0,0.0,0,1.0,8.0,10.0,64.0
2020,6,Hospital Dr. Hernán Henríquez Aravena (Temuco),118,37,37,7,19,18,17.0,6.0,0.0,0,0.0,9.0,14.0,72.0
2020,7,Hospital Dr. Hernán Henríquez Aravena (Temuco),98,23,28,12,17,18,12.0,7.0,0.0,0,0.0,10.0,14.0,55.0
2020,8,Hospital Dr. Hernán Henríquez Aravena (Temuco),110,36,27,14,17,16,11.0,6.0,0.0,0,1.0,8.0,20.0,64.0
2020,9,Hospital Dr. Hernán Henríquez Aravena (Temuco),103,25,30,14,21,13,9.0,7.0,0.0,0,0.0,10.0,20.0,57.0
2020,10,Hospital Dr. Hernán Henríquez Aravena (Temuco),132,35,41,16,23,17,16.0,10.0,0.0,0,2.0,5.0,16.0,83.0
2020,11,Hospital Dr. Hernán Henríquez Aravena (Temuco),189,44,66,47,26,6,23.0,18.0,0.0,0,1.0,10.0,14.0,123.0
2020,12,Hospital Dr. Hernán Henríquez Aravena (Temuco),170,28,56,29,47,10,24.0,9.0,0.0,0,3.0,11.0,13.0,110.0
2020,13,Hospital Dr. Hernán Henríquez Aravena (Temuco),100,11,14,10,54,11,8.0,8.0,0.0,0,2.0,8.0,16.0,58.0
2020,14,Hospital Dr. Hernán Henríquez Aravena (Temuco),68,9,7,3,44,5,12.0,1.0,0.0,0,0.0,9.0,11.0,35.0
2020,15,Hospital Dr. Hernán Henríquez Aravena (Temuco),57,4,2,2,35,14,5.0,7.0,0.0,0,0.0,7.0,12.0,26.0
2020,16,Hospital Dr. Hernán Henríquez Aravena (Temuco),50,2,6,3,30,9,5.0,1.0,0.0,0,1.0,2.0,7.0,34.0
2020,17,Hospital Dr. Hernán Henríquez Aravena (Temuco),42,6,3,3,26,4,8.0,3.0,0.0,0,0.0,7.0,4.0,20.0
2020,18,Hospital Dr. Hernán Henríquez Aravena (Temuco),37,2,5,3,20,7,4.0,3.0,3.0,0,0.0,4.0,1.0,22.0
2020,19,Hospital Dr. Hernán Henríquez Aravena (Temuco),34,2,5,1,20,6,5.0,1.0,0.0,0,0.0,4.0,5.0,19.0
2020,20,Hospital Dr. Hernán Henríquez Aravena (Temuco),29,3,0,2,20,4,2.0,3.0,0.0,0,0.0,9.0,2.0,13.0
2020,21,Hospital Dr. Hernán Henríquez Aravena (Temuco),35,6,6,3,17,3,3.0,1.0,0.0,0,1.0,4.0,5.0,21.0
2020,22,Hospital Dr. Hernán Henríquez Aravena (Temuco),30,2,5,6,12,5,2.0,4.0,0.0,0,0.0,4.0,2.0,18.0
2020,23,Hospital Dr. Hernán Henríquez Aravena (Temuco),23,2,2,0,14,5,0.0,0.0,0.0,0,0.0,8.0,4.0,11.0
2020,24,Hospital Dr. Hernán Henríquez Aravena (Temuco),24,3,1,5,10,5,2.0,3.0,0.0,0,0.0,7.0,2.0,10.0
2020,25,Hospital Dr. Hernán Henríquez Aravena (Temuco),28,4,5,6,9,4,3.0,1.0,0.0,0,0.0,4.0,5.0,15.0
2020,26,Hospital Dr. Hernán Henríquez Aravena (Temuco),32,6,3,7,11,5,2.0,0.0,0.0,0,0.0,5.0,7.0,18.0
2020,27,Hospital Dr. Hernán Henríquez Aravena (Temuco),30,2,5,3,14,6,1.0,6.0,0.0,0,0.0,6.0,6.0,11.0
2020,28,Hospital Dr. Hernán Henríquez Aravena (Temuco),31,9,3,1,12,6,1.0,1.0,0.0,0,0.0,4.0,2.0,23.0
2020,29,Hospital Dr. Hernán Henríquez Aravena (Temuco),26,2,3,6,11,4,0.0,3.0,0.0,0,1.0,6.0,1.0,15.0
2020,30,Hospital Dr. Hernán Henríquez Aravena (Temuco),22,1,4,5,6,6,0.0,4.0,0.0,0,0.0,6.0,2.0,10.0
2020,31,Hospital Dr. Hernán Henríquez Aravena (Temuco),28,5,4,8,7,4,0.0,2.0,0.0,0,0.0,5.0,6.0,15.0
2020,32,Hospital Dr. Hernán Henríquez Aravena (Temuco),24,2,1,5,10,6,1.0,4.0,0.0,0,0.0,6.0,1.0,12.0
2020,33,Hospital Dr. Hernán Henríquez Aravena (Temuco),19,3,2,0,8,6,0.0,2.0,0.0,0,0.0,3.0,4.0,10.0
2020,34,Hospital Dr. Hernán Henríquez Aravena (Temuco),34,6,7,3,15,3,1.0,4.0,0.0,0,0.0,5.0,2.0,22.0
2020,35,Hospital Dr. Hernán Henríquez Aravena (Temuco),33,7,6,1,15,4,1.0,1.0,0.0,0,0.0,3.0,5.0,23.0
2020,36,Hospital Dr. Hernán Henríquez Aravena (Temuco),33,10,6,3,13,1,1.0,3.0,0.0,0,0.0,4.0,2.0,23.0
2020,37,Hospital Dr. Hernán Henríquez Aravena (Temuco),36,6,7,4,15,4,1.0,4.0,0.0,0,0.0,7.0,1.0,23.0
2020,38,Hospital Dr. Hernán Henríquez Aravena (Temuco),42,4,5,6,23,4,1.0,3.0,0.0,0,0.0,4.0,4.0,30.0
2020,39,Hospital Dr. Hernán Henríquez Aravena (Temuco),46,11,3,8,18,6,0.0,5.0,0.0,0,0.0,9.0,3.0,29.0
2020,40,Hospital Dr. Hernán Henríquez Aravena (Temuco),44,10,11,3,9,11,0.0,4.0,0.0,0,0.0,9.0,2.0,29.0
2020,41,Hospital Dr. Hernán Henríquez Aravena (Temuco),45,6,6,7,18,8,1.0,4.0,0.0,0,0.0,9.0,5.0,26.0
2020,42,Hospital Dr. Hernán Henríquez Aravena (Temuco),57,7,8,9,13,20,1.0,5.0,0.0,0,0.0,11.0,16.0,24.0
2020,43,Hospital Dr. Hernán Henríquez Aravena (Temuco),29,8,6,2,7,6,1.0,1.0,0.0,0,0.0,4.0,5.0,18.0
2020,44,Hospital Dr. Hernán Henríquez Aravena (Temuco),56,9,17,9,14,7,5.0,6.0,0.0,0,0.0,8.0,5.0,32.0
2020,45,Hospital Dr. Hernán Henríquez Aravena (Temuco),52,10,12,7,10,13,0.0,3.0,0.0,0,0.0,12.0,6.0,31.0
2020,46,Hospital Dr. Hernán Henríquez Aravena (Temuco),42,11,7,7,10,7,1.0,1.0,0.0,0,0.0,2.0,9.0,29.0
2020,47,Hospital Dr. Hernán Henríquez Aravena (Temuco),33,8,8,1,10,6,0.0,3.0,0.0,0,0.0,5.0,4.0,21.0
2020,48,Hospital Dr. Hernán Henríquez Aravena (Temuco),38,12,10,7,8,1,4.0,5.0,0.0,0,0.0,4.0,1.0,24.0
2020,49,Hospital Dr. Hernán Henríquez Aravena (Temuco),44,10,8,5,13,8,2.0,4.0,4.0,0,0.0,7.0,5.0,22.0
2020,50,Hospital Dr. Hernán Henríquez Aravena (Temuco),34,5,10,5,8,6,3.0,9.0,0.0,0,0.0,8.0,1.0,13.0
2020,51,Hospital Dr. Hernán Henríquez Aravena (Temuco),30,9,7,2,4,8,2.0,4.0,0.0,0,0.0,5.0,2.0,17.0
2020,52,Hospital Dr. Hernán Henríquez Aravena (Temuco),45,8,14,7,9,7,0.0,4.0,0.0,0,0.0,6.0,6.0,29.0
2020,53,Hospital Dr. Hernán Henríquez Aravena (Temuco),43,11,11,4,9,8,3.0,3.0,0.0,0,0.0,8.0,5.0,24.0
2021,1,Hospital Dr. Hernán Henríquez Aravena (Temuco),90,24,37,9,11,9,6.0,6.0,0.0,0,0.0,16.0,5.0,57.0
2021,2,Hospital Dr. Hernán Henríquez Aravena (Temuco),59,18,19,9,6,7,5.0,3.0,0.0,0,1.0,7.0,6.0,37.0
2021,3,Hospital Dr. Hernán Henríquez Aravena (Temuco),60,13,26,3,8,10,5.0,6.0,0.0,0,0.0,9.0,6.0,34.0
2021,4,Hospital Dr. Hernán Henríquez Aravena (Temuco),58,18,16,6,10,8,2.0,3.0,0.0,0,0.0,9.0,3.0,41.0
2021,5,Hospital Dr. Hernán Henríquez Aravena (Temuco),54,10,12,13,10,9,2.0,9.0,0.0,0,0.0,10.0,3.0,30.0
2021,6,Hospital Dr. Hernán Henríquez Aravena (Temuco),73,11,27,12,16,7,4.0,6.0,0.0,0,0.0,12.0,5.0,46.0
2021,7,Hospital Dr. Hernán Henríquez Aravena (Temuco),74,21,24,12,12,5,7.0,7.0,0.0,0,0.0,9.0,3.0,48.0
2021,8,Hospital Dr. Hernán Henríquez Aravena (Temuco),89,19,29,18,14,9,10.0,4.0,0.0,0,0.0,13.0,5.0,57.0
2021,9,Hospital Dr. Hernán Henríquez Aravena (Temuco),100,22,38,20,12,8,12.0,6.0,0.0,0,0.0,10.0,9.0,63.0
2021,10,Hospital Dr. Hernán Henríquez Aravena (Temuco),86,16,32,13,10,15,8.0,7.0,0.0,0,0.0,12.0,7.0,52.0
2021,11,Hospital Dr. Hernán Henríquez Aravena (Temuco),65,12,23,11,11,8,5.0,4.0,0.0,0,0.0,5.0,13.0,38.0
2021,12,Hospital Dr. Hernán Henríquez Aravena (Temuco),73,13,23,12,12,13,2.0,6.0,0.0,0,0.0,12.0,9.0,44.0
2021,13,Hospital Dr. Hernán Henríquez Aravena (Temuco),68,11,20,21,9,7,2.0,3.0,0.0,0,1.0,6.0,9.0,47.0
2021,14,Hospital Dr. Hernán Henríquez Aravena (Temuco),53,8,23,10,8,4,2.0,6.0,0.0,0,0.0,3.0,3.0,39.0
2021,15,Hospital Dr. Hernán Henríquez Aravena (Temuco),66,14,22,15,5,10,3.0,4.0,0.0,0,2.0,11.0,2.0,44.0
2021,16,Hospital Dr. Hernán Henríquez Aravena (Temuco),54,8,11,18,6,11,6.0,2.0,0.0,0,0.0,7.0,6.0,33.0
2021,17,Hospital Dr. Hernán Henríquez Aravena (Temuco),89,10,12,5,44,18,2.0,6.0,51.0,0,0.0,4.0,5.0,21.0
2021,18,Hospital Dr. Hernán Henríquez Aravena (Temuco),66,10,17,10,21,8,3.0,0.0,19.0,0,0.0,3.0,6.0,35.0
2021,19,Hospital Dr. Hernán Henríquez Aravena (Temuco),62,9,18,11,11,13,1.0,7.0,11.0,0,0.0,3.0,5.0,35.0
2021,20,Hospital Dr. Hernán Henríquez Aravena (Temuco),64,11,17,18,8,10,4.0,9.0,0.0,0,0.0,8.0,9.0,34.0
2021,21,Hospital Dr. Hernán Henríquez Aravena (Temuco),71,16,25,14,5,11,6.0,9.0,0.0,0,1.0,8.0,3.0,44.0
2021,22,Hospital Dr. Hernán Henríquez Aravena (Temuco),75,24,15,16,14,6,8.0,10.0,0.0,0,1.0,8.0,4.0,44.0
2021,23,Hospital Dr. Hernán Henríquez Aravena (Temuco),59,7,25,12,8,7,3.0,8.0,0.0,0,0.0,10.0,5.0,33.0
2021,24,Hospital Dr. Hernán Henríquez Aravena (Temuco),85,21,23,19,11,11,6.0,10.0,0.0,0,0.0,8.0,6.0,55.0
2021,25,Hospital Dr. Hernán Henríquez Aravena (Temuco),109,23,33,25,17,11,11.0,13.0,0.0,0,0.0,9.0,9.0,67.0
2021,26,Hospital Dr. Hernán Henríquez Aravena (Temuco),113,26,34,29,10,14,10.0,9.0,0.0,0,0.0,8.0,11.0,75.0
2021,27,Hospital Dr. Hernán Henríquez Aravena (Temuco),91,23,30,17,16,5,8.0,6.0,0.0,0,1.0,10.0,8.0,58.0
2021,28,Hospital Dr. Hernán Henríquez Aravena (Temuco),70,16,27,15,5,7,2.0,10.0,0.0,0,1.0,3.0,6.0,48.0
2021,29,Hospital Dr. Hernán Henríquez Aravena (Temuco),90,18,34,18,10,10,6.0,12.0,0.0,0,0.0,7.0,9.0,56.0
2021,30,Hospital Dr. Hernán Henríquez Aravena (Temuco),93,13,25,26,11,18,15.0,14.0,0.0,0,0.0,8.0,13.0,43.0
2021,31,Hospital Dr. Hernán Henríquez Aravena (Temuco),83,14,35,11,11,12,8.0,10.0,0.0,0,0.0,10.0,9.0,46.0
2021,32,Hospital Dr. Hernán Henríquez Aravena (Temuco),108,17,35,33,13,10,15.0,13.0,0.0,0,0.0,9.0,11.0,60.0
2021,33,Hospital Dr. Hernán Henríquez Aravena (Temuco),93,17,42,9,13,12,12.0,8.0,0.0,0,1.0,5.0,13.0,54.0
2021,34,Hospital Dr. Hernán Henríquez Aravena (Temuco),103,23,34,19,12,15,13.0,12.0,0.0,0,0.0,11.0,14.0,53.0
2021,35,Hospital Dr. Hernán Henríquez Aravena (Temuco),95,14,42,13,12,14,11.0,11.0,0.0,0,0.0,11.0,9.0,53.0
2021,36,Hospital Dr. Hernán Henríquez Aravena (Temuco),125,19,64,24,7,11,21.0,10.0,0.0,0,1.0,10.0,6.0,77.0
2021,37,Hospital Dr. Hernán Henríquez Aravena (Temuco),110,31,58,8,6,7,20.0,8.0,0.0,0,0.0,11.0,4.0,67.0
2021,38,Hospital Dr. Hernán Henríquez Aravena (Temuco),123,28,63,14,7,11,23.0,10.0,0.0,0,0.0,9.0,10.0,71.0
2021,39,Hospital Dr. Hernán Henríquez Aravena (Temuco),135,30,56,24,13,12,29.0,10.0,0.0,0,0.0,14.0,12.0,70.0
2021,40,Hospital Dr. Hernán Henríquez Aravena (Temuco),150,28,77,15,16,14,27.0,11.0,0.0,0,0.0,12.0,14.0,86.0
2021,41,Hospital Dr. Hernán Henríquez Aravena (Temuco),178,32,98,20,10,18,30.0,10.0,0.0,0,0.0,16.0,14.0,108.0
2021,42,Hospital Dr. Hernán Henríquez Aravena (Temuco),195,38,118,14,11,14,45.0,13.0,0.0,0,0.0,17.0,13.0,107.0
2021,43,Hospital Dr. Hernán Henríquez Aravena (Temuco),230,49,145,17,9,10,53.0,13.0,0.0,0,0.0,7.0,24.0,133.0
2021,44,Hospital Dr. Hernán Henríquez Aravena (Temuco),202,39,130,16,6,11,55.0,10.0,0.0,0,1.0,6.0,19.0,111.0
2021,45,Hospital Dr. Hernán Henríquez Aravena (Temuco),250,51,148,25,13,13,47.0,17.0,0.0,0,0.0,11.0,22.0,153.0
2021,46,Hospital Dr. Hernán Henríquez Aravena (Temuco),242,40,135,34,11,22,53.0,9.0,0.0,0,0.0,11.0,27.0,142.0
2021,47,Hospital Dr. Hernán Henríquez Aravena (Temuco),284,53,169,38,14,10,62.0,17.0,0.0,0,0.0,10.0,28.0,167.0
2021,48,Hospital Dr. Hernán Henríquez Aravena (Temuco),277,55,158,37,18,9,60.0,9.0,0.0,0,0.0,16.0,30.0,162.0
2021,49,Hospital Dr. Hernán Henríquez Aravena (Temuco),240,55,122,37,12,14,44.0,16.0,0.0,0,0.0,8.0,33.0,139.0
2021,50,Hospital Dr. Hernán Henríquez Aravena (Temuco),232,48,128,30,15,11,50.0,6.0,0.0,0,0.0,14.0,17.0,145.0
2021,51,Hospital Dr. Hernán Henríquez Aravena (Temuco),182,30,104,25,15,8,32.0,12.0,0.0,0,0.0,7.0,18.0,113.0
2021,52,Hospital Dr. Hernán Henríquez Aravena (Temuco),170,32,97,25,7,9,26.0,11.0,0.0,0,0.0,9.0,17.0,107.0
2021,53,Hospital Dr. Hernán Henríquez Aravena (Temuco),18,3,5,2,6,2,1.0,1.0,0.0,0,0.0,3.0,2.0,11.0
2022,1,Hospital Dr. Hernán Henríquez Aravena (Temuco),160,41,81,15,12,11,32.0,6.0,0.0,0,0.0,8.0,18.0,96.0
2022,2,Hospital Dr. Hernán Henríquez Aravena (Temuco),186,44,97,30,9,6,28.0,1.0,0.0,0,0.0,10.0,17.0,130.0
2022,3,Hospital Dr. Hernán Henríquez Aravena (Temuco),172,33,77,33,12,17,27.0,8.0,0.0,0,1.0,10.0,20.0,106.0
2022,4,Hospital Dr. Hernán Henríquez Aravena (Temuco),168,33,66,43,15,11,26.0,7.0,0.0,0,0.0,8.0,14.0,113.0
2022,5,Hospital Dr. Hernán Henríquez Aravena (Temuco),204,51,82,45,11,15,18.0,10.0,0.0,0,3.0,13.0,11.0,149.0
2022,6,Hospital Dr. Hernán Henríquez Aravena (Temuco),207,48,74,63,7,15,16.0,3.0,0.0,0,0.0,11.0,10.0,167.0
2022,7,Hospital Dr. Hernán Henríquez Aravena (Temuco),164,51,63,23,11,16,10.0,3.0,0.0,0,0.0,16.0,16.0,119.0
2022,8,Hospital Dr. Hernán Henríquez Aravena (Temuco),162,43,59,33,10,17,12.0,5.0,0.0,0,0.0,10.0,14.0,121.0
2022,9,Hospital Dr. Hernán Henríquez Aravena (Temuco),144,41,52,35,7,9,9.0,4.0,0.0,0,0.0,8.0,10.0,113.0
2022,10,Hospital Dr. Hernán Henríquez Aravena (Temuco),190,33,86,57,7,7,14.0,8.0,0.0,0,0.0,7.0,12.0,149.0
2022,11,Hospital Dr. Hernán Henríquez Aravena (Temuco),234,34,122,60,3,15,30.0,11.0,0.0,0,0.0,8.0,12.0,173.0
2022,12,Hospital Dr. Hernán Henríquez Aravena (Temuco),231,38,108,58,9,18,26.0,12.0,0.0,0,0.0,13.0,19.0,161.0
2022,13,Hospital Dr. Hernán Henríquez Aravena (Temuco),205,39,96,45,16,9,34.0,7.0,0.0,0,0.0,14.0,13.0,137.0
2022,14,Hospital Dr. Hernán Henríquez Aravena (Temuco),225,43,111,43,15,13,56.0,13.0,0.0,0,1.0,19.0,18.0,118.0
2022,15,Hospital Dr. Hernán Henríquez Aravena (Temuco),249,52,129,41,15,12,73.0,13.0,0.0,0,0.0,10.0,37.0,116.0
2022,16,Hospital Dr. Hernán Henríquez Aravena (Temuco),271,60,130,60,15,6,59.0,12.0,0.0,0,0.0,15.0,26.0,159.0
2022,17,Hospital Dr. Hernán Henríquez Aravena (Temuco),286,56,149,65,10,6,68.0,9.0,0.0,0,1.0,12.0,31.0,165.0
2022,18,Hospital Dr. Hernán Henríquez Aravena (Temuco),348,72,147,95,15,19,79.0,22.0,0.0,0,2.0,21.0,47.0,177.0
2022,19,Hospital Dr. Hernán Henríquez Aravena (Temuco),397,93,172,97,22,13,86.0,21.0,0.0,0,3.0,14.0,44.0,229.0
2022,20,Hospital Dr. Hernán Henríquez Aravena (Temuco),384,81,164,102,21,16,88.0,25.0,0.0,0,6.0,12.0,37.0,216.0
2022,21,Hospital Dr. Hernán Henríquez Aravena (Temuco),377,91,170,87,15,14,135.0,14.0,0.0,0,7.0,9.0,47.0,165.0
2022,22,Hospital Dr. Hernán Henríquez Aravena (Temuco),368,111,153,79,15,10,120.0,25.0,0.0,0,3.0,8.0,54.0,158.0
2022,23,Hospital Dr. Hernán Henríquez Aravena (Temuco),316,80,130,69,22,15,81.0,22.0,0.0,0,1.0,12.0,43.0,157.0
2022,24,Hospital Dr. Hernán Henríquez Aravena (Temuco),361,96,144,70,31,20,103.0,20.0,0.0,0,3.0,16.0,49.0,170.0
2022,25,Hospital Dr. Hernán Henríquez Aravena (Temuco),290,73,136,53,17,11,91.0,11.0,0.0,0,1.0,10.0,45.0,132.0
2022,26,Hospital Dr. Hernán Henríquez Aravena (Temuco),248,78,100,38,16,16,73.0,9.0,0.0,0,1.0,16.0,40.0,109.0
2022,27,Hospital Dr. Hernán Henríquez Aravena (Temuco),233,59,104,38,17,15,59.0,10.0,0.0,0,1.0,18.0,33.0,112.0
2022,28,Hospital Dr. Hernán Henríquez Aravena (Temuco),202,61,89,24,17,11,56.0,9.0,0.0,0,0.0,11.0,23.0,103.0
2022,29,Hospital Dr. Hernán Henríquez Aravena (Temuco),185,50,74,28,21,12,45.0,9.0,0.0,0,0.0,12.0,23.0,96.0
2022,30,Hospital Dr. Hernán Henríquez Aravena (Temuco),167,48,60,37,10,12,29.0,11.0,0.0,0,0.0,9.0,16.0,102.0
2022,31,Hospital Dr. Hernán Henríquez Aravena (Temuco),265,51,121,57,18,18,45.0,21.0,0.0,0,1.0,13.0,30.0,155.0
2022,32,Hospital Dr. Hernán Henríquez Aravena (Temuco),335,68,164,77,10,16,80.0,27.0,0.0,0,2.0,12.0,42.0,172.0
2022,33,Hospital Dr. Hernán Henríquez Aravena (Temuco),314,64,133,84,21,12,68.0,21.0,0.0,0,2.0,12.0,44.0,167.0
2022,34,Hospital Dr. Hernán Henríquez Aravena (Temuco),291,68,118,80,14,11,68.0,13.0,0.0,0,1.0,11.0,23.0,175.0
2022,35,Hospital Dr. Hernán Henríquez Aravena (Temuco),309,64,147,71,17,10,55.0,18.0,0.0,0,1.0,21.0,53.0,161.0
2022,36,Hospital Dr. Hernán Henríquez Aravena (Temuco),359,64,168,101,12,14,67.0,19.0,0.0,0,2.0,11.0,39.0,221.0
2022,37,Hospital Dr. Hernán Henríquez Aravena (Temuco),312,69,140,66,14,23,68.0,15.0,2.0,0,0.0,11.0,46.0,170.0
2022,38,Hospital Dr. Hernán Henríquez Aravena (Temuco),293,50,132,70,22,19,55.0,12.0,0.0,0,2.0,21.0,29.0,174.0
2022,39,Hospital Dr. Hernán Henríquez Aravena (Temuco),312,62,140,76,20,14,65.0,12.0,0.0,0,3.0,14.0,39.0,179.0
2022,40,Hospital Dr. Hernán Henríquez Aravena (Temuco),293,53,102,105,14,19,49.0,12.0,0.0,0,3.0,14.0,38.0,177.0
2022,41,Hospital Dr. Hernán Henríquez Aravena (Temuco),320,60,119,105,22,14,57.0,22.0,0.0,0,4.0,17.0,40.0,180.0
2022,42,Hospital Dr. Hernán Henríquez Aravena (Temuco),433,71,148,167,32,15,64.0,23.0,0.0,0,4.0,18.0,37.0,287.0
2022,43,Hospital Dr. Hernán Henríquez Aravena (Temuco),420,72,147,151,28,22,28.0,20.0,0.0,0,17.0,13.0,38.0,304.0
2022,44,Hospital Dr. Hernán Henríquez Aravena (Temuco),421,70,131,149,41,30,49.0,15.0,0.0,0,11.0,22.0,70.0,254.0
2022,45,Hospital Dr. Hernán Henríquez Aravena (Temuco),358,74,132,102,28,22,52.0,14.0,0.0,0,18.0,16.0,66.0,192.0
2022,46,Hospital Dr. Hernán Henríquez Aravena (Temuco),356,55,129,136,18,18,57.0,15.0,0.0,0,5.0,8.0,55.0,216.0
2022,47,Hospital Dr. Hernán Henríquez Aravena (Temuco),396,73,147,137,25,14,61.0,17.0,0.0,0,12.0,19.0,35.0,252.0
2022,48,Hospital Dr. Hernán Henríquez Aravena (Temuco),339,49,137,115,17,21,45.0,27.0,0.0,0,8.0,20.0,42.0,197.0
2022,49,Hospital Dr. Hernán Henríquez Aravena (Temuco),270,51,101,87,16,15,42.0,24.0,0.0,0,7.0,6.0,56.0,135.0
2022,50,Hospital Dr. Hernán Henríquez Aravena (Temuco),273,56,115,60,22,20,43.0,15.0,0.0,0,1.0,20.0,40.0,154.0
2022,51,Hospital Dr. Hernán Henríquez Aravena (Temuco),213,50,85,49,12,17,26.0,13.0,0.0,0,1.0,10.0,29.0,134.0
2022,52,Hospital Dr. Hernán Henríquez Aravena (Temuco),224,51,85,34,23,31,26.0,16.0,0.0,0,2.0,9.0,38.0,133.0
2023,1,Hospital Dr. Hernán Henríquez Aravena (Temuco),214,80,67,35,15,17,24.0,6.0,0.0,0,4.0,12.0,28.0,140.0
2023,2,Hospital Dr. Hernán Henríquez Aravena (Temuco),157,52,56,16,14,19,26.0,7.0,0.0,0,0.0,11.0,25.0,88.0
2023,3,Hospital Dr. Hernán Henríquez Aravena (Temuco),138,45,39,26,14,14,16.0,9.0,0.0,0,0.0,9.0,12.0,92.0
2023,4,Hospital Dr. Hernán Henríquez Aravena (Temuco),123,40,40,20,7,16,10.0,8.0,0.0,0,1.0,15.0,16.0,73.0
2023,5,Hospital Dr. Hernán Henríquez Aravena (Temuco),100,30,34,17,10,9,12.0,2.0,0.0,0,0.0,14.0,15.0,57.0
2023,6,Hospital Dr. Hernán Henríquez Aravena (Temuco),78,26,19,17,9,7,11.0,1.0,0.0,0,0.0,5.0,10.0,51.0
2023,7,Hospital Dr. Hernán Henríquez Aravena (Temuco),114,31,34,28,12,9,9.0,3.0,0.0,0,1.0,12.0,14.0,75.0
2023,8,Hospital Dr. Hernán Henríquez Aravena (Temuco),120,34,30,27,14,15,9.0,5.0,0.0,0,0.0,12.0,17.0,77.0
2023,9,Hospital Dr. Hernán Henríquez Aravena (Temuco),109,30,30,18,21,10,9.0,9.0,0.0,0,0.0,12.0,10.0,69.0
2023,10,Hospital Dr. Hernán Henríquez Aravena (Temuco),184,39,51,62,14,18,17.0,19.0,0.0,0,1.0,11.0,21.0,115.0
2023,11,Hospital Dr. Hernán Henríquez Aravena (Temuco),282,64,89,87,20,22,38.0,37.0,0.0,0,1.0,16.0,25.0,165.0
2023,12,Hospital Dr. Hernán Henríquez Aravena (Temuco),261,69,81,61,34,16,25.0,31.0,0.0,0,0.0,15.0,19.0,171.0
2023,13,Hospital Dr. Hernán Henríquez Aravena (Temuco),289,68,109,71,24,17,50.0,24.0,0.0,0,1.0,23.0,38.0,153.0
2023,14,Hospital Dr. Hernán Henríquez Aravena (Temuco),269,62,118,52,21,16,51.0,21.0,0.0,0,0.0,17.0,39.0,141.0
2023,15,Hospital Dr. Hernán Henríquez Aravena (Temuco),302,75,123,64,17,23,68.0,15.0,0.0,0,1.0,12.0,34.0,172.0
2023,16,Hospital Dr. Hernán Henríquez Aravena (Temuco),364,71,170,83,27,13,79.0,13.0,0.0,0,0.0,19.0,53.0,200.0
2023,17,Hospital Dr. Hernán Henríquez Aravena (Temuco),418,74,189,111,23,21,113.0,22.0,0.0,0,0.0,17.0,96.0,170.0
2023,18,Hospital Dr. Hernán Henríquez Aravena (Temuco),433,110,181,90,32,20,122.0,19.0,0.0,0,1.0,18.0,124.0,149.0
2023,19,Hospital Dr. Hernán Henríquez Aravena (Temuco),487,143,202,86,38,18,157.0,16.0,0.0,0,1.0,19.0,122.0,172.0
2023,20,Hospital Dr. Hernán Henríquez Aravena (Temuco),377,90,152,82,27,26,101.0,25.0,0.0,0,2.0,21.0,103.0,125.0
2023,21,Hospital Dr. Hernán Henríquez Aravena (Temuco),348,109,113,71,27,28,112.0,13.0,0.0,0,5.0,15.0,95.0,108.0
2023,22,Hospital Dr. Hernán Henríquez Aravena (Temuco),378,96,106,118,34,24,90.0,16.0,0.0,0,10.0,22.0,85.0,155.0
2023,23,Hospital Dr. Hernán Henríquez Aravena (Temuco),280,64,99,62,28,27,65.0,13.0,0.0,0,7.0,18.0,75.0,102.0
2023,24,Hospital Dr. Hernán Henríquez Aravena (Temuco),262,56,79,77,30,20,37.0,8.0,0.0,0,1.0,30.0,59.0,127.0
2023,25,Hospital Dr. Hernán Henríquez Aravena (Temuco),223,45,77,44,31,26,40.0,13.0,0.0,0,1.0,13.0,63.0,93.0
2023,26,Hospital Dr. Hernán Henríquez Aravena (Temuco),231,48,75,51,32,25,35.0,22.0,0.0,0,1.0,17.0,49.0,107.0
2023,27,Hospital Dr. Hernán Henríquez Aravena (Temuco),186,49,59,43,17,18,27.0,14.0,0.0,0,1.0,10.0,43.0,91.0
2023,28,Hospital Dr. Hernán Henríquez Aravena (Temuco),144,45,41,21,21,16,30.0,8.0,0.0,0,0.0,9.0,22.0,75.0
2023,29,Hospital Dr. Hernán Henríquez Aravena (Temuco),137,33,40,31,19,14,18.0,8.0,0.0,0,2.0,12.0,25.0,72.0
2023,30,Hospital Dr. Hernán Henríquez Aravena (Temuco),155,44,36,44,21,10,27.0,6.0,0.0,0,1.0,12.0,19.0,90.0
2023,31,Hospital Dr. Hernán Henríquez Aravena (Temuco),212,39,77,56,24,16,30.0,27.0,0.0,0,2.0,12.0,20.0,121.0
2023,32,Hospital Dr. Hernán Henríquez Aravena (Temuco),267,63,92,69,24,19,51.0,12.0,0.0,0,4.0,26.0,34.0,140.0
2023,33,Hospital Dr. Hernán Henríquez Aravena (Temuco),308,73,123,67,26,19,72.0,23.0,0.0,0,1.0,18.0,49.0,145.0
2023,34,Hospital Dr. Hernán Henríquez Aravena (Temuco),279,70,98,66,26,19,54.0,13.0,0.0,0,0.0,16.0,41.0,155.0
2023,35,Hospital Dr. Hernán Henríquez Aravena (Temuco),332,75,106,95,29,27,58.0,16.0,0.0,0,2.0,7.0,51.0,198.0
2023,36,Hospital Dr. Hernán Henríquez Aravena (Temuco),321,66,114,89,31,21,61.0,17.0,0.0,0,3.0,15.0,37.0,188.0
2023,37,Hospital Dr. Hernán Henríquez Aravena (Temuco),367,60,122,97,57,31,80.0,22.0,0.0,0,0.0,22.0,58.0,185.0
2023,38,Hospital Dr. Hernán Henríquez Aravena (Temuco),391,99,123,82,54,33,84.0,21.0,0.0,0,0.0,24.0,58.0,204.0
2023,39,Hospital Dr. Hernán Henríquez Aravena (Temuco),352,92,88,75,54,43,96.0,18.0,0.0,0,1.0,18.0,56.0,163.0
2023,40,Hospital Dr. Hernán Henríquez Aravena (Temuco),342,66,105,91,50,30,79.0,22.0,0.0,0,0.0,24.0,58.0,159.0
2023,41,Hospital Dr. Hernán Henríquez Aravena (Temuco),310,85,104,65,42,14,88.0,23.0,0.0,0,1.0,10.0,42.0,146.0
2023,42,Hospital Dr. Hernán Henríquez Aravena (Temuco),329,77,91,84,55,22,71.0,18.0,0.0,0,2.0,15.0,39.0,184.0
2023,43,Hospital Dr. Hernán Henríquez Aravena (Temuco),293,76,100,58,34,25,66.0,14.0,0.0,0,3.0,14.0,45.0,151.0
2023,44,Hospital Dr. Hernán Henríquez Aravena (Temuco),295,72,98,51,44,30,60.0,20.0,0.0,0,1.0,20.0,44.0,150.0
2023,45,Hospital Dr. Hernán Henríquez Aravena (Temuco),271,69,73,66,41,22,45.0,11.0,0.0,0,1.0,10.0,43.0,161.0
2023,46,Hospital Dr. Hernán Henríquez Aravena (Temuco),311,78,89,79,45,20,47.0,18.0,0.0,0,2.0,21.0,45.0,178.0
2023,47,Hospital Dr. Hernán Henríquez Aravena (Temuco),277,58,69,59,64,27,50.0,20.0,0.0,0,1.0,17.0,40.0,149.0
2023,48,Hospital Dr. Hernán Henríquez Aravena (Temuco),276,49,73,72,53,29,52.0,17.0,0.0,0,1.0,17.0,40.0,149.0
2023,49,Hospital Dr. Hernán Henríquez Aravena (Temuco),254,55,67,70,34,28,36.0,15.0,0.0,0,2.0,10.0,42.0,149.0
2023,50,Hospital Dr. Hernán Henríquez Aravena (Temuco),250,50,73,67,38,22,40.0,16.0,0.0,0,1.0,16.0,35.0,142.0
2023,51,Hospital Dr. Hernán Henríquez Aravena (Temuco),200,44,49,42,42,23,27.0,15.0,0.0,0,0.0,15.0,32.0,111.0
2023,52,Hospital Dr. Hernán Henríquez Aravena (Temuco),223,48,54,42,39,40,29.0,17.0,0.0,0,1.0,15.0,37.0,124.0
2024,1,Hospital Dr. Hernán Henríquez Aravena (Temuco),266,52,71,51,50,42,39.0,24.0,2.0,0,1.0,27.0,51.0,122.0
2024,2,Hospital Dr. Hernán Henríquez Aravena (Temuco),133,36,34,18,23,22,13.0,10.0,0.0,0,0.0,17.0,13.0,80.0
2024,3,Hospital Dr. Hernán Henríquez Aravena (Temuco),122,32,31,16,24,19,18.0,7.0,0.0,0,0.0,22.0,13.0,62.0
2024,4,Hospital Dr. Hernán Henríquez Aravena (Temuco),109,34,21,14,21,19,3.0,6.0,0.0,0,0.0,14.0,14.0,72.0
2024,5,Hospital Dr. Hernán Henríquez Aravena (Temuco),118,30,28,16,29,15,12.0,6.0,0.0,0,0.0,15.0,15.0,70.0
2024,6,Hospital Dr. Hernán Henríquez Aravena (Temuco),107,32,22,13,23,17,6.0,8.0,0.0,0,0.0,11.0,19.0,63.0
2024,7,Hospital Dr. Hernán Henríquez Aravena (Temuco),126,40,32,16,22,16,6.0,10.0,0.0,0,1.0,12.0,12.0,85.0
2024,8,Hospital Dr. Hernán Henríquez Aravena (Temuco),145,48,43,26,11,17,5.0,7.0,0.0,0,0.0,11.0,13.0,109.0
2024,9,Hospital Dr. Hernán Henríquez Aravena (Temuco),140,59,33,22,14,12,10.0,6.0,0.0,0,0.0,9.0,9.0,106.0
2024,10,Hospital Dr. Hernán Henríquez Aravena (Temuco),164,57,33,29,23,22,4.0,12.0,0.0,0,0.0,12.0,13.0,123.0
2024,11,Hospital Dr. Hernán Henríquez Aravena (Temuco),244,66,73,57,23,25,19.0,14.0,0.0,0,0.0,12.0,12.0,187.0
2024,12,Hospital Dr. Hernán Henríquez Aravena (Temuco),300,81,83,87,31,18,38.0,34.0,0.0,0,1.0,13.0,23.0,191.0
2024,13,Hospital Dr. Hernán Henríquez Aravena (Temuco),279,62,70,83,32,32,33.0,26.0,0.0,0,2.0,14.0,41.0,163.0
2024,14,Hospital Dr. Hernán Henríquez Aravena (Temuco),270,53,66,78,52,21,47.0,20.0,0.0,0,0.0,17.0,27.0,159.0
2024,15,Hospital Dr. Hernán Henríquez Aravena (Temuco),343,63,93,117,45,25,53.0,12.0,0.0,0,3.0,16.0,37.0,222.0
2024,16,Hospital Dr. Hernán Henríquez Aravena (Temuco),417,61,118,163,50,25,47.0,20.0,0.0,0,6.0,13.0,39.0,292.0
2024,17,Hospital Dr. Hernán Henríquez Aravena (Temuco),426,55,105,178,64,24,47.0,26.0,0.0,0,24.0,23.0,39.0,267.0
2024,18,Hospital Dr. Hernán Henríquez Aravena (Temuco),461,63,119,177,61,41,60.0,25.0,0.0,0,30.0,20.0,49.0,277.0
2024,19,Hospital Dr. Hernán Henríquez Aravena (Temuco),455,62,117,132,97,47,54.0,17.0,0.0,0,9.0,22.0,55.0,298.0
2024,20,Hospital Dr. Hernán Henríquez Aravena (Temuco),439,68,108,145,76,42,59.0,28.0,0.0,0,17.0,24.0,44.0,267.0
2024,21,Hospital Dr. Hernán Henríquez Aravena (Temuco),379,58,97,100,70,54,51.0,18.0,0.0,0,26.0,22.0,59.0,203.0
2024,22,Hospital Dr. Hernán Henríquez Aravena (Temuco),311,63,65,76,68,39,49.0,11.0,0.0,0,17.0,12.0,39.0,183.0
2024,23,Hospital Dr. Hernán Henríquez Aravena (Temuco),273,37,71,77,56,32,37.0,17.0,0.0,0,8.0,22.0,25.0,164.0
2024,24,Hospital Dr. Hernán Henríquez Aravena (Temuco),229,38,51,64,48,28,33.0,9.0,0.0,0,5.0,12.0,31.0,139.0
2024,25,Hospital Dr. Hernán Henríquez Aravena (Temuco),202,35,66,41,37,23,33.0,11.0,0.0,0,4.0,18.0,23.0,113.0
2024,26,Hospital Dr. Hernán Henríquez Aravena (Temuco),192,39,53,44,29,27,31.0,11.0,0.0,0,3.0,25.0,31.0,91.0
2024,27,Hospital Dr. Hernán Henríquez Aravena (Temuco),162,42,36,42,29,13,28.0,6.0,0.0,0,0.0,13.0,32.0,83.0
2024,28,Hospital Dr. Hernán Henríquez Aravena (Temuco),180,30,51,42,34,23,18.0,13.0,0.0,0,2.0,22.0,26.0,99.0
2024,29,Hospital Dr. Hernán Henríquez Aravena (Temuco),200,45,80,33,31,11,32.0,15.0,0.0,0,2.0,16.0,29.0,106.0
2024,30,Hospital Dr. Hernán Henríquez Aravena (Temuco),275,62,107,48,31,27,52.0,15.0,0.0,0,1.0,20.0,55.0,132.0
2024,31,Hospital Dr. Hernán Henríquez Aravena (Temuco),293,59,123,61,28,22,65.0,24.0,0.0,0,1.0,20.0,47.0,136.0
2024,32,Hospital Dr. Hernán Henríquez Aravena (Temuco),349,73,150,77,23,26,89.0,28.0,0.0,0,1.0,18.0,54.0,159.0
2024,33,Hospital Dr. Hernán Henríquez Aravena (Temuco),356,75,146,63,49,23,83.0,19.0,0.0,0,2.0,16.0,60.0,176.0
2024,34,Hospital Dr. Hernán Henríquez Aravena (Temuco),342,62,133,72,43,32,78.0,23.0,0.0,0,1.0,26.0,64.0,150.0
2024,35,Hospital Dr. Hernán Henríquez Aravena (Temuco),311,50,129,60,44,28,79.0,17.0,0.0,0,1.0,16.0,58.0,140.0
2024,36,Hospital Dr. Hernán Henríquez Aravena (Temuco),340,88,94,89,41,28,75.0,13.0,0.0,0,0.0,12.0,71.0,169.0
2024,37,Hospital Dr. Hernán Henríquez Aravena (Temuco),381,71,152,79,48,31,72.0,22.0,0.0,0,1.0,13.0,101.0,172.0
2024,38,Hospital Dr. Hernán Henríquez Aravena (Temuco),346,73,127,70,43,33,76.0,18.0,0.0,0,1.0,20.0,72.0,159.0
2024,39,Hospital Dr. Hernán Henríquez Aravena (Temuco),306,60,91,70,55,30,61.0,18.0,0.0,0,0.0,18.0,81.0,128.0
2024,40,Hospital Dr. Hernán Henríquez Aravena (Temuco),315,68,92,86,41,28,60.0,20.0,0.0,0,4.0,15.0,74.0,142.0
2024,41,Hospital Dr. Hernán Henríquez Aravena (Temuco),341,48,112,99,51,31,63.0,17.0,0.0,0,2.0,24.0,87.0,148.0
2024,42,Hospital Dr. Hernán Henríquez Aravena (Temuco),351,56,112,109,45,29,63.0,25.0,0.0,0,4.0,24.0,68.0,167.0
2024,43,Hospital Dr. Hernán Henríquez Aravena (Temuco),326,54,93,114,38,27,66.0,23.0,0.0,0,1.0,15.0,61.0,160.0
2024,44,Hospital Dr. Hernán Henríquez Aravena (Temuco),331,69,111,100,29,22,59.0,9.0,0.0,0,2.0,19.0,68.0,174.0
2024,45,Hospital Dr. Hernán Henríquez Aravena (Temuco),330,67,105,90,33,35,63.0,21.0,0.0,0,2.0,21.0,81.0,142.0
2024,46,Hospital Dr. Hernán Henríquez Aravena (Temuco),253,55,81,68,23,26,49.0,22.0,0.0,0,1.0,12.0,51.0,118.0
2024,47,Hospital Dr. Hernán Henríquez Aravena (Temuco),330,70,108,88,35,29,61.0,17.0,0.0,0,1.0,23.0,64.0,164.0
2024,48,Hospital Dr. Hernán Henríquez Aravena (Temuco),319,59,98,83,44,35,65.0,17.0,0.0,0,2.0,19.0,75.0,141.0
2024,49,Hospital Dr. Hernán Henríquez Aravena (Temuco),331,51,96,99,56,29,47.0,25.0,0.0,0,0.0,25.0,81.0,153.0
2024,50,Hospital Dr. Hernán Henríquez Aravena (Temuco),277,70,68,76,39,24,45.0,13.0,1.0,0,0.0,27.0,47.0,144.0
2024,51,Hospital Dr. Hernán Henríquez Aravena (Temuco),246,54,72,49,43,28,37.0,14.0,0.0,0,4.0,33.0,42.0,116.0
2024,52,Hospital Dr. Hernán Henríquez Aravena (Temuco),245,54,67,51,48,25,39.0,8.0,0.0,0,1.0,27.0,43.0,127.0
2025,1,Hospital Dr. Hernán Henríquez Aravena (Temuco),96,23,27,20,13,13,10.0,7.0,0.0,0,0.0,9.0,16.0,54.0
2025,2,Hospital Dr. Hernán Henríquez Aravena (Temuco),154,28,43,30,29,24,17.0,14.0,1.0,0,3.0,13.0,30.0,76.0
2025,3,Hospital Dr. Hernán Henríquez Aravena (Temuco),140,27,43,17,24,29,13.0,8.0,0.0,0,0.0,24.0,26.0,69.0
2025,4,Hospital Dr. Hernán Henríquez Aravena (Temuco),118,35,23,19,21,20,9.0,7.0,0.0,0,0.0,21.0,11.0,70.0
2025,5,Hospital Dr. Hernán Henríquez Aravena (Temuco),117,31,29,19,17,21,5.0,7.0,0.0,0,1.0,10.0,24.0,70.0
2025,6,Hospital Dr. Hernán Henríquez Aravena (Temuco),104,24,26,12,22,20,5.0,8.0,0.0,0,0.0,12.0,17.0,62.0
2025,7,Hospital Dr. Hernán Henríquez Aravena (Temuco),100,22,23,15,22,18,6.0,8.0,0.0,0,0.0,10.0,16.0,60.0
2025,8,Hospital Dr. Hernán Henríquez Aravena (Temuco),113,20,36,12,26,19,13.0,5.0,0.0,0,0.0,13.0,17.0,65.0
2025,9,Hospital Dr. Hernán Henríquez Aravena (Temuco),123,27,24,28,25,19,10.0,9.0,0.0,0,1.0,18.0,18.0,67.0
2025,10,Hospital Dr. Hernán Henríquez Aravena (Temuco),111,32,20,22,13,24,7.0,4.0,0.0,0,0.0,11.0,20.0,69.0
2025,11,Hospital Dr. Hernán Henríquez Aravena (Temuco),184,40,60,47,23,14,14.0,19.0,0.0,0,1.0,17.0,15.0,118.0
2025,12,Hospital Dr. Hernán Henríquez Aravena (Temuco),257,60,84,71,23,19,41.0,31.0,0.0,0,5.0,13.0,18.0,149.0
2025,13,Hospital Dr. Hernán Henríquez Aravena (Temuco),275,56,78,79,46,16,42.0,31.0,0.0,0,2.0,20.0,21.0,159.0
2025,14,Hospital Dr. Hernán Henríquez Aravena (Temuco),224,45,76,53,29,21,35.0,16.0,0.0,0,1.0,20.0,27.0,125.0
2025,15,Hospital Dr. Hernán Henríquez Aravena (Temuco),241,36,77,77,32,19,34.0,32.0,0.0,0,1.0,18.0,26.0,130.0
2025,16,Hospital Dr. Hernán Henríquez Aravena (Temuco),226,44,69,55,32,26,36.0,18.0,0.0,0,4.0,15.0,30.0,123.0
2025,17,Hospital Dr. Hernán Henríquez Aravena (Temuco),258,51,71,64,47,25,34.0,30.0,0.0,0,6.0,16.0,34.0,138.0
2025,18,Hospital Dr. Hernán Henríquez Aravena (Temuco),269,45,106,54,39,25,37.0,21.0,0.0,0,2.0,16.0,32.0,161.0
2025,19,Hospital Dr. Hernán Henríquez Aravena (Temuco),242,40,79,61,33,29,36.0,22.0,0.0,0,5.0,11.0,34.0,134.0
2025,20,Hospital Dr. Hernán Henríquez Aravena (Temuco),303,41,115,72,45,30,54.0,25.0,0.0,0,6.0,25.0,30.0,163.0
2025,21,Hospital Dr. Hernán Henríquez Aravena (Temuco),330,68,104,90,40,28,62.0,23.0,0.0,0,5.0,17.0,39.0,184.0
2025,22,Hospital Dr. Hernán Henríquez Aravena (Temuco),284,38,83,76,50,37,50.0,23.0,0.0,0,5.0,22.0,48.0,136.0
2025,23,Hospital Dr. Hernán Henríquez Aravena (Temuco),311,48,102,93,42,26,48.0,20.0,0.0,0,4.0,17.0,52.0,170.0
2025,24,Hospital Dr. Hernán Henríquez Aravena (Temuco),333,48,105,92,47,41,44.0,31.0,0.0,0,9.0,29.0,51.0,169.0
2025,25,Hospital Dr. Hernán Henríquez Aravena (Temuco),295,46,91,86,43,29,50.0,18.0,0.0,0,15.0,19.0,44.0,149.0
2025,26,Hospital Dr. Hernán Henríquez Aravena (Temuco),283,49,109,56,39,30,55.0,20.0,0.0,0,7.0,15.0,53.0,133.0
2025,27,Hospital Dr. Hernán Henríquez Aravena (Temuco),236,46,88,42,31,29,43.0,11.0,0.0,0,11.0,17.0,51.0,103.0
2025,28,Hospital Dr. Hernán Henríquez Aravena (Temuco),230,40,70,55,34,31,39.0,14.0,0.0,0,6.0,23.0,42.0,106.0
2025,29,Hospital Dr. Hernán Henríquez Aravena (Temuco),262,22,111,74,36,19,45.0,18.0,0.0,0,7.0,23.0,50.0,119.0
2025,30,Hospital Dr. Hernán Henríquez Aravena (Temuco),348,38,146,95,36,33,68.0,25.0,0.0,0,11.0,19.0,60.0,165.0
2025,31,Hospital Dr. Hernán Henríquez Aravena (Temuco),362,39,141,111,33,38,81.0,30.0,0.0,0,8.0,17.0,72.0,154.0
2025,32,Hospital Dr. Hernán Henríquez Aravena (Temuco),457,61,183,117,50,46,96.0,31.0,0.0,0,10.0,22.0,90.0,208.0
2025,33,Hospital Dr. Hernán Henríquez Aravena (Temuco),444,52,182,131,38,41,83.0,33.0,0.0,0,8.0,23.0,100.0,197.0
2025,34,Hospital Dr. Hernán Henríquez Aravena (Temuco),410,49,152,125,57,27,68.0,26.0,0.0,0,15.0,18.0,98.0,185.0
2025,35,Hospital Dr. Hernán Henríquez Aravena (Temuco),430,65,154,121,53,37,71.0,30.0,0.0,0,9.0,27.0,94.0,199.0
2025,36,Hospital Dr. Hernán Henríquez Aravena (Temuco),425,69,139,107,66,44,74.0,22.0,0.0,0,11.0,30.0,89.0,199.0
2025,37,Hospital Dr. Hernán Henríquez Aravena (Temuco),334,60,138,69,42,25,67.0,18.0,0.0,0,2.0,26.0,58.0,163.0
2025,38,Hospital Dr. Hernán Henríquez Aravena (Temuco),297,62,114,59,30,32,45.0,16.0,0.0,0,6.0,24.0,69.0,137.0
2025,39,Hospital Dr. Hernán Henríquez Aravena (Temuco),310,69,110,53,37,41,62.0,22.0,0.0,0,3.0,30.0,67.0,126.0
2025,40,Hospital Dr. Hernán Henríquez Aravena (Temuco),301,52,101,66,45,37,42.0,23.0,0.0,0,3.0,26.0,60.0,147.0
2025,41,Hospital Dr. Hernán Henríquez Aravena (Temuco),303,58,103,81,31,30,54.0,20.0,0.0,0,6.0,25.0,59.0,139.0
2025,42,Hospital Dr. Hernán Henríquez Aravena (Temuco),337,53,117,92,45,30,68.0,21.0,0.0,0,5.0,29.0,53.0,161.0
2025,43,Hospital Dr. Hernán Henríquez Aravena (Temuco),326,68,94,88,47,29,55.0,18.0,0.0,0,7.0,32.0,70.0,144.0
2025,44,Hospital Dr. Hernán Henríquez Aravena (Temuco),315,65,97,79,46,28,59.0,16.0,0.0,0,2.0,28.0,56.0,154.0
2025,45,Hospital Dr. Hernán Henríquez Aravena (Temuco),321,55,91,102,38,35,54.0,23.0,0.0,0,3.0,22.0,61.0,158.0
2025,46,Hospital Dr. Hernán Henríquez Aravena (Temuco),252,44,78,63,37,30,52.0,18.0,0.0,0,1.0,20.0,60.0,101.0
2025,47,Hospital Dr. Hernán Henríquez Aravena (Temuco),288,62,111,64,33,18,49.0,17.0,0.0,0,1.0,25.0,55.0,141.0
2025,48,Hospital Dr. Hernán Henríquez Aravena (Temuco),292,47,93,93,37,22,66.0,19.0,0.0,0,3.0,26.0,40.0,138.0
2025,49,Hospital Dr. Hernán Henríquez Aravena (Temuco),279,56,101,68,28,26,33.0,18.0,0.0,0,4.0,28.0,54.0,142.0
2025,50,Hospital Dr. Hernán Henríquez Aravena (Temuco),286,69,96,65,30,26,51.0,17.0,0.0,0,1.0,26.0,57.0,134.0
2025,51,Hospital Dr. Hernán Henríquez Aravena (Temuco),219,49,72,39,38,21,40.0,10.0,0.0,0,2.0,15.0,52.0,100.0
2025,52,Hospital Dr. Hernán Henríquez Aravena (Temuco),226,47,72,38,40,29,34.0,15.0,0.0,0,8.0,20.0,40.0,109.0
2025,53,Hospital Dr. Hernán Henríquez Aravena (Temuco),106,23,39,18,16,10,13.0,4.0,0.0,0,2.0,8.0,23.0,56.0
2026,1,Hospital Dr. Hernán Henríquez Aravena (Temuco),167,48,50,33,23,13,16.0,13.0,0.0,0,1.0,23.0,22.0,92.0
2026,2,Hospital Dr. Hernán Henríquez Aravena (Temuco),144,30,44,31,21,18,23.0,10.0,0.0,0,0.0,19.0,22.0,70.0
2026,3,Hospital Dr. Hernán Henríquez Aravena (Temuco),137,40,33,26,19,19,12.0,11.0,0.0,0,0.0,15.0,20.0,79.0
2026,4,Hospital Dr. Hernán Henríquez Aravena (Temuco),102,24,25,14,18,21,10.0,9.0,0.0,0,1.0,13.0,15.0,54.0
2026,5,Hospital Dr. Hernán Henríquez Aravena (Temuco),125,24,35,31,15,20,19.0,13.0,0.0,0,0.0,16.0,15.0,62.0
2026,6,Hospital Dr. Hernán Henríquez Aravena (Temuco),91,17,22,4,24,24,11.0,10.0,0.0,0,0.0,17.0,14.0,39.0
2026,7,Hospital Dr. Hernán Henríquez Aravena (Temuco),96,21,26,10,24,15,8.0,3.0,0.0,0,1.0,17.0,14.0,53.0
2026,8,Hospital Dr. Hernán Henríquez Aravena (Temuco),108,25,28,15,25,15,10.0,7.0,0.0,0,1.0,21.0,16.0,53.0
2026,9,Hospital Dr. Hernán Henríquez Aravena (Temuco),123,38,24,25,17,19,9.0,8.0,0.0,0,1.0,21.0,16.0,68.0
2026,10,Hospital Dr. Hernán Henríquez Aravena (Temuco),26,5,6,7,5,3,3.0,5.0,0.0,0,0.0,2.0,1.0,15.0
2026,53,Hospital Dr. Hernán Henríquez Aravena (Temuco),62,15,16,11,12,8,9.0,5.0,0.0,0,1.0,6.0,14.0,27.0
2020,18,Hospital Makewe,0,0,0,0,0,0,0.0,0.0,0.0,0,0.0,0.0,0.0,0.0
2020,27,Hospital Makewe,0,0,0,0,0,0,0.0,0.0,0.0,0,0.0,0.0,0.0,0.0
2020,28,Hospital Makewe,4,1,0,0,3,0,0.0,0.0,0.0,0,0.0,0.0,0.0,4.0
2020,29,Hospital Makewe,2,1,0,0,1,0,0.0,0.0,0.0,0,0.0,1.0,0.0,1.0
2020,30,Hospital Makewe,4,0,0,1,2,1,0.0,0.0,0.0,0,0.0,0.0,0.0,4.0
2020,31,Hospital Makewe,2,0,1,0,1,0,0.0,0.0,0.0,0,0.0,0.0,0.0,2.0
2020,32,Hospital Makewe,4,0,0,0,1,3,1.0,1.0,0.0,0,0.0,1.0,0.0,1.0
2020,33,Hospital Makewe,4,0,0,0,3,1,1.0,0.0,0.0,0,0.0,0.0,0.0,3.0
2020,34,Hospital Makewe,2,0,0,0,1,1,0.0,1.0,0.0,0,0.0,0.0,0.0,1.0
2020,35,Hospital Makewe,5,0,1,1,2,1,0.0,0.0,0.0,0,0.0,0.0,0.0,5.0
2020,36,Hospital Makewe,2,0,0,0,2,0,0.0,0.0,0.0,0,0.0,0.0,0.0,2.0
2020,37,Hospital Makewe,3,0,0,0,2,1,1.0,0.0,0.0,0,0.0,0.0,0.0,2.0
2020,38,Hospital Makewe,2,0,0,0,1,1,1.0,0.0,0.0,0,0.0,0.0,0.0,1.0
2020,39,Hospital Makewe,6,0,1,1,3,1,1.0,1.0,0.0,0,0.0,0.0,0.0,4.0
2020,40,Hospital Makewe,7,0,0,1,6,0,1.0,0.0,0.0,0,0.0,0.0,0.0,6.0
2020,41,Hospital Makewe,9,0,0,3,6,0,0.0,0.0,0.0,0,1.0,0.0,0.0,8.0
2020,42,Hospital Makewe,11,1,0,2,6,2,0.0,1.0,0.0,0,0.0,0.0,0.0,10.0
2020,43,Hospital Makewe,15,0,0,3,8,4,1.0,0.0,1.0,0,0.0,1.0,1.0,11.0
2020,44,Hospital Makewe,1,0,0,1,0,0,0.0,1.0,0.0,0,0.0,0.0,0.0,0.0
2020,45,Hospital Makewe,5,0,0,1,2,2,1.0,0.0,0.0,0,0.0,0.0,1.0,3.0
2020,46,Hospital Makewe,8,0,0,0,7,1,0.0,0.0,0.0,0,0.0,1.0,0.0,7.0
2020,47,Hospital Makewe,11,0,0,1,7,3,0.0,1.0,0.0,0,0.0,0.0,1.0,9.0
2020,48,Hospital Makewe,9,0,0,0,7,2,3.0,0.0,0.0,0,0.0,0.0,1.0,5.0
2020,49,Hospital Makewe,10,0,2,2,6,0,1.0,0.0,0.0,0,0.0,0.0,0.0,9.0
2020,50,Hospital Makewe,5,0,1,1,3,0,0.0,0.0,0.0,0,0.0,0.0,0.0,5.0
2020,51,Hospital Makewe,13,0,0,1,10,2,0.0,1.0,0.0,0,0.0,0.0,2.0,10.0
2020,52,Hospital Makewe,5,0,1,1,3,0,2.0,0.0,1.0,0,0.0,0.0,0.0,2.0
2020,53,Hospital Makewe,5,0,2,1,2,0,0.0,1.0,0.0,0,0.0,0.0,0.0,4.0
2021,1,Hospital Makewe,3,1,1,0,1,0,0.0,0.0,0.0,0,0.0,0.0,0.0,3.0
2021,2,Hospital Makewe,13,2,2,3,5,1,2.0,3.0,0.0,0,0.0,0.0,0.0,8.0
2021,3,Hospital Makewe,7,1,3,0,2,1,0.0,0.0,0.0,0,0.0,0.0,0.0,7.0
2021,4,Hospital Makewe,8,1,3,1,2,1,0.0,0.0,0.0,0,0.0,0.0,0.0,8.0
2021,5,Hospital Makewe,6,1,0,0,2,3,0.0,1.0,0.0,0,0.0,1.0,1.0,3.0
2021,6,Hospital Makewe,5,0,0,1,4,0,0.0,1.0,0.0,0,0.0,0.0,0.0,4.0
2021,7,Hospital Makewe,3,0,0,0,2,1,0.0,0.0,0.0,0,0.0,0.0,0.0,3.0
2021,8,Hospital Makewe,13,1,1,2,7,2,2.0,1.0,0.0,0,0.0,0.0,0.0,10.0
2021,9,Hospital Makewe,12,2,1,2,5,2,0.0,1.0,0.0,0,0.0,0.0,0.0,11.0
2021,10,Hospital Makewe,11,0,0,0,11,0,0.0,0.0,1.0,0,0.0,0.0,0.0,10.0
2021,11,Hospital Makewe,6,0,0,0,5,1,0.0,1.0,0.0,0,0.0,0.0,0.0,5.0
2021,12,Hospital Makewe,12,0,0,3,6,3,0.0,1.0,2.0,0,0.0,0.0,0.0,9.0
2021,13,Hospital Makewe,5,1,0,1,3,0,0.0,0.0,0.0,0,0.0,0.0,0.0,5.0
2021,14,Hospital Makewe,4,1,0,1,1,1,1.0,1.0,0.0,0,0.0,0.0,0.0,2.0
2021,15,Hospital Makewe,3,0,0,0,2,1,2.0,0.0,0.0,0,0.0,0.0,0.0,1.0
2021,16,Hospital Makewe,18,0,0,2,13,3,3.0,1.0,0.0,0,0.0,0.0,2.0,12.0
2021,17,Hospital Makewe,4,0,0,0,2,2,0.0,1.0,0.0,0,0.0,1.0,1.0,1.0
2021,18,Hospital Makewe,1,0,0,0,0,1,0.0,1.0,0.0,0,0.0,0.0,0.0,0.0
2021,19,Hospital Makewe,1,0,0,0,1,0,1.0,0.0,0.0,0,0.0,0.0,0.0,0.0
2021,20,Hospital Makewe,10,1,1,3,5,0,0.0,0.0,0.0,0,0.0,1.0,0.0,9.0
2021,21,Hospital Makewe,2,1,0,0,1,0,0.0,0.0,0.0,0,0.0,0.0,0.0,2.0
2021,22,Hospital Makewe,6,0,0,1,4,1,0.0,0.0,0.0,0,0.0,0.0,0.0,6.0
2021,23,Hospital Makewe,11,0,1,1,6,3,2.0,3.0,0.0,0,0.0,0.0,1.0,5.0
2021,24,Hospital Makewe,5,0,0,0,5,0,0.0,0.0,0.0,0,0.0,0.0,1.0,4.0
2021,25,Hospital Makewe,12,1,3,2,4,2,0.0,1.0,0.0,0,0.0,0.0,0.0,11.0
2021,26,Hospital Makewe,9,0,2,0,5,2,0.0,0.0,0.0,0,0.0,0.0,1.0,8.0
2021,27,Hospital Makewe,11,0,1,2,7,1,0.0,1.0,0.0,0,0.0,1.0,0.0,9.0
2021,28,Hospital Makewe,12,1,1,4,6,0,1.0,0.0,0.0,0,0.0,0.0,0.0,11.0
2021,29,Hospital Makewe,13,1,1,2,6,3,0.0,1.0,0.0,0,0.0,1.0,1.0,10.0
2021,30,Hospital Makewe,11,0,0,0,10,1,1.0,1.0,0.0,0,0.0,0.0,0.0,9.0
2021,31,Hospital Makewe,12,0,1,2,7,2,0.0,0.0,0.0,0,0.0,0.0,1.0,11.0
2021,32,Hospital Makewe,4,0,1,0,3,0,0.0,1.0,0.0,0,0.0,0.0,0.0,3.0
2021,33,Hospital Makewe,9,0,2,2,4,1,0.0,0.0,0.0,0,0.0,0.0,0.0,9.0
2021,34,Hospital Makewe,5,1,2,1,1,0,0.0,0.0,0.0,0,0.0,0.0,1.0,4.0
2021,35,Hospital Makewe,8,0,1,4,3,0,2.0,1.0,0.0,0,0.0,0.0,0.0,5.0
2021,36,Hospital Makewe,16,0,2,2,10,2,0.0,1.0,0.0,0,0.0,2.0,0.0,13.0
2021,37,Hospital Makewe,4,2,0,0,2,0,0.0,0.0,0.0,0,0.0,2.0,0.0,2.0
2021,38,Hospital Makewe,14,0,3,1,9,1,0.0,2.0,0.0,0,0.0,0.0,0.0,12.0
2021,39,Hospital Makewe,13,1,4,2,5,1,1.0,0.0,0.0,0,0.0,0.0,0.0,12.0
2021,40,Hospital Makewe,13,0,1,2,8,2,2.0,2.0,0.0,0,0.0,0.0,0.0,9.0
2021,41,Hospital Makewe,7,0,1,0,4,2,0.0,1.0,0.0,0,0.0,0.0,0.0,6.0
2021,42,Hospital Makewe,10,0,2,1,7,0,1.0,0.0,0.0,0,0.0,0.0,0.0,9.0
2021,43,Hospital Makewe,10,2,1,1,6,0,1.0,0.0,0.0,0,0.0,2.0,0.0,7.0
2021,44,Hospital Makewe,13,0,1,3,8,1,1.0,0.0,0.0,0,0.0,0.0,0.0,12.0
2021,45,Hospital Makewe,13,0,4,4,4,1,1.0,0.0,0.0,0,0.0,0.0,0.0,12.0
2021,46,Hospital Makewe,14,0,1,2,9,2,0.0,0.0,0.0,0,0.0,1.0,0.0,13.0
2021,47,Hospital Makewe,19,0,4,2,9,4,4.0,0.0,0.0,0,0.0,1.0,0.0,14.0
2021,48,Hospital Makewe,11,0,3,2,5,1,0.0,2.0,0.0,0,0.0,0.0,0.0,9.0
2021,49,Hospital Makewe,19,0,6,4,8,1,2.0,0.0,0.0,0,0.0,1.0,0.0,16.0
2021,50,Hospital Makewe,14,0,4,0,9,1,0.0,1.0,0.0,0,0.0,0.0,0.0,13.0
2021,51,Hospital Makewe,12,1,0,1,10,0,0.0,1.0,0.0,0,0.0,1.0,0.0,10.0
2021,52,Hospital Makewe,16,0,6,2,7,1,0.0,0.0,0.0,0,0.0,0.0,0.0,16.0
2021,53,Hospital Makewe,2,0,0,1,0,1,0.0,0.0,0.0,0,0.0,0.0,0.0,2.0
2022,1,Hospital Makewe,10,0,2,1,7,0,2.0,0.0,0.0,0,0.0,0.0,0.0,8.0
2022,2,Hospital Makewe,15,0,3,7,5,0,1.0,0.0,0.0,0,0.0,2.0,0.0,12.0
2022,3,Hospital Makewe,26,0,3,6,15,2,2.0,0.0,0.0,0,0.0,0.0,0.0,24.0
2022,4,Hospital Makewe,16,2,1,2,10,1,0.0,0.0,0.0,0,0.0,0.0,0.0,16.0
2022,5,Hospital Makewe,26,0,4,2,16,4,2.0,1.0,0.0,0,0.0,0.0,1.0,22.0
2022,6,Hospital Makewe,21,1,1,6,11,2,3.0,2.0,0.0,0,0.0,0.0,0.0,16.0
2022,7,Hospital Makewe,30,0,2,5,19,4,4.0,2.0,4.0,0,0.0,0.0,1.0,19.0
2022,8,Hospital Makewe,15,0,0,2,12,1,5.0,0.0,2.0,0,0.0,0.0,0.0,8.0
2022,9,Hospital Makewe,15,0,3,3,7,2,3.0,0.0,0.0,0,0.0,0.0,0.0,12.0
2022,10,Hospital Makewe,20,0,0,4,12,4,1.0,2.0,1.0,0,0.0,0.0,1.0,15.0
2022,11,Hospital Makewe,16,0,3,4,8,1,0.0,1.0,0.0,0,0.0,0.0,0.0,15.0
2022,12,Hospital Makewe,24,0,3,10,11,0,3.0,0.0,1.0,0,0.0,0.0,0.0,20.0
2022,13,Hospital Makewe,33,3,5,10,11,4,9.0,0.0,0.0,0,0.0,0.0,1.0,23.0
2022,14,Hospital Makewe,16,1,0,7,7,1,4.0,0.0,0.0,0,0.0,2.0,1.0,9.0
2022,15,Hospital Makewe,24,1,9,7,6,1,2.0,1.0,0.0,0,0.0,1.0,0.0,20.0
2022,16,Hospital Makewe,28,0,6,9,11,2,4.0,1.0,0.0,0,0.0,0.0,0.0,23.0
2022,17,Hospital Makewe,19,1,3,4,11,0,3.0,0.0,0.0,0,0.0,0.0,1.0,15.0
2022,18,Hospital Makewe,28,1,4,8,14,1,11.0,1.0,0.0,0,0.0,0.0,0.0,16.0
2022,19,Hospital Makewe,53,3,4,18,25,3,8.0,1.0,0.0,0,0.0,1.0,0.0,43.0
2022,20,Hospital Makewe,52,1,9,17,20,5,11.0,0.0,0.0,0,0.0,0.0,0.0,41.0
2022,21,Hospital Makewe,34,1,8,12,11,2,9.0,0.0,0.0,0,0.0,1.0,0.0,24.0
2022,22,Hospital Makewe,50,0,10,18,18,4,13.0,1.0,0.0,0,0.0,1.0,0.0,35.0
2022,23,Hospital Makewe,61,2,4,30,19,6,13.0,2.0,0.0,0,0.0,1.0,0.0,45.0
2022,24,Hospital Makewe,56,2,11,22,18,3,28.0,0.0,0.0,0,1.0,0.0,0.0,27.0
2022,25,Hospital Makewe,35,2,2,10,20,1,10.0,1.0,0.0,0,1.0,0.0,0.0,23.0
2022,26,Hospital Makewe,44,5,10,6,20,3,18.0,0.0,0.0,0,0.0,0.0,0.0,26.0
2022,27,Hospital Makewe,31,0,3,4,20,4,6.0,0.0,0.0,0,2.0,0.0,0.0,23.0
2022,28,Hospital Makewe,29,2,4,4,18,1,10.0,0.0,0.0,0,0.0,0.0,0.0,19.0
2022,29,Hospital Makewe,26,1,4,3,15,3,7.0,0.0,0.0,0,0.0,0.0,0.0,19.0
2022,30,Hospital Makewe,26,1,3,0,19,3,7.0,2.0,0.0,0,0.0,0.0,0.0,17.0
2022,31,Hospital Makewe,26,1,3,5,11,6,3.0,2.0,0.0,0,0.0,1.0,2.0,18.0
2022,32,Hospital Makewe,29,0,3,5,19,2,8.0,0.0,0.0,0,0.0,0.0,1.0,20.0
2022,33,Hospital Makewe,72,4,9,20,33,6,22.0,2.0,0.0,0,1.0,3.0,1.0,43.0
2022,34,Hospital Makewe,43,1,4,19,18,1,15.0,0.0,0.0,0,0.0,0.0,0.0,28.0
2022,35,Hospital Makewe,30,1,3,8,14,4,6.0,2.0,0.0,0,0.0,0.0,0.0,22.0
2022,36,Hospital Makewe,40,2,8,8,20,2,16.0,0.0,0.0,0,0.0,0.0,0.0,24.0
2022,37,Hospital Makewe,36,0,8,9,17,2,8.0,2.0,0.0,0,0.0,0.0,0.0,26.0
2022,38,Hospital Makewe,47,1,14,9,20,3,18.0,1.0,0.0,0,0.0,1.0,1.0,26.0
2022,39,Hospital Makewe,47,2,5,14,25,1,12.0,2.0,0.0,0,0.0,0.0,0.0,33.0
2022,40,Hospital Makewe,50,2,5,17,24,2,12.0,0.0,0.0,0,0.0,0.0,0.0,38.0
2022,41,Hospital Makewe,44,2,6,14,19,3,11.0,1.0,0.0,0,0.0,0.0,0.0,32.0
2022,42,Hospital Makewe,47,1,9,17,17,3,17.0,1.0,0.0,0,0.0,1.0,0.0,28.0
2022,43,Hospital Makewe,77,1,10,26,31,9,11.0,4.0,1.0,0,0.0,0.0,0.0,61.0
2022,44,Hospital Makewe,49,2,5,12,27,3,8.0,0.0,0.0,0,0.0,0.0,0.0,41.0
2022,45,Hospital Makewe,65,2,10,27,22,4,11.0,2.0,0.0,0,0.0,0.0,0.0,52.0
2022,46,Hospital Makewe,80,2,16,26,30,6,27.0,1.0,0.0,0,0.0,0.0,0.0,52.0
2022,47,Hospital Makewe,64,0,9,23,26,6,15.0,2.0,0.0,0,0.0,2.0,0.0,45.0
2022,48,Hospital Makewe,47,0,13,12,19,3,8.0,1.0,0.0,0,1.0,0.0,0.0,37.0
2022,49,Hospital Makewe,42,1,4,9,26,2,13.0,2.0,0.0,0,1.0,0.0,0.0,26.0
2022,50,Hospital Makewe,53,1,5,13,29,5,8.0,0.0,0.0,0,0.0,0.0,0.0,45.0
2022,51,Hospital Makewe,30,3,1,1,21,4,5.0,2.0,0.0,0,0.0,2.0,1.0,20.0
2022,52,Hospital Makewe,33,0,6,6,16,5,16.0,2.0,0.0,0,0.0,0.0,1.0,14.0
2023,1,Hospital Makewe,34,2,1,2,28,1,11.0,1.0,0.0,0,1.0,0.0,0.0,21.0
2023,2,Hospital Makewe,22,0,1,1,19,1,1.0,0.0,0.0,0,0.0,0.0,0.0,21.0
2023,3,Hospital Makewe,13,0,2,2,6,3,4.0,1.0,0.0,0,0.0,1.0,1.0,6.0
2023,4,Hospital Makewe,14,0,1,0,9,4,2.0,2.0,0.0,0,0.0,0.0,0.0,10.0
2023,5,Hospital Makewe,19,1,3,3,9,3,2.0,1.0,0.0,0,0.0,1.0,0.0,15.0
2023,6,Hospital Makewe,13,0,3,1,9,0,4.0,0.0,0.0,0,0.0,0.0,0.0,9.0
2023,7,Hospital Makewe,25,3,2,6,12,2,4.0,0.0,0.0,0,0.0,0.0,1.0,20.0
2023,8,Hospital Makewe,12,0,1,0,9,2,2.0,1.0,0.0,0,0.0,0.0,0.0,9.0
2023,9,Hospital Makewe,10,0,0,3,6,1,2.0,0.0,0.0,0,0.0,0.0,0.0,8.0
2023,10,Hospital Makewe,22,2,1,5,12,2,9.0,0.0,0.0,0,0.0,0.0,0.0,13.0
2023,11,Hospital Makewe,48,1,5,19,21,2,14.0,1.0,0.0,0,0.0,0.0,2.0,31.0
2023,12,Hospital Makewe,27,0,2,7,16,2,5.0,1.0,0.0,0,0.0,0.0,0.0,21.0
2023,13,Hospital Makewe,41,3,7,12,15,4,12.0,4.0,0.0,0,0.0,1.0,2.0,22.0
2023,14,Hospital Makewe,30,0,2,6,20,2,10.0,1.0,0.0,0,0.0,0.0,4.0,15.0
2023,15,Hospital Makewe,34,0,5,11,13,5,10.0,2.0,0.0,0,0.0,1.0,0.0,21.0
2023,16,Hospital Makewe,25,1,3,8,13,0,8.0,1.0,0.0,0,0.0,0.0,0.0,16.0
2023,17,Hospital Makewe,55,3,6,23,21,2,14.0,2.0,0.0,0,0.0,0.0,0.0,39.0
2023,18,Hospital Makewe,57,1,13,22,17,4,24.0,2.0,0.0,0,0.0,0.0,2.0,29.0
2023,19,Hospital Makewe,40,0,11,13,13,3,11.0,1.0,0.0,0,0.0,0.0,3.0,25.0
2023,20,Hospital Makewe,42,3,5,18,14,2,16.0,0.0,0.0,0,0.0,1.0,0.0,25.0
2023,21,Hospital Makewe,51,1,6,17,23,4,15.0,1.0,0.0,0,0.0,1.0,0.0,34.0
2023,22,Hospital Makewe,46,0,5,18,19,4,14.0,0.0,0.0,0,0.0,0.0,2.0,30.0
2023,23,Hospital Makewe,48,2,1,17,23,5,16.0,1.0,0.0,0,1.0,1.0,0.0,29.0
2023,24,Hospital Makewe,52,0,3,15,27,7,20.0,2.0,0.0,0,4.0,1.0,2.0,23.0
2023,25,Hospital Makewe,31,1,3,6,16,5,12.0,0.0,0.0,0,0.0,0.0,2.0,17.0
2023,26,Hospital Makewe,30,0,2,6,21,1,6.0,1.0,0.0,0,2.0,1.0,1.0,19.0
2023,27,Hospital Makewe,25,1,5,5,11,3,6.0,1.0,0.0,0,3.0,0.0,0.0,15.0
2023,28,Hospital Makewe,19,0,1,2,14,2,9.0,0.0,0.0,0,1.0,0.0,0.0,9.0
2023,29,Hospital Makewe,18,3,0,3,11,1,5.0,0.0,0.0,0,0.0,0.0,2.0,11.0
2023,30,Hospital Makewe,15,0,1,4,6,4,7.0,2.0,0.0,0,0.0,0.0,0.0,6.0
2023,31,Hospital Makewe,24,0,3,4,15,2,8.0,0.0,0.0,0,0.0,0.0,0.0,16.0
2023,32,Hospital Makewe,34,0,4,13,16,1,3.0,0.0,0.0,0,0.0,1.0,1.0,29.0
2023,33,Hospital Makewe,37,1,4,11,20,1,16.0,0.0,0.0,0,1.0,0.0,0.0,20.0
2023,34,Hospital Makewe,52,0,4,20,26,2,26.0,1.0,0.0,0,0.0,0.0,1.0,24.0
2023,35,Hospital Makewe,48,2,6,18,21,1,12.0,0.0,0.0,0,0.0,0.0,0.0,36.0
2023,36,Hospital Makewe,53,1,6,21,21,4,24.0,2.0,0.0,0,0.0,0.0,1.0,26.0
2023,37,Hospital Makewe,54,0,5,19,24,6,10.0,1.0,0.0,0,0.0,2.0,2.0,39.0
2023,38,Hospital Makewe,43,2,2,7,27,5,14.0,3.0,0.0,0,0.0,0.0,4.0,22.0
2023,39,Hospital Makewe,56,1,8,12,28,7,15.0,1.0,0.0,0,0.0,1.0,1.0,38.0
2023,40,Hospital Makewe,51,1,0,15,30,5,27.0,0.0,0.0,0,0.0,0.0,0.0,24.0
2023,41,Hospital Makewe,47,1,5,17,21,3,16.0,0.0,0.0,0,0.0,2.0,0.0,29.0
2023,42,Hospital Makewe,58,1,8,14,29,6,20.0,1.0,0.0,0,1.0,0.0,0.0,36.0
2023,43,Hospital Makewe,47,0,1,19,23,4,19.0,2.0,0.0,0,0.0,1.0,0.0,25.0
2023,44,Hospital Makewe,43,1,4,9,23,6,7.0,7.0,0.0,0,0.0,1.0,0.0,28.0
2023,45,Hospital Makewe,80,2,4,20,45,9,17.0,6.0,0.0,0,3.0,3.0,2.0,49.0
2023,46,Hospital Makewe,85,0,7,21,47,10,20.0,2.0,0.0,0,2.0,1.0,1.0,59.0
2023,47,Hospital Makewe,63,2,2,15,35,9,11.0,7.0,0.0,0,3.0,0.0,2.0,40.0
2023,48,Hospital Makewe,65,3,6,11,34,11,16.0,5.0,0.0,0,2.0,1.0,1.0,40.0
2023,49,Hospital Makewe,77,5,10,14,37,11,14.0,5.0,0.0,0,0.0,0.0,2.0,56.0
2023,50,Hospital Makewe,60,0,4,12,35,9,10.0,0.0,0.0,0,0.0,3.0,1.0,46.0
2023,51,Hospital Makewe,40,0,3,9,19,9,12.0,4.0,0.0,0,0.0,0.0,2.0,22.0
2023,52,Hospital Makewe,55,2,6,7,34,6,10.0,4.0,0.0,0,0.0,2.0,1.0,38.0
2024,1,Hospital Makewe,63,0,7,10,31,15,9.0,3.0,0.0,0,5.0,1.0,3.0,42.0
2024,2,Hospital Makewe,38,4,5,2,21,6,5.0,3.0,0.0,0,1.0,4.0,0.0,25.0
2024,3,Hospital Makewe,31,0,6,6,16,3,6.0,0.0,0.0,0,0.0,2.0,2.0,21.0
2024,4,Hospital Makewe,44,1,3,7,23,10,10.0,7.0,0.0,0,1.0,1.0,0.0,25.0
2024,5,Hospital Makewe,36,0,3,3,24,6,3.0,1.0,0.0,0,0.0,1.0,2.0,29.0
2024,6,Hospital Makewe,34,1,3,4,17,9,5.0,2.0,0.0,0,0.0,2.0,0.0,25.0
2024,7,Hospital Makewe,52,0,1,9,31,11,11.0,0.0,0.0,0,1.0,2.0,0.0,38.0
2024,8,Hospital Makewe,42,1,5,3,25,8,7.0,2.0,0.0,0,1.0,1.0,2.0,29.0
2024,9,Hospital Makewe,64,2,1,5,49,7,7.0,4.0,1.0,0,3.0,1.0,1.0,47.0
2024,10,Hospital Makewe,60,1,5,6,40,8,1.0,1.0,0.0,0,0.0,0.0,2.0,56.0
2024,11,Hospital Makewe,73,0,4,17,40,12,9.0,3.0,0.0,0,0.0,1.0,0.0,60.0
2024,12,Hospital Makewe,93,3,10,29,39,12,9.0,7.0,0.0,0,2.0,3.0,1.0,71.0
2024,13,Hospital Makewe,94,1,5,21,57,10,25.0,7.0,0.0,0,5.0,3.0,2.0,52.0
2024,14,Hospital Makewe,88,2,8,20,50,8,16.0,3.0,2.0,0,1.0,1.0,1.0,64.0
2024,15,Hospital Makewe,81,5,8,16,43,9,19.0,4.0,0.0,0,2.0,0.0,3.0,53.0
2024,16,Hospital Makewe,115,2,12,47,47,7,39.0,8.0,0.0,0,6.0,1.0,0.0,61.0
2024,17,Hospital Makewe,154,0,12,38,88,16,39.0,2.0,0.0,0,0.0,2.0,4.0,107.0
2024,18,Hospital Makewe,153,1,6,51,80,15,42.0,3.0,0.0,0,11.0,2.0,3.0,92.0
2024,19,Hospital Makewe,154,2,11,38,91,12,35.0,5.0,0.0,0,21.0,1.0,2.0,90.0
2024,20,Hospital Makewe,143,2,10,37,79,15,35.0,3.0,0.0,0,0.0,1.0,2.0,102.0
2024,21,Hospital Makewe,144,4,14,35,81,10,29.0,4.0,0.0,0,17.0,2.0,1.0,91.0
2024,22,Hospital Makewe,113,2,2,30,60,19,26.0,4.0,0.0,0,0.0,3.0,4.0,76.0
2024,23,Hospital Makewe,90,1,8,18,52,11,22.0,7.0,0.0,0,7.0,1.0,1.0,52.0
2024,24,Hospital Makewe,64,2,3,27,30,2,13.0,1.0,0.0,0,0.0,1.0,0.0,49.0
2024,25,Hospital Makewe,54,2,5,8,31,8,15.0,2.0,0.0,0,2.0,0.0,1.0,34.0
2024,26,Hospital Makewe,58,1,5,3,37,12,16.0,5.0,0.0,0,1.0,0.0,1.0,35.0
2024,27,Hospital Makewe,59,1,6,5,34,13,10.0,3.0,0.0,0,0.0,1.0,1.0,44.0
2024,28,Hospital Makewe,45,1,4,6,24,10,7.0,6.0,0.0,0,0.0,0.0,6.0,26.0
2024,29,Hospital Makewe,51,0,6,10,27,8,21.0,2.0,0.0,0,1.0,1.0,1.0,25.0
2024,30,Hospital Makewe,68,0,7,16,34,11,29.0,6.0,0.0,0,0.0,1.0,2.0,30.0
2024,31,Hospital Makewe,54,0,4,16,27,7,13.0,2.0,0.0,0,0.0,1.0,0.0,38.0
2024,32,Hospital Makewe,83,0,7,13,50,13,19.0,3.0,0.0,0,0.0,2.0,3.0,56.0
2024,33,Hospital Makewe,86,0,7,21,48,10,24.0,5.0,0.0,0,0.0,1.0,1.0,55.0
2024,34,Hospital Makewe,147,2,21,39,68,17,54.0,2.0,0.0,0,1.0,1.0,8.0,81.0
2024,35,Hospital Makewe,110,3,17,27,49,14,33.0,3.0,0.0,0,3.0,1.0,7.0,63.0
2024,36,Hospital Makewe,150,2,16,38,72,22,59.0,8.0,0.0,0,0.0,0.0,5.0,78.0
2024,37,Hospital Makewe,111,0,12,30,52,17,39.0,6.0,0.0,0,0.0,3.0,5.0,58.0
2024,38,Hospital Makewe,129,5,19,29,63,13,40.0,9.0,0.0,0,0.0,3.0,4.0,73.0
2024,39,Hospital Makewe,146,4,15,37,74,16,51.0,10.0,0.0,0,1.0,1.0,4.0,79.0
2024,40,Hospital Makewe,113,3,5,26,58,21,38.0,1.0,0.0,0,0.0,3.0,5.0,66.0
2024,41,Hospital Makewe,117,4,7,34,45,27,43.0,6.0,0.0,0,1.0,1.0,13.0,53.0
2024,42,Hospital Makewe,116,2,5,25,74,10,34.0,2.0,0.0,0,2.0,4.0,5.0,69.0
2024,43,Hospital Makewe,110,0,8,50,40,12,33.0,1.0,0.0,0,1.0,1.0,7.0,67.0
2024,44,Hospital Makewe,127,4,13,38,56,16,48.0,6.0,0.0,0,3.0,3.0,3.0,64.0
2024,45,Hospital Makewe,122,1,6,34,65,16,43.0,4.0,0.0,0,3.0,3.0,7.0,62.0
2024,46,Hospital Makewe,101,1,10,30,55,5,31.0,5.0,0.0,0,0.0,1.0,2.0,62.0
2024,47,Hospital Makewe,124,1,5,31,75,12,51.0,2.0,0.0,0,0.0,1.0,4.0,66.0
2024,48,Hospital Makewe,123,1,6,31,68,17,54.0,3.0,0.0,0,1.0,5.0,3.0,57.0
2024,49,Hospital Makewe,129,2,11,35,68,13,42.0,1.0,0.0,0,2.0,1.0,3.0,80.0
2024,50,Hospital Makewe,146,1,12,31,84,18,53.0,5.0,0.0,0,4.0,0.0,2.0,82.0
2024,51,Hospital Makewe,134,1,6,38,77,12,47.0,1.0,0.0,0,2.0,3.0,2.0,79.0
2024,52,Hospital Makewe,112,2,4,20,71,15,28.0,2.0,0.0,0,0.0,4.0,3.0,75.0
2025,1,Hospital Makewe,50,0,2,4,39,5,21.0,1.0,0.0,0,0.0,0.0,0.0,28.0
2025,2,Hospital Makewe,72,0,4,9,45,14,25.0,5.0,0.0,0,1.0,0.0,4.0,37.0
2025,3,Hospital Makewe,62,0,2,9,41,10,16.0,6.0,0.0,0,2.0,2.0,3.0,33.0
2025,4,Hospital Makewe,34,1,2,6,20,5,12.0,1.0,0.0,0,1.0,0.0,0.0,20.0
2025,5,Hospital Makewe,25,0,0,3,15,7,5.0,2.0,0.0,0,0.0,1.0,0.0,17.0
2025,6,Hospital Makewe,32,0,1,4,23,4,9.0,3.0,0.0,0,0.0,1.0,0.0,19.0
2025,7,Hospital Makewe,26,0,2,3,19,2,4.0,0.0,0.0,0,0.0,0.0,0.0,22.0
2025,8,Hospital Makewe,34,1,2,2,21,8,7.0,0.0,0.0,0,0.0,0.0,1.0,26.0
2025,9,Hospital Makewe,23,1,1,5,13,3,6.0,1.0,0.0,0,0.0,2.0,0.0,14.0
2025,10,Hospital Makewe,25,0,1,3,10,11,7.0,1.0,0.0,0,0.0,1.0,0.0,16.0
2025,11,Hospital Makewe,41,0,5,12,19,5,2.0,0.0,0.0,0,1.0,1.0,3.0,34.0
2025,12,Hospital Makewe,81,3,5,32,39,2,16.0,2.0,0.0,0,0.0,0.0,0.0,63.0
2025,13,Hospital Makewe,93,4,4,25,52,8,21.0,3.0,0.0,0,1.0,0.0,2.0,66.0
2025,14,Hospital Makewe,88,2,10,20,46,10,21.0,0.0,0.0,0,1.0,1.0,1.0,64.0
2025,15,Hospital Makewe,77,0,7,19,41,10,28.0,3.0,0.0,0,1.0,2.0,5.0,38.0
2025,16,Hospital Makewe,80,1,12,17,40,10,29.0,4.0,0.0,0,1.0,0.0,2.0,44.0
2025,17,Hospital Makewe,84,1,7,21,41,14,30.0,2.0,1.0,0,0.0,1.0,2.0,48.0
2025,18,Hospital Makewe,89,0,5,22,40,22,21.0,10.0,0.0,0,0.0,0.0,5.0,53.0
2025,19,Hospital Makewe,91,2,8,16,54,11,30.0,5.0,0.0,0,0.0,0.0,1.0,55.0
2025,20,Hospital Makewe,121,2,9,29,66,15,41.0,4.0,0.0,0,0.0,2.0,3.0,71.0
2025,21,Hospital Makewe,102,0,6,22,60,14,27.0,3.0,0.0,0,6.0,0.0,3.0,63.0
2025,22,Hospital Makewe,122,0,9,41,55,17,38.0,3.0,0.0,0,0.0,4.0,3.0,74.0
2025,23,Hospital Makewe,132,0,14,30,76,12,23.0,3.0,0.0,0,9.0,0.0,10.0,87.0
2025,24,Hospital Makewe,142,2,13,31,81,15,22.0,3.0,0.0,0,7.0,1.0,2.0,107.0
2025,25,Hospital Makewe,96,2,13,21,51,9,24.0,5.0,0.0,0,4.0,2.0,1.0,60.0
2025,26,Hospital Makewe,105,1,5,17,65,17,27.0,6.0,0.0,0,6.0,1.0,3.0,62.0
2025,27,Hospital Makewe,68,1,6,9,39,13,22.0,2.0,0.0,0,0.0,1.0,3.0,40.0
2025,28,Hospital Makewe,66,1,5,15,32,13,25.0,3.0,0.0,0,2.0,1.0,3.0,32.0
2025,29,Hospital Makewe,65,0,5,15,37,8,28.0,4.0,0.0,0,0.0,1.0,0.0,32.0
2025,30,Hospital Makewe,123,2,5,39,62,15,35.0,4.0,0.0,0,3.0,1.0,2.0,78.0
2025,31,Hospital Makewe,114,2,6,47,45,14,47.0,3.0,0.0,0,3.0,0.0,3.0,58.0
2025,32,Hospital Makewe,155,0,16,46,75,18,65.0,5.0,0.0,0,1.0,1.0,3.0,80.0
2025,33,Hospital Makewe,159,1,19,44,72,23,50.0,7.0,0.0,0,0.0,3.0,6.0,93.0
2025,34,Hospital Makewe,139,1,17,36,74,11,43.0,1.0,0.0,0,0.0,3.0,5.0,87.0
2025,35,Hospital Makewe,117,0,10,32,61,14,35.0,3.0,0.0,0,2.0,1.0,1.0,75.0
2025,36,Hospital Makewe,128,2,12,29,63,22,30.0,1.0,0.0,0,0.0,4.0,4.0,89.0
2025,37,Hospital Makewe,117,2,12,23,58,22,23.0,5.0,0.0,0,8.0,0.0,11.0,70.0
2025,38,Hospital Makewe,118,0,10,24,69,15,25.0,8.0,0.0,0,1.0,0.0,6.0,78.0
2025,39,Hospital Makewe,116,4,7,18,74,13,39.0,1.0,0.0,0,0.0,1.0,4.0,71.0
2025,40,Hospital Makewe,111,3,12,25,54,17,23.0,2.0,0.0,0,1.0,0.0,0.0,85.0
2025,41,Hospital Makewe,127,2,10,27,72,16,17.0,0.0,0.0,0,1.0,0.0,3.0,106.0
2025,42,Hospital Makewe,108,3,11,21,66,7,23.0,4.0,0.0,0,0.0,1.0,5.0,75.0
2025,43,Hospital Makewe,143,3,5,31,85,19,34.0,7.0,0.0,0,2.0,2.0,1.0,97.0
2025,44,Hospital Makewe,101,5,8,23,53,12,20.0,6.0,0.0,0,2.0,3.0,3.0,67.0
2025,45,Hospital Makewe,115,1,4,23,71,16,20.0,9.0,0.0,0,0.0,2.0,6.0,78.0
2025,46,Hospital Makewe,105,0,12,25,55,13,24.0,2.0,0.0,0,0.0,2.0,1.0,76.0
2025,47,Hospital Makewe,107,3,11,29,51,13,26.0,3.0,0.0,0,0.0,2.0,6.0,70.0
2025,48,Hospital Makewe,82,3,4,18,41,16,21.0,3.0,0.0,0,5.0,2.0,1.0,50.0
2025,49,Hospital Makewe,98,1,6,22,58,11,20.0,5.0,0.0,0,12.0,0.0,1.0,60.0
2025,50,Hospital Makewe,99,2,9,16,53,19,19.0,2.0,0.0,0,2.0,2.0,2.0,72.0
2025,51,Hospital Makewe,90,1,5,14,57,13,21.0,5.0,0.0,0,5.0,0.0,4.0,55.0
2025,52,Hospital Makewe,103,3,9,19,63,9,11.0,2.0,0.0,0,3.0,4.0,3.0,80.0
2025,53,Hospital Makewe,42,0,2,4,25,11,1.0,2.0,0.0,0,1.0,1.0,2.0,35.0
2026,1,Hospital Makewe,86,0,6,12,47,21,14.0,3.0,0.0,0,0.0,0.0,3.0,66.0
2026,2,Hospital Makewe,45,0,2,10,25,8,12.0,1.0,0.0,0,0.0,0.0,0.0,32.0
2026,3,Hospital Makewe,44,0,2,6,28,8,7.0,3.0,0.0,0,0.0,4.0,1.0,29.0
2026,4,Hospital Makewe,47,0,3,11,26,7,14.0,2.0,0.0,0,0.0,1.0,3.0,27.0
2026,5,Hospital Makewe,46,1,1,6,27,11,6.0,3.0,0.0,0,0.0,0.0,0.0,37.0
2026,6,Hospital Makewe,40,1,1,6,24,8,4.0,2.0,0.0,0,0.0,0.0,5.0,29.0
2026,7,Hospital Makewe,45,2,4,5,29,5,7.0,0.0,0.0,0,0.0,0.0,0.0,38.0
2026,8,Hospital Makewe,41,0,5,3,21,12,10.0,5.0,0.0,0,2.0,0.0,0.0,24.0
2026,9,Hospital Makewe,56,1,3,6,39,7,10.0,1.0,0.0,0,0.0,0.0,0.0,45.0
2026,53,Hospital Makewe,33,1,4,1,18,9,11.0,1.0,0.0,0,1.0,0.0,2.0,18.0
2020,18,SAPU Amanecer,0,0,0,0,0,0,0.0,0.0,0.0,0,0.0,0.0,0.0,0.0
2020,29,SAPU Amanecer,3,0,0,0,2,1,0.0,2.0,0.0,0,0.0,0.0,0.0,1.0
2020,48,SAPU Amanecer,7,0,0,0,6,1,1.0,1.0,0.0,0,1.0,0.0,0.0,4.0
2020,49,SAPU Amanecer,16,0,0,1,10,5,4.0,4.0,0.0,0,2.0,2.0,0.0,4.0
2020,50,SAPU Amanecer,16,0,3,2,10,1,4.0,3.0,0.0,0,1.0,1.0,1.0,6.0
2020,51,SAPU Amanecer,21,1,1,2,13,4,2.0,5.0,0.0,0,0.0,4.0,0.0,10.0
2020,52,SAPU Amanecer,23,1,3,1,15,3,0.0,5.0,0.0,0,3.0,1.0,0.0,14.0
2020,53,SAPU Amanecer,24,1,1,2,19,1,2.0,3.0,0.0,0,0.0,5.0,0.0,14.0
2021,1,SAPU Amanecer,30,2,2,2,18,6,7.0,4.0,0.0,0,4.0,3.0,1.0,11.0
2021,2,SAPU Amanecer,40,1,7,1,26,5,11.0,8.0,0.0,0,1.0,2.0,0.0,18.0
2021,3,SAPU Amanecer,29,0,3,3,18,5,7.0,3.0,0.0,0,1.0,1.0,0.0,17.0
2021,4,SAPU Amanecer,17,1,1,0,13,2,1.0,3.0,0.0,0,0.0,2.0,0.0,11.0
2021,5,SAPU Amanecer,19,0,5,2,8,4,4.0,3.0,0.0,0,0.0,1.0,0.0,11.0
2021,6,SAPU Amanecer,19,0,1,1,14,3,4.0,3.0,1.0,0,0.0,1.0,0.0,10.0
2021,7,SAPU Amanecer,24,0,4,4,10,6,5.0,4.0,0.0,0,0.0,0.0,0.0,15.0
2021,8,SAPU Amanecer,22,1,0,2,15,4,7.0,2.0,0.0,0,1.0,1.0,0.0,11.0
2021,9,SAPU Amanecer,40,1,4,1,28,6,10.0,2.0,0.0,0,0.0,2.0,1.0,25.0
2021,10,SAPU Amanecer,49,0,2,2,39,6,12.0,2.0,0.0,0,1.0,2.0,0.0,32.0
2021,11,SAPU Amanecer,35,1,2,3,23,6,7.0,2.0,0.0,0,0.0,1.0,1.0,24.0
2021,12,SAPU Amanecer,47,1,3,7,30,6,18.0,4.0,4.0,0,1.0,1.0,0.0,19.0
2021,13,SAPU Amanecer,28,0,2,4,21,1,1.0,3.0,2.0,0,1.0,1.0,0.0,20.0
2021,14,SAPU Amanecer,36,0,1,2,30,3,15.0,3.0,0.0,0,4.0,0.0,0.0,14.0
2021,15,SAPU Amanecer,23,3,1,1,14,4,6.0,3.0,0.0,0,2.0,0.0,0.0,12.0
2021,16,SAPU Amanecer,32,1,1,1,22,7,18.0,1.0,1.0,0,2.0,1.0,0.0,9.0
2021,17,SAPU Amanecer,21,0,2,4,15,0,3.0,0.0,3.0,0,1.0,0.0,0.0,14.0
2021,18,SAPU Amanecer,17,0,0,2,14,1,6.0,2.0,0.0,0,2.0,0.0,0.0,7.0
2021,19,SAPU Amanecer,14,0,0,1,10,3,4.0,2.0,0.0,0,0.0,0.0,0.0,8.0
2021,20,SAPU Amanecer,32,0,2,2,20,8,9.0,3.0,0.0,0,1.0,2.0,0.0,17.0
2021,21,SAPU Amanecer,26,0,2,3,14,7,7.0,5.0,2.0,0,0.0,0.0,0.0,12.0
2021,22,SAPU Amanecer,46,0,5,7,34,0,7.0,1.0,3.0,0,0.0,1.0,0.0,34.0
2021,23,SAPU Amanecer,43,2,9,4,25,3,17.0,1.0,0.0,0,1.0,1.0,1.0,22.0
2021,24,SAPU Amanecer,40,2,6,2,25,5,16.0,3.0,0.0,0,0.0,0.0,0.0,21.0
2021,25,SAPU Amanecer,36,0,1,4,27,4,5.0,1.0,1.0,0,0.0,0.0,0.0,29.0
2021,26,SAPU Amanecer,45,1,2,7,33,2,7.0,7.0,1.0,0,1.0,0.0,0.0,29.0
2021,27,SAPU Amanecer,41,1,1,4,29,6,15.0,5.0,0.0,0,0.0,2.0,0.0,19.0
2021,28,SAPU Amanecer,41,1,3,6,29,2,7.0,4.0,1.0,0,0.0,1.0,0.0,28.0
2021,29,SAPU Amanecer,36,1,4,4,23,4,6.0,6.0,0.0,0,0.0,2.0,0.0,22.0
2021,30,SAPU Amanecer,26,0,1,4,18,3,10.0,2.0,0.0,0,0.0,0.0,0.0,14.0
2021,31,SAPU Amanecer,43,1,5,8,23,6,13.0,2.0,0.0,0,2.0,1.0,0.0,25.0
2021,32,SAPU Amanecer,46,3,0,5,33,5,12.0,4.0,0.0,0,0.0,2.0,0.0,28.0
2021,33,SAPU Amanecer,39,1,3,1,32,2,14.0,1.0,0.0,0,4.0,1.0,1.0,18.0
2021,34,SAPU Amanecer,35,0,5,3,19,8,8.0,3.0,0.0,0,1.0,0.0,1.0,22.0
2021,35,SAPU Amanecer,28,0,1,2,15,10,7.0,4.0,0.0,0,1.0,2.0,1.0,13.0
2021,36,SAPU Amanecer,30,1,5,6,17,1,12.0,1.0,0.0,0,2.0,0.0,0.0,15.0
2021,37,SAPU Amanecer,37,0,10,6,19,2,13.0,1.0,1.0,0,2.0,0.0,0.0,20.0
2021,38,SAPU Amanecer,42,3,9,7,21,2,6.0,5.0,0.0,0,0.0,2.0,0.0,29.0
2021,39,SAPU Amanecer,39,2,14,6,17,0,10.0,3.0,1.0,0,0.0,0.0,1.0,24.0
2021,40,SAPU Amanecer,53,3,13,4,26,7,13.0,4.0,0.0,0,4.0,2.0,0.0,30.0
2021,41,SAPU Amanecer,46,2,15,8,18,3,17.0,7.0,0.0,0,0.0,0.0,0.0,22.0
2021,42,SAPU Amanecer,34,1,8,7,14,4,8.0,3.0,0.0,0,0.0,2.0,1.0,20.0
2021,43,SAPU Amanecer,46,1,14,9,16,6,11.0,1.0,0.0,0,2.0,1.0,0.0,31.0
2021,44,SAPU Amanecer,48,3,12,6,26,1,9.0,1.0,0.0,0,0.0,2.0,0.0,36.0
2021,45,SAPU Amanecer,58,6,12,9,21,10,11.0,4.0,0.0,0,1.0,1.0,1.0,40.0
2021,46,SAPU Amanecer,61,2,18,9,31,1,16.0,4.0,0.0,0,2.0,3.0,0.0,36.0
2021,47,SAPU Amanecer,72,3,13,9,40,7,19.0,8.0,0.0,0,1.0,5.0,0.0,39.0
2021,48,SAPU Amanecer,66,0,18,8,34,6,19.0,3.0,0.0,0,1.0,2.0,0.0,41.0
2021,49,SAPU Amanecer,58,0,12,6,33,7,15.0,6.0,0.0,0,0.0,5.0,0.0,32.0
2021,50,SAPU Amanecer,85,0,21,9,45,10,20.0,4.0,0.0,0,2.0,3.0,1.0,55.0
2021,51,SAPU Amanecer,52,1,8,7,29,7,8.0,6.0,0.0,0,1.0,3.0,1.0,33.0
2021,52,SAPU Amanecer,57,3,11,4,32,7,17.0,5.0,0.0,0,0.0,6.0,0.0,29.0
2021,53,SAPU Amanecer,5,0,1,1,3,0,1.0,0.0,0.0,0,0.0,1.0,0.0,3.0
2022,1,SAPU Amanecer,61,1,7,10,34,9,16.0,7.0,0.0,0,0.0,2.0,1.0,35.0
2022,2,SAPU Amanecer,68,0,10,11,36,11,13.0,5.0,0.0,0,1.0,2.0,0.0,47.0
2022,3,SAPU Amanecer,69,3,5,8,48,5,19.0,2.0,1.0,0,0.0,4.0,0.0,43.0
2022,4,SAPU Amanecer,65,1,13,10,30,11,10.0,6.0,3.0,0,0.0,2.0,1.0,43.0
2022,5,SAPU Amanecer,87,1,8,8,51,19,15.0,2.0,1.0,0,0.0,1.0,1.0,67.0
2022,6,SAPU Amanecer,74,1,2,7,49,15,7.0,3.0,2.0,0,0.0,0.0,0.0,62.0
2022,7,SAPU Amanecer,60,4,3,7,41,5,9.0,4.0,0.0,0,0.0,1.0,0.0,46.0
2022,8,SAPU Amanecer,53,0,2,8,36,7,7.0,7.0,2.0,0,0.0,0.0,1.0,36.0
2022,9,SAPU Amanecer,38,2,5,5,17,9,6.0,4.0,1.0,0,0.0,2.0,0.0,25.0
2022,10,SAPU Amanecer,48,0,9,12,23,4,6.0,6.0,1.0,0,1.0,0.0,0.0,34.0
2022,11,SAPU Amanecer,98,1,18,32,38,9,26.0,6.0,0.0,0,0.0,1.0,1.0,64.0
2022,12,SAPU Amanecer,87,1,22,31,32,1,38.0,2.0,0.0,0,4.0,2.0,0.0,41.0
2022,13,SAPU Amanecer,73,2,18,25,23,5,10.0,2.0,0.0,0,1.0,3.0,0.0,57.0
2022,14,SAPU Amanecer,66,1,21,13,27,4,30.0,5.0,0.0,0,2.0,4.0,0.0,25.0
2022,15,SAPU Amanecer,89,2,23,18,38,8,30.0,4.0,0.0,0,2.0,1.0,0.0,52.0
2022,16,SAPU Amanecer,79,2,24,20,28,5,26.0,0.0,0.0,0,0.0,3.0,0.0,50.0
2022,17,SAPU Amanecer,92,4,22,26,32,8,31.0,1.0,0.0,0,3.0,3.0,1.0,53.0
2022,18,SAPU Amanecer,145,1,23,49,61,11,39.0,9.0,0.0,0,5.0,1.0,2.0,89.0
2022,19,SAPU Amanecer,131,5,28,29,62,7,70.0,8.0,0.0,0,5.0,1.0,0.0,47.0
2022,20,SAPU Amanecer,152,4,23,42,72,11,56.0,7.0,0.0,0,6.0,8.0,2.0,73.0
2022,21,SAPU Amanecer,145,2,24,51,64,4,50.0,4.0,0.0,0,0.0,0.0,2.0,89.0
2022,22,SAPU Amanecer,168,4,20,52,81,11,59.0,11.0,0.0,0,8.0,5.0,2.0,83.0
2022,23,SAPU Amanecer,168,2,22,38,88,18,45.0,15.0,0.0,0,1.0,3.0,3.0,101.0
2022,24,SAPU Amanecer,171,1,22,43,95,10,45.0,13.0,0.0,0,1.0,11.0,2.0,99.0
2022,25,SAPU Amanecer,155,7,24,27,85,12,39.0,13.0,0.0,0,3.0,3.0,1.0,96.0
2022,26,SAPU Amanecer,155,5,16,20,95,19,37.0,11.0,0.0,0,0.0,3.0,2.0,102.0
2022,27,SAPU Amanecer,102,2,11,14,63,12,30.0,6.0,0.0,0,3.0,2.0,0.0,61.0
2022,28,SAPU Amanecer,119,5,9,9,83,13,36.0,7.0,1.0,0,1.0,3.0,0.0,71.0
2022,29,SAPU Amanecer,89,1,5,10,60,13,14.0,11.0,0.0,0,2.0,9.0,1.0,52.0
2022,30,SAPU Amanecer,81,0,11,9,51,10,33.0,7.0,0.0,0,0.0,2.0,2.0,37.0
2022,31,SAPU Amanecer,94,1,7,22,53,11,30.0,8.0,0.0,0,2.0,3.0,1.0,50.0
2022,32,SAPU Amanecer,148,3,24,44,65,12,39.0,10.0,1.0,0,0.0,3.0,0.0,95.0
2022,33,SAPU Amanecer,162,1,32,50,72,7,39.0,3.0,0.0,0,2.0,2.0,0.0,116.0
2022,34,SAPU Amanecer,163,2,32,47,69,13,55.0,9.0,0.0,0,2.0,1.0,0.0,96.0
2022,35,SAPU Amanecer,150,4,20,44,68,14,32.0,11.0,1.0,0,6.0,5.0,2.0,93.0
2022,36,SAPU Amanecer,141,5,32,32,65,7,30.0,2.0,0.0,0,7.0,0.0,1.0,101.0
2022,37,SAPU Amanecer,97,2,15,25,43,12,20.0,5.0,0.0,0,5.0,0.0,4.0,63.0
2022,38,SAPU Amanecer,171,3,23,33,100,12,43.0,12.0,1.0,0,5.0,10.0,0.0,100.0
2022,39,SAPU Amanecer,145,1,22,30,74,18,30.0,11.0,0.0,0,1.0,3.0,1.0,99.0
2022,40,SAPU Amanecer,133,1,31,21,69,11,32.0,8.0,1.0,0,5.0,4.0,2.0,81.0
2022,41,SAPU Amanecer,191,6,28,64,75,18,57.0,8.0,0.0,0,3.0,3.0,0.0,120.0
2022,42,SAPU Amanecer,204,5,31,62,93,13,41.0,3.0,2.0,0,8.0,2.0,1.0,147.0
2022,43,SAPU Amanecer,230,2,28,78,101,21,77.0,12.0,0.0,0,4.0,3.0,2.0,132.0
2022,44,SAPU Amanecer,233,2,19,63,115,34,69.0,8.0,1.0,0,8.0,3.0,3.0,141.0
2022,45,SAPU Amanecer,216,6,27,57,106,20,44.0,5.0,2.0,0,9.0,2.0,2.0,152.0
2022,46,SAPU Amanecer,161,3,33,45,68,12,47.0,3.0,0.0,0,17.0,7.0,1.0,86.0
2022,47,SAPU Amanecer,170,4,21,31,99,15,29.0,8.0,2.0,0,18.0,5.0,0.0,108.0
2022,48,SAPU Amanecer,133,4,23,37,59,10,40.0,5.0,0.0,0,3.0,3.0,1.0,81.0
2022,49,SAPU Amanecer,81,2,10,13,45,11,15.0,6.0,0.0,0,2.0,0.0,1.0,57.0
2022,50,SAPU Amanecer,104,3,18,16,58,9,11.0,6.0,0.0,0,2.0,4.0,2.0,79.0
2022,51,SAPU Amanecer,67,3,10,12,31,11,16.0,2.0,0.0,0,1.0,1.0,0.0,47.0
2022,52,SAPU Amanecer,84,1,10,4,55,14,13.0,4.0,0.0,0,4.0,4.0,4.0,55.0
2023,1,SAPU Amanecer,85,2,11,4,51,17,15.0,5.0,0.0,0,1.0,2.0,3.0,59.0
2023,2,SAPU Amanecer,69,4,8,7,44,6,14.0,4.0,0.0,0,2.0,2.0,0.0,47.0
2023,3,SAPU Amanecer,52,2,6,7,30,7,5.0,2.0,0.0,0,1.0,1.0,2.0,41.0
2023,4,SAPU Amanecer,38,0,3,1,31,3,6.0,1.0,1.0,0,1.0,2.0,0.0,27.0
2023,5,SAPU Amanecer,37,2,6,2,26,1,6.0,2.0,0.0,0,1.0,1.0,1.0,26.0
2023,6,SAPU Amanecer,36,3,4,2,24,3,2.0,0.0,0.0,0,0.0,3.0,1.0,30.0
2023,7,SAPU Amanecer,47,3,8,3,25,8,5.0,2.0,0.0,0,3.0,2.0,1.0,34.0
2023,8,SAPU Amanecer,47,1,7,4,28,7,14.0,4.0,0.0,0,0.0,2.0,0.0,27.0
2023,9,SAPU Amanecer,49,0,3,5,36,5,5.0,6.0,0.0,0,8.0,3.0,3.0,24.0
2023,10,SAPU Amanecer,84,3,7,17,47,10,10.0,4.0,1.0,0,3.0,3.0,2.0,61.0
2023,11,SAPU Amanecer,141,0,24,46,58,13,23.0,6.0,1.0,0,11.0,3.0,2.0,95.0
2023,12,SAPU Amanecer,141,3,20,30,81,7,31.0,6.0,0.0,0,3.0,1.0,0.0,100.0
2023,13,SAPU Amanecer,140,1,24,36,67,12,32.0,8.0,2.0,0,3.0,4.0,0.0,91.0
2023,14,SAPU Amanecer,109,4,13,30,55,7,12.0,6.0,0.0,0,1.0,3.0,2.0,85.0
2023,15,SAPU Amanecer,123,3,20,33,57,10,34.0,15.0,0.0,0,1.0,1.0,4.0,68.0
2023,16,SAPU Amanecer,128,4,29,41,38,16,39.0,12.0,0.0,0,4.0,1.0,4.0,68.0
2023,17,SAPU Amanecer,163,3,45,50,59,6,77.0,8.0,0.0,0,9.0,1.0,1.0,67.0
2023,18,SAPU Amanecer,236,4,60,90,73,9,56.0,10.0,0.0,0,11.0,3.0,4.0,152.0
2023,19,SAPU Amanecer,196,12,42,54,74,14,51.0,12.0,0.0,0,12.0,2.0,3.0,116.0
2023,20,SAPU Amanecer,196,6,43,54,82,11,45.0,10.0,0.0,0,17.0,4.0,4.0,116.0
2023,21,SAPU Amanecer,148,4,17,49,65,13,25.0,6.0,0.0,0,8.0,2.0,5.0,102.0
2023,22,SAPU Amanecer,222,5,26,68,106,17,70.0,6.0,0.0,0,12.0,2.0,3.0,129.0
2023,23,SAPU Amanecer,181,2,17,40,110,12,44.0,10.0,0.0,0,19.0,4.0,12.0,92.0
2023,24,SAPU Amanecer,158,3,10,29,97,19,49.0,15.0,0.0,0,7.0,3.0,6.0,78.0
2023,25,SAPU Amanecer,135,2,8,21,81,23,25.0,11.0,0.0,0,8.0,3.0,11.0,77.0
2023,26,SAPU Amanecer,125,2,17,27,65,14,47.0,5.0,0.0,0,6.0,2.0,15.0,50.0
2023,27,SAPU Amanecer,82,1,6,10,54,11,25.0,4.0,0.0,0,2.0,1.0,3.0,47.0
2023,28,SAPU Amanecer,83,2,9,9,54,9,16.0,5.0,0.0,0,11.0,1.0,5.0,45.0
2023,29,SAPU Amanecer,95,3,2,9,67,14,16.0,7.0,0.0,0,1.0,3.0,3.0,65.0
2023,30,SAPU Amanecer,127,5,16,28,70,8,35.0,10.0,0.0,0,0.0,4.0,5.0,73.0
2023,31,SAPU Amanecer,125,2,12,30,64,17,47.0,6.0,0.0,0,1.0,3.0,4.0,64.0
2023,32,SAPU Amanecer,163,2,16,34,103,8,44.0,13.0,0.0,0,10.0,4.0,5.0,87.0
2023,33,SAPU Amanecer,148,7,14,35,82,10,33.0,7.0,0.0,0,9.0,3.0,4.0,92.0
2023,34,SAPU Amanecer,131,2,12,23,85,9,31.0,10.0,0.0,0,7.0,1.0,1.0,81.0
2023,35,SAPU Amanecer,173,1,29,48,85,10,63.0,8.0,0.0,0,5.0,7.0,2.0,88.0
2023,36,SAPU Amanecer,156,5,8,40,85,18,30.0,3.0,0.0,0,13.0,1.0,4.0,105.0
2023,37,SAPU Amanecer,189,7,28,40,96,18,68.0,6.0,0.0,0,7.0,4.0,2.0,102.0
2023,38,SAPU Amanecer,194,3,28,40,95,28,52.0,11.0,0.0,0,7.0,3.0,7.0,114.0
2023,39,SAPU Amanecer,179,3,25,43,82,26,70.0,8.0,0.0,0,15.0,2.0,2.0,82.0
2023,40,SAPU Amanecer,179,1,11,36,106,25,53.0,6.0,0.0,0,5.0,1.0,5.0,109.0
2023,41,SAPU Amanecer,198,3,19,45,102,29,44.0,20.0,0.0,0,12.0,5.0,6.0,111.0
2023,42,SAPU Amanecer,201,2,32,47,97,23,38.0,16.0,0.0,0,8.0,5.0,1.0,133.0
2023,43,SAPU Amanecer,192,4,19,43,107,19,44.0,6.0,0.0,0,8.0,3.0,2.0,129.0
2023,44,SAPU Amanecer,203,4,23,36,113,27,66.0,14.0,0.0,0,5.0,3.0,3.0,112.0
2023,45,SAPU Amanecer,172,5,14,28,106,19,33.0,6.0,0.0,0,2.0,7.0,0.0,124.0
2023,46,SAPU Amanecer,157,3,22,28,90,14,49.0,6.0,0.0,0,4.0,4.0,2.0,92.0
2023,47,SAPU Amanecer,142,1,15,39,71,16,35.0,8.0,0.0,0,1.0,2.0,5.0,91.0
2023,48,SAPU Amanecer,134,3,13,27,71,20,18.0,3.0,6.0,0,3.0,2.0,3.0,99.0
2023,49,SAPU Amanecer,140,2,19,38,65,16,24.0,7.0,0.0,0,6.0,0.0,1.0,102.0
2023,50,SAPU Amanecer,105,3,25,23,46,8,28.0,10.0,0.0,0,4.0,4.0,0.0,59.0
2023,51,SAPU Amanecer,112,0,10,13,73,16,36.0,7.0,1.0,0,6.0,4.0,2.0,56.0
2023,52,SAPU Amanecer,96,2,9,10,55,20,11.0,6.0,0.0,0,9.0,8.0,3.0,59.0
2024,1,SAPU Amanecer,107,3,12,16,55,21,19.0,7.0,0.0,0,2.0,5.0,1.0,73.0
2024,2,SAPU Amanecer,57,0,3,5,37,12,7.0,5.0,0.0,0,2.0,2.0,1.0,40.0
2024,3,SAPU Amanecer,67,0,9,12,38,8,7.0,7.0,2.0,0,1.0,2.0,2.0,46.0
2024,4,SAPU Amanecer,58,1,7,6,34,10,6.0,3.0,0.0,0,1.0,4.0,3.0,41.0
2024,5,SAPU Amanecer,50,1,2,7,28,12,6.0,2.0,5.0,0,2.0,3.0,1.0,31.0
2024,6,SAPU Amanecer,51,1,3,1,38,8,13.0,3.0,6.0,0,4.0,0.0,2.0,23.0
2024,7,SAPU Amanecer,64,2,5,4,43,10,4.0,3.0,5.0,0,3.0,0.0,1.0,48.0
2024,8,SAPU Amanecer,65,0,8,3,42,12,14.0,1.0,6.0,0,1.0,4.0,0.0,39.0
2024,9,SAPU Amanecer,75,4,7,7,46,11,4.0,3.0,14.0,0,7.0,2.0,1.0,44.0
2024,10,SAPU Amanecer,76,1,4,7,50,14,4.0,2.0,4.0,0,2.0,2.0,2.0,60.0
2024,11,SAPU Amanecer,88,1,11,24,42,10,17.0,6.0,5.0,0,1.0,2.0,0.0,57.0
2024,12,SAPU Amanecer,147,5,19,35,76,12,10.0,5.0,2.0,0,3.0,1.0,0.0,126.0
2024,13,SAPU Amanecer,116,3,9,24,65,15,38.0,4.0,1.0,0,4.0,1.0,2.0,66.0
2024,14,SAPU Amanecer,99,4,16,17,55,7,8.0,11.0,0.0,0,3.0,1.0,0.0,76.0
2024,15,SAPU Amanecer,146,8,11,42,76,9,22.0,9.0,0.0,0,3.0,1.0,1.0,110.0
2024,16,SAPU Amanecer,156,2,14,56,74,10,37.0,6.0,0.0,0,3.0,2.0,1.0,107.0
2024,17,SAPU Amanecer,173,2,19,46,89,17,21.0,13.0,0.0,0,11.0,4.0,3.0,121.0
2024,18,SAPU Amanecer,241,2,22,64,136,17,41.0,7.0,0.0,0,20.0,3.0,4.0,166.0
2024,19,SAPU Amanecer,178,3,14,39,95,27,29.0,4.0,0.0,0,18.0,0.0,3.0,124.0
2024,20,SAPU Amanecer,175,1,14,39,110,11,30.0,5.0,0.0,0,12.0,1.0,0.0,127.0
2024,21,SAPU Amanecer,200,2,9,34,135,20,32.0,15.0,0.0,0,18.0,6.0,0.0,129.0
2024,22,SAPU Amanecer,136,4,7,22,89,14,28.0,7.0,0.0,0,8.0,0.0,1.0,92.0
2024,23,SAPU Amanecer,116,3,9,27,70,7,23.0,3.0,0.0,0,23.0,2.0,0.0,65.0
2024,24,SAPU Amanecer,97,2,12,19,51,13,12.0,3.0,0.0,0,7.0,2.0,0.0,73.0
2024,25,SAPU Amanecer,78,0,9,13,52,4,15.0,2.0,0.0,0,5.0,2.0,4.0,50.0
2024,26,SAPU Amanecer,72,2,4,10,54,2,13.0,4.0,0.0,0,1.0,2.0,0.0,52.0
2024,27,SAPU Amanecer,37,0,2,4,26,5,4.0,3.0,0.0,0,3.0,0.0,1.0,26.0
2024,28,SAPU Amanecer,62,1,2,15,33,11,16.0,3.0,0.0,0,1.0,0.0,2.0,40.0
2024,29,SAPU Amanecer,78,2,11,19,34,12,12.0,9.0,0.0,0,1.0,5.0,4.0,47.0
2024,30,SAPU Amanecer,93,0,19,24,44,6,17.0,7.0,0.0,0,0.0,2.0,0.0,67.0
2024,31,SAPU Amanecer,107,3,24,25,46,9,37.0,6.0,0.0,0,9.0,2.0,2.0,51.0
2024,32,SAPU Amanecer,117,2,21,15,65,14,34.0,6.0,0.0,0,3.0,4.0,2.0,68.0
2024,33,SAPU Amanecer,176,6,37,37,80,16,25.0,10.0,0.0,0,0.0,3.0,3.0,135.0
2024,34,SAPU Amanecer,147,1,23,32,69,22,39.0,9.0,0.0,0,8.0,1.0,9.0,81.0
2024,35,SAPU Amanecer,145,3,19,31,68,24,51.0,10.0,0.0,0,4.0,0.0,3.0,77.0
2024,36,SAPU Amanecer,106,5,12,35,42,12,41.0,6.0,0.0,0,1.0,1.0,2.0,55.0
2024,37,SAPU Amanecer,122,5,17,25,58,17,28.0,10.0,0.0,0,2.0,2.0,0.0,80.0
2024,38,SAPU Amanecer,173,4,20,30,99,20,78.0,13.0,0.0,0,8.0,2.0,2.0,70.0
2024,39,SAPU Amanecer,154,4,24,30,85,11,42.0,13.0,0.0,0,3.0,2.0,1.0,93.0
2024,40,SAPU Amanecer,114,1,13,24,61,15,34.0,10.0,0.0,0,0.0,0.0,1.0,69.0
2024,41,SAPU Amanecer,154,3,15,29,90,17,37.0,13.0,0.0,0,4.0,1.0,3.0,96.0
2024,42,SAPU Amanecer,144,2,15,39,75,13,38.0,7.0,0.0,0,9.0,4.0,3.0,83.0
2024,43,SAPU Amanecer,162,3,18,45,78,18,39.0,13.0,0.0,0,3.0,3.0,3.0,101.0
2024,44,SAPU Amanecer,170,5,21,34,92,18,33.0,7.0,0.0,0,9.0,2.0,3.0,116.0
2024,45,SAPU Amanecer,138,4,15,29,79,11,27.0,12.0,0.0,0,4.0,3.0,1.0,91.0
2024,46,SAPU Amanecer,154,1,18,28,93,14,41.0,4.0,0.0,0,4.0,2.0,3.0,100.0
2024,47,SAPU Amanecer,139,2,11,34,73,19,33.0,8.0,0.0,0,6.0,1.0,0.0,91.0
2024,48,SAPU Amanecer,150,5,10,38,86,11,38.0,6.0,0.0,0,3.0,5.0,3.0,95.0
2024,49,SAPU Amanecer,171,1,16,34,94,26,38.0,5.0,0.0,0,7.0,6.0,1.0,114.0
2024,50,SAPU Amanecer,169,1,14,36,86,32,34.0,10.0,0.0,0,0.0,1.0,0.0,124.0
2024,51,SAPU Amanecer,144,0,11,26,83,24,36.0,3.0,0.0,0,0.0,3.0,0.0,102.0
2024,52,SAPU Amanecer,110,1,11,19,60,19,28.0,11.0,0.0,0,2.0,6.0,3.0,60.0
2025,1,SAPU Amanecer,25,0,0,2,19,4,7.0,1.0,0.0,0,0.0,0.0,0.0,17.0
2025,2,SAPU Amanecer,40,3,5,3,20,9,6.0,4.0,0.0,0,2.0,0.0,0.0,28.0
2025,3,SAPU Amanecer,50,0,2,4,29,15,4.0,2.0,0.0,0,0.0,1.0,3.0,40.0
2025,4,SAPU Amanecer,43,1,4,3,27,8,10.0,6.0,0.0,0,1.0,0.0,0.0,26.0
2025,5,SAPU Amanecer,35,0,4,5,19,7,4.0,3.0,0.0,0,0.0,2.0,0.0,26.0
2025,6,SAPU Amanecer,54,1,2,4,40,7,9.0,5.0,0.0,0,0.0,4.0,1.0,35.0
2025,7,SAPU Amanecer,36,0,2,4,27,3,5.0,2.0,0.0,0,0.0,4.0,1.0,24.0
2025,8,SAPU Amanecer,45,1,4,5,24,11,7.0,3.0,0.0,0,3.0,0.0,2.0,30.0
2025,9,SAPU Amanecer,51,1,2,9,26,13,11.0,7.0,0.0,0,0.0,5.0,0.0,28.0
2025,10,SAPU Amanecer,52,0,5,9,28,10,14.0,4.0,0.0,0,2.0,3.0,1.0,28.0
2025,11,SAPU Amanecer,76,2,10,19,36,9,15.0,4.0,0.0,0,2.0,3.0,0.0,52.0
2025,12,SAPU Amanecer,116,1,12,35,52,16,19.0,2.0,0.0,0,0.0,3.0,0.0,92.0
2025,13,SAPU Amanecer,137,2,15,29,77,14,19.0,2.0,0.0,0,2.0,2.0,2.0,110.0
2025,14,SAPU Amanecer,97,3,11,15,55,13,15.0,6.0,0.0,0,0.0,5.0,0.0,71.0
2025,15,SAPU Amanecer,129,1,12,22,77,17,18.0,5.0,0.0,0,1.0,6.0,1.0,98.0
2025,16,SAPU Amanecer,100,3,12,21,46,18,23.0,16.0,0.0,0,4.0,7.0,0.0,50.0
2025,17,SAPU Amanecer,130,1,13,23,76,17,22.0,7.0,0.0,0,4.0,4.0,3.0,90.0
2025,18,SAPU Amanecer,130,0,13,29,73,15,21.0,12.0,0.0,0,7.0,3.0,4.0,83.0
2025,19,SAPU Amanecer,137,1,14,24,83,15,26.0,3.0,0.0,0,2.0,1.0,6.0,99.0
2025,20,SAPU Amanecer,156,2,13,25,92,24,14.0,13.0,0.0,0,3.0,1.0,4.0,121.0
2025,21,SAPU Amanecer,159,2,10,36,91,20,27.0,8.0,0.0,0,6.0,1.0,2.0,115.0
2025,22,SAPU Amanecer,163,1,18,31,83,30,19.0,10.0,0.0,0,2.0,7.0,6.0,119.0
2025,23,SAPU Amanecer,102,0,3,21,64,14,18.0,10.0,0.0,0,4.0,5.0,1.0,64.0
2025,24,SAPU Amanecer,131,3,18,25,75,10,22.0,8.0,0.0,0,4.0,3.0,2.0,92.0
2025,25,SAPU Amanecer,118,3,17,16,61,21,12.0,11.0,0.0,0,1.0,1.0,4.0,89.0
2025,26,SAPU Amanecer,79,2,7,6,50,14,15.0,5.0,0.0,0,1.0,0.0,1.0,57.0
2025,27,SAPU Amanecer,83,0,12,6,54,11,12.0,7.0,0.0,0,1.0,1.0,5.0,57.0
2025,28,SAPU Amanecer,107,0,10,13,75,9,26.0,6.0,0.0,0,5.0,1.0,4.0,65.0
2025,29,SAPU Amanecer,113,0,16,25,54,18,31.0,8.0,0.0,0,5.0,3.0,5.0,61.0
2025,30,SAPU Amanecer,171,0,19,47,92,13,45.0,7.0,0.0,0,1.0,3.0,4.0,111.0
2025,31,SAPU Amanecer,179,1,21,63,77,17,34.0,10.0,0.0,0,3.0,1.0,3.0,128.0
2025,32,SAPU Amanecer,154,2,16,39,83,14,28.0,8.0,0.0,0,2.0,2.0,4.0,110.0
2025,33,SAPU Amanecer,177,1,25,48,79,24,38.0,5.0,0.0,0,2.0,2.0,5.0,125.0
2025,34,SAPU Amanecer,165,4,16,39,89,17,25.0,6.0,0.0,0,6.0,3.0,6.0,119.0
2025,35,SAPU Amanecer,161,1,17,33,92,18,32.0,3.0,0.0,0,8.0,1.0,4.0,113.0
2025,36,SAPU Amanecer,170,3,20,32,89,26,32.0,3.0,0.0,0,5.0,1.0,2.0,127.0
2025,37,SAPU Amanecer,155,2,23,25,88,17,28.0,2.0,0.0,0,2.0,0.0,2.0,121.0
2025,38,SAPU Amanecer,140,1,17,15,81,26,31.0,12.0,0.0,0,4.0,0.0,5.0,88.0
2025,39,SAPU Amanecer,130,3,9,18,77,23,28.0,3.0,0.0,0,1.0,1.0,4.0,93.0
2025,40,SAPU Amanecer,111,0,10,15,65,21,27.0,6.0,0.0,0,0.0,0.0,2.0,76.0
2025,41,SAPU Amanecer,142,3,21,36,67,15,36.0,5.0,0.0,0,2.0,3.0,1.0,95.0
2025,42,SAPU Amanecer,148,4,18,40,67,19,40.0,3.0,0.0,0,2.0,0.0,7.0,96.0
2025,43,SAPU Amanecer,155,0,15,27,82,31,53.0,4.0,0.0,0,1.0,3.0,5.0,89.0
2025,44,SAPU Amanecer,152,6,15,32,69,30,37.0,8.0,0.0,0,1.0,3.0,6.0,97.0
2025,45,SAPU Amanecer,114,3,12,15,64,20,20.0,2.0,0.0,0,1.0,2.0,6.0,83.0
2025,46,SAPU Amanecer,124,1,15,21,70,17,36.0,2.0,0.0,0,0.0,3.0,2.0,81.0
2025,47,SAPU Amanecer,107,4,8,16,62,17,31.0,5.0,0.0,0,3.0,8.0,2.0,58.0
2025,48,SAPU Amanecer,94,1,5,22,50,16,19.0,4.0,0.0,0,3.0,5.0,2.0,61.0
2025,49,SAPU Amanecer,92,3,13,17,49,10,26.0,1.0,0.0,0,1.0,5.0,1.0,58.0
2025,50,SAPU Amanecer,77,0,4,13,46,14,20.0,3.0,0.0,0,4.0,9.0,1.0,40.0
2025,51,SAPU Amanecer,94,2,10,7,61,14,14.0,1.0,0.0,0,1.0,0.0,2.0,76.0
2025,52,SAPU Amanecer,106,3,11,8,64,20,20.0,5.0,0.0,0,2.0,4.0,2.0,73.0
2025,53,SAPU Amanecer,41,0,4,2,25,10,9.0,0.0,0.0,0,1.0,0.0,0.0,31.0
2026,1,SAPU Amanecer,63,0,2,9,41,11,20.0,3.0,0.0,0,0.0,0.0,0.0,40.0
2026,2,SAPU Amanecer,45,1,1,7,30,6,4.0,2.0,0.0,0,1.0,0.0,1.0,37.0
2026,3,SAPU Amanecer,50,0,7,4,29,10,10.0,4.0,0.0,0,1.0,1.0,1.0,33.0
2026,4,SAPU Amanecer,44,1,4,1,28,10,10.0,3.0,0.0,0,2.0,4.0,3.0,22.0
2026,5,SAPU Amanecer,34,0,0,4,23,7,8.0,4.0,0.0,0,0.0,0.0,2.0,20.0
2026,6,SAPU Amanecer,31,0,1,1,22,7,6.0,4.0,0.0,0,0.0,1.0,1.0,19.0
2026,7,SAPU Amanecer,43,1,2,2,26,12,11.0,3.0,0.0,0,0.0,0.0,1.0,28.0
2026,8,SAPU Amanecer,50,1,0,5,34,10,5.0,3.0,0.0,0,1.0,1.0,1.0,39.0
2026,9,SAPU Amanecer,53,0,3,2,38,10,11.0,1.0,0.0,0,0.0,0.0,2.0,39.0
2026,53,SAPU Amanecer,28,1,0,2,20,5,1.0,2.0,0.0,0,0.0,2.0,1.0,22.0
2014,1,SAPU Padre Las Casas,42,3,8,9,20,2,1.0,4.0,0.0,0,4.0,0.0,2.0,31.0
2014,2,SAPU Padre Las Casas,98,6,15,13,57,7,8.0,4.0,0.0,0,6.0,3.0,2.0,75.0
2014,3,SAPU Padre Las Casas,82,4,13,13,42,10,15.0,5.0,0.0,0,5.0,6.0,3.0,48.0
2014,4,SAPU Padre Las Casas,61,5,11,5,34,6,7.0,4.0,0.0,0,7.0,2.0,2.0,39.0
2014,5,SAPU Padre Las Casas,62,4,3,12,35,8,6.0,7.0,0.0,0,3.0,2.0,3.0,41.0
2014,6,SAPU Padre Las Casas,87,9,10,7,48,13,11.0,1.0,0.0,0,10.0,2.0,3.0,60.0
2014,7,SAPU Padre Las Casas,58,7,6,8,29,8,5.0,4.0,0.0,0,7.0,3.0,0.0,39.0
2014,8,SAPU Padre Las Casas,59,2,11,6,34,6,6.0,4.0,0.0,0,2.0,2.0,3.0,42.0
2014,9,SAPU Padre Las Casas,84,7,13,10,44,10,11.0,6.0,0.0,0,6.0,2.0,2.0,57.0
2014,10,SAPU Padre Las Casas,90,3,11,15,48,13,10.0,7.0,0.0,0,6.0,3.0,6.0,58.0
2014,11,SAPU Padre Las Casas,105,3,14,25,53,10,23.0,6.0,0.0,0,5.0,3.0,0.0,68.0
2014,12,SAPU Padre Las Casas,157,11,27,43,72,4,23.0,7.0,0.0,0,7.0,3.0,1.0,116.0
2014,13,SAPU Padre Las Casas,162,13,34,26,73,16,23.0,12.0,0.0,0,17.0,1.0,4.0,105.0
2014,14,SAPU Padre Las Casas,114,5,14,21,56,18,27.0,11.0,0.0,0,11.0,4.0,6.0,55.0
2014,15,SAPU Padre Las Casas,127,9,25,25,63,5,34.0,11.0,0.0,0,10.0,1.0,3.0,68.0
2014,16,SAPU Padre Las Casas,103,9,24,14,44,12,28.0,8.0,0.0,0,10.0,1.0,5.0,51.0
2014,17,SAPU Padre Las Casas,73,6,15,10,32,10,17.0,7.0,0.0,0,4.0,0.0,1.0,44.0
2014,18,SAPU Padre Las Casas,116,6,19,21,57,13,27.0,5.0,0.0,0,12.0,3.0,3.0,66.0
2014,19,SAPU Padre Las Casas,115,5,20,25,53,12,37.0,6.0,0.0,0,12.0,2.0,4.0,54.0
2014,20,SAPU Padre Las Casas,122,6,34,22,53,7,25.0,8.0,0.0,0,11.0,3.0,3.0,72.0
2014,21,SAPU Padre Las Casas,188,12,40,35,89,12,52.0,8.0,0.0,0,14.0,4.0,1.0,109.0
2014,22,SAPU Padre Las Casas,114,8,28,17,55,6,30.0,9.0,0.0,0,20.0,5.0,2.0,48.0
2014,23,SAPU Padre Las Casas,135,6,28,38,53,10,50.0,9.0,0.0,0,7.0,3.0,2.0,64.0
2014,24,SAPU Padre Las Casas,148,11,37,27,64,9,51.0,9.0,0.0,0,9.0,5.0,1.0,73.0
2014,25,SAPU Padre Las Casas,286,24,42,79,120,21,78.0,15.0,0.0,0,56.0,1.0,3.0,133.0
2014,26,SAPU Padre Las Casas,210,3,34,62,93,18,74.0,23.0,0.0,0,30.0,5.0,2.0,76.0
2014,27,SAPU Padre Las Casas,295,9,39,76,150,21,78.0,15.0,0.0,0,93.0,4.0,5.0,100.0
2014,28,SAPU Padre Las Casas,196,10,49,46,70,21,66.0,11.0,0.0,0,22.0,1.0,5.0,91.0
2014,29,SAPU Padre Las Casas,278,14,50,44,148,22,120.0,11.0,0.0,0,40.0,0.0,3.0,104.0
2014,30,SAPU Padre Las Casas,160,14,29,15,87,15,61.0,12.0,0.0,0,21.0,3.0,1.0,62.0
2014,31,SAPU Padre Las Casas,131,6,26,25,57,17,57.0,6.0,0.0,0,14.0,1.0,3.0,50.0
2014,32,SAPU Padre Las Casas,135,7,29,20,66,13,48.0,10.0,0.0,0,7.0,0.0,6.0,64.0
2014,33,SAPU Padre Las Casas,235,14,61,48,92,20,106.0,15.0,0.0,0,10.0,0.0,8.0,96.0
2014,34,SAPU Padre Las Casas,232,21,57,41,86,27,109.0,13.0,0.0,0,11.0,2.0,5.0,92.0
2014,35,SAPU Padre Las Casas,219,18,45,51,91,14,77.0,12.0,0.0,0,12.0,8.0,8.0,102.0
2014,36,SAPU Padre Las Casas,195,12,36,52,78,17,73.0,9.0,0.0,0,7.0,3.0,5.0,98.0
2014,37,SAPU Padre Las Casas,206,9,32,54,93,18,66.0,9.0,0.0,0,19.0,1.0,6.0,105.0
2014,38,SAPU Padre Las Casas,196,15,43,35,86,17,56.0,15.0,0.0,0,3.0,1.0,7.0,114.0
2014,39,SAPU Padre Las Casas,144,9,17,24,81,13,38.0,11.0,0.0,0,10.0,0.0,1.0,84.0
2014,40,SAPU Padre Las Casas,163,7,31,37,61,27,43.0,12.0,0.0,0,7.0,1.0,4.0,96.0
2014,41,SAPU Padre Las Casas,134,3,19,28,62,22,41.0,11.0,0.0,0,3.0,2.0,1.0,76.0
2014,42,SAPU Padre Las Casas,173,8,28,38,75,24,59.0,7.0,0.0,0,3.0,2.0,4.0,98.0
2014,43,SAPU Padre Las Casas,147,7,28,26,64,22,43.0,6.0,0.0,0,7.0,2.0,7.0,82.0
2014,44,SAPU Padre Las Casas,138,4,30,30,61,13,61.0,7.0,0.0,0,9.0,1.0,0.0,60.0
2014,45,SAPU Padre Las Casas,121,7,17,28,60,9,41.0,4.0,0.0,0,0.0,7.0,3.0,66.0
2014,46,SAPU Padre Las Casas,132,11,23,29,53,16,34.0,11.0,0.0,0,5.0,7.0,5.0,70.0
2014,47,SAPU Padre Las Casas,196,14,39,52,78,13,27.0,10.0,0.0,0,4.0,9.0,5.0,141.0
2014,48,SAPU Padre Las Casas,362,21,86,92,135,28,83.0,19.0,0.0,0,15.0,11.0,3.0,231.0
2014,49,SAPU Padre Las Casas,326,24,74,73,130,25,98.0,14.0,0.0,0,10.0,3.0,3.0,198.0
2014,50,SAPU Padre Las Casas,158,12,24,32,78,12,47.0,5.0,0.0,0,4.0,0.0,2.0,100.0
2014,51,SAPU Padre Las Casas,132,6,21,25,70,10,36.0,5.0,0.0,0,1.0,3.0,2.0,85.0
2014,52,SAPU Padre Las Casas,129,4,29,26,60,10,43.0,12.0,0.0,0,2.0,0.0,1.0,71.0
2014,53,SAPU Padre Las Casas,68,9,9,7,34,9,18.0,6.0,0.0,0,4.0,4.0,0.0,36.0
2015,1,SAPU Padre Las Casas,95,7,16,10,56,6,19.0,3.0,0.0,0,6.0,1.0,4.0,62.0
2015,2,SAPU Padre Las Casas,77,4,14,7,45,7,15.0,7.0,0.0,0,3.0,0.0,1.0,51.0
2015,3,SAPU Padre Las Casas,16,0,2,4,9,1,3.0,0.0,0.0,0,1.0,0.0,0.0,12.0
2015,4,SAPU Padre Las Casas,30,3,5,5,15,2,4.0,1.0,0.0,0,0.0,1.0,0.0,24.0
2015,5,SAPU Padre Las Casas,89,5,16,15,46,7,26.0,2.0,0.0,0,2.0,0.0,2.0,57.0
2015,6,SAPU Padre Las Casas,79,2,11,17,41,8,19.0,5.0,0.0,0,5.0,0.0,0.0,50.0
2015,7,SAPU Padre Las Casas,95,9,13,9,52,12,13.0,5.0,0.0,0,0.0,1.0,0.0,76.0
2015,8,SAPU Padre Las Casas,30,2,6,2,18,2,4.0,0.0,0.0,0,0.0,0.0,0.0,26.0
2015,9,SAPU Padre Las Casas,27,4,5,3,13,2,11.0,0.0,0.0,0,0.0,1.0,0.0,15.0
2015,10,SAPU Padre Las Casas,27,5,3,4,13,2,9.0,1.0,0.0,0,0.0,0.0,0.0,17.0
2015,11,SAPU Padre Las Casas,112,13,19,18,53,9,19.0,3.0,0.0,0,1.0,1.0,2.0,86.0
2015,12,SAPU Padre Las Casas,75,7,13,15,30,10,23.0,4.0,0.0,0,0.0,0.0,2.0,46.0
2015,13,SAPU Padre Las Casas,62,10,14,11,18,9,12.0,8.0,0.0,0,0.0,0.0,0.0,42.0
2015,26,SAPU Padre Las Casas,120,11,26,21,57,5,41.0,6.0,0.0,0,2.0,1.0,0.0,70.0
2015,27,SAPU Padre Las Casas,239,18,35,38,125,23,99.0,17.0,0.0,0,8.0,3.0,3.0,109.0
2015,28,SAPU Padre Las Casas,221,17,48,20,112,24,68.0,25.0,0.0,0,9.0,3.0,6.0,110.0
2015,29,SAPU Padre Las Casas,199,12,31,22,103,31,66.0,20.0,0.0,0,1.0,2.0,4.0,106.0
2015,30,SAPU Padre Las Casas,159,9,27,22,83,18,34.0,19.0,0.0,0,5.0,2.0,2.0,97.0
2015,31,SAPU Padre Las Casas,218,16,43,35,100,24,51.0,10.0,0.0,0,8.0,0.0,7.0,142.0
2015,32,SAPU Padre Las Casas,248,17,59,46,104,22,78.0,12.0,0.0,0,9.0,6.0,6.0,137.0
2015,33,SAPU Padre Las Casas,319,19,69,73,133,25,89.0,22.0,0.0,0,12.0,2.0,11.0,183.0
2015,34,SAPU Padre Las Casas,308,17,49,79,143,20,95.0,28.0,0.0,0,5.0,2.0,4.0,174.0
2015,35,SAPU Padre Las Casas,293,13,36,67,141,36,98.0,26.0,0.0,0,17.0,2.0,6.0,144.0
2015,36,SAPU Padre Las Casas,285,8,44,66,136,31,111.0,27.0,0.0,0,9.0,1.0,12.0,125.0
2015,37,SAPU Padre Las Casas,262,16,36,40,142,28,93.0,28.0,0.0,0,20.0,3.0,7.0,111.0
2015,38,SAPU Padre Las Casas,269,6,36,58,132,37,91.0,29.0,0.0,0,9.0,1.0,7.0,132.0
2015,39,SAPU Padre Las Casas,111,2,16,23,56,14,24.0,4.0,0.0,0,4.0,0.0,4.0,75.0
2015,40,SAPU Padre Las Casas,101,7,8,23,51,12,49.0,2.0,0.0,0,4.0,2.0,5.0,39.0
2015,41,SAPU Padre Las Casas,169,13,31,29,84,12,62.0,10.0,0.0,0,9.0,0.0,2.0,86.0
2015,42,SAPU Padre Las Casas,121,3,14,25,61,18,32.0,7.0,0.0,0,7.0,1.0,2.0,72.0
2015,43,SAPU Padre Las Casas,149,9,32,26,66,16,40.0,6.0,0.0,0,3.0,0.0,2.0,98.0
2015,44,SAPU Padre Las Casas,112,5,22,32,46,7,22.0,4.0,0.0,0,4.0,0.0,2.0,80.0
2015,45,SAPU Padre Las Casas,137,7,34,37,50,9,37.0,6.0,0.0,0,6.0,3.0,6.0,79.0
2015,46,SAPU Padre Las Casas,184,11,36,32,78,27,46.0,5.0,0.0,0,6.0,1.0,4.0,122.0
2015,47,SAPU Padre Las Casas,17,0,2,3,8,4,3.0,0.0,0.0,0,2.0,0.0,1.0,11.0
2015,51,SAPU Padre Las Casas,62,5,4,7,37,9,9.0,5.0,0.0,0,0.0,3.0,5.0,40.0
2015,52,SAPU Padre Las Casas,34,1,7,2,21,3,5.0,0.0,0.0,0,0.0,2.0,0.0,27.0
2015,53,SAPU Padre Las Casas,49,3,8,11,22,5,17.0,0.0,0.0,0,1.0,0.0,2.0,29.0
2016,1,SAPU Padre Las Casas,120,2,16,21,66,15,19.0,10.0,0.0,0,0.0,3.0,10.0,78.0
2016,2,SAPU Padre Las Casas,13,1,2,3,4,3,3.0,0.0,0.0,0,0.0,0.0,2.0,8.0
2016,4,SAPU Padre Las Casas,39,3,6,11,14,5,7.0,2.0,0.0,0,0.0,0.0,2.0,28.0
2016,5,SAPU Padre Las Casas,68,4,5,9,44,6,8.0,4.0,0.0,0,2.0,0.0,1.0,53.0
2016,6,SAPU Padre Las Casas,35,0,6,5,18,6,10.0,4.0,0.0,0,0.0,3.0,0.0,18.0
2016,7,SAPU Padre Las Casas,99,3,11,11,60,14,16.0,9.0,0.0,0,6.0,1.0,3.0,64.0
2016,8,SAPU Padre Las Casas,66,4,9,7,40,6,18.0,3.0,0.0,0,1.0,2.0,1.0,41.0
2016,9,SAPU Padre Las Casas,65,2,8,11,43,1,22.0,2.0,0.0,0,1.0,1.0,0.0,39.0
2016,10,SAPU Padre Las Casas,82,4,17,18,31,12,26.0,2.0,0.0,0,1.0,1.0,4.0,48.0
2016,11,SAPU Padre Las Casas,109,5,11,28,50,15,18.0,7.0,0.0,0,3.0,1.0,4.0,76.0
2016,12,SAPU Padre Las Casas,78,4,9,11,42,12,21.0,3.0,0.0,0,1.0,0.0,4.0,49.0
2016,13,SAPU Padre Las Casas,98,3,14,14,44,23,24.0,4.0,0.0,0,1.0,0.0,3.0,66.0
2016,14,SAPU Padre Las Casas,111,6,23,24,50,8,22.0,3.0,0.0,0,1.0,0.0,2.0,83.0
2016,16,SAPU Padre Las Casas,47,2,6,8,26,5,11.0,1.0,0.0,0,2.0,1.0,2.0,30.0
2016,17,SAPU Padre Las Casas,228,16,55,53,84,20,78.0,6.0,0.0,0,8.0,1.0,2.0,133.0
2016,18,SAPU Padre Las Casas,73,5,14,18,33,3,10.0,4.0,0.0,0,3.0,1.0,0.0,55.0
2016,19,SAPU Padre Las Casas,88,6,19,19,38,6,21.0,5.0,0.0,0,1.0,0.0,0.0,61.0
2016,20,SAPU Padre Las Casas,122,8,29,25,49,11,54.0,2.0,0.0,0,3.0,2.0,1.0,60.0
2016,21,SAPU Padre Las Casas,211,9,49,47,93,13,55.0,10.0,0.0,0,11.0,3.0,11.0,121.0
2016,22,SAPU Padre Las Casas,275,15,63,69,106,22,71.0,21.0,0.0,0,10.0,1.0,2.0,170.0
2016,23,SAPU Padre Las Casas,41,0,8,12,12,9,23.0,15.0,0.0,0,0.0,0.0,0.0,3.0
2016,52,SAPU Padre Las Casas,37,1,2,7,23,4,0.0,1.0,0.0,0,0.0,1.0,2.0,33.0
2017,1,SAPU Padre Las Casas,0,0,0,0,0,0,0.0,0.0,0.0,0,0.0,0.0,0.0,0.0
2019,1,SAPU Padre Las Casas,0,0,0,0,0,0,0.0,0.0,0.0,0,0.0,0.0,0.0,0.0
2019,36,SAPU Padre Las Casas,0,0,0,0,0,0,0.0,0.0,0.0,0,0.0,0.0,0.0,0.0
2019,37,SAPU Padre Las Casas,0,0,0,0,0,0,0.0,0.0,0.0,0,0.0,0.0,0.0,0.0
2019,40,SAPU Padre Las Casas,0,0,0,0,0,0,0.0,0.0,0.0,0,0.0,0.0,0.0,0.0
2019,42,SAPU Padre Las Casas,0,0,0,0,0,0,0.0,0.0,0.0,0,0.0,0.0,0.0,0.0
2020,1,SAPU Padre Las Casas,57,4,7,4,28,14,6.0,2.0,0.0,0,2.0,3.0,1.0,43.0
2020,2,SAPU Padre Las Casas,114,5,14,9,69,17,17.0,14.0,0.0,0,2.0,4.0,2.0,75.0
2020,3,SAPU Padre Las Casas,86,3,9,11,52,11,11.0,10.0,0.0,0,4.0,5.0,0.0,56.0
2020,4,SAPU Padre Las Casas,80,3,9,8,47,13,15.0,6.0,0.0,0,4.0,2.0,2.0,51.0
2020,5,SAPU Padre Las Casas,79,1,9,13,46,10,11.0,7.0,0.0,0,4.0,1.0,0.0,56.0
2020,6,SAPU Padre Las Casas,82,4,13,3,47,15,6.0,6.0,0.0,0,10.0,2.0,7.0,51.0
2020,7,SAPU Padre Las Casas,85,1,11,9,43,21,15.0,5.0,0.0,0,7.0,4.0,2.0,52.0
2020,8,SAPU Padre Las Casas,94,3,11,12,50,18,14.0,7.0,0.0,0,14.0,2.0,0.0,57.0
2020,9,SAPU Padre Las Casas,100,1,15,10,59,15,18.0,5.0,0.0,0,11.0,3.0,4.0,59.0
2020,10,SAPU Padre Las Casas,108,2,10,13,67,16,11.0,9.0,0.0,0,15.0,3.0,0.0,70.0
2020,11,SAPU Padre Las Casas,159,7,19,36,80,17,12.0,16.0,0.0,0,12.0,2.0,0.0,117.0
2020,12,SAPU Padre Las Casas,55,1,10,9,29,6,9.0,11.0,0.0,0,3.0,1.0,2.0,29.0
2020,13,SAPU Padre Las Casas,34,0,1,2,28,3,9.0,6.0,0.0,0,1.0,0.0,1.0,17.0
2020,14,SAPU Padre Las Casas,17,2,0,1,10,4,4.0,1.0,0.0,0,0.0,1.0,2.0,9.0
2020,15,SAPU Padre Las Casas,19,0,2,1,11,5,3.0,2.0,0.0,0,0.0,2.0,3.0,9.0
2020,16,SAPU Padre Las Casas,15,0,2,3,9,1,3.0,1.0,0.0,0,0.0,0.0,1.0,10.0
2020,17,SAPU Padre Las Casas,15,0,1,1,10,3,3.0,2.0,0.0,0,0.0,1.0,0.0,9.0
2020,18,SAPU Padre Las Casas,16,1,0,3,10,2,6.0,3.0,0.0,0,0.0,0.0,1.0,6.0
2020,19,SAPU Padre Las Casas,18,0,0,1,12,5,3.0,7.0,0.0,0,0.0,1.0,0.0,7.0
2020,20,SAPU Padre Las Casas,12,1,0,1,5,5,1.0,4.0,0.0,0,0.0,1.0,0.0,6.0
2020,21,SAPU Padre Las Casas,14,0,0,3,8,3,3.0,2.0,0.0,0,1.0,3.0,0.0,5.0
2020,22,SAPU Padre Las Casas,14,0,1,1,10,2,5.0,2.0,0.0,0,0.0,1.0,0.0,6.0
2020,23,SAPU Padre Las Casas,8,0,0,1,6,1,1.0,3.0,0.0,0,0.0,0.0,0.0,4.0
2020,24,SAPU Padre Las Casas,12,0,0,0,7,5,1.0,4.0,3.0,0,1.0,0.0,0.0,3.0
2020,25,SAPU Padre Las Casas,10,0,1,0,6,3,2.0,1.0,0.0,0,0.0,0.0,0.0,7.0
2020,26,SAPU Padre Las Casas,12,0,1,0,6,5,3.0,1.0,1.0,0,0.0,0.0,3.0,4.0
2020,27,SAPU Padre Las Casas,14,2,0,1,7,4,0.0,4.0,1.0,0,0.0,1.0,0.0,8.0
2020,28,SAPU Padre Las Casas,10,0,2,0,4,4,1.0,3.0,0.0,0,0.0,2.0,1.0,3.0
2020,29,SAPU Padre Las Casas,20,1,3,1,9,6,2.0,5.0,0.0,0,0.0,0.0,1.0,12.0
2020,30,SAPU Padre Las Casas,13,0,1,2,4,6,1.0,7.0,0.0,0,0.0,0.0,1.0,4.0
2020,31,SAPU Padre Las Casas,10,0,1,1,7,1,0.0,4.0,0.0,0,0.0,0.0,0.0,6.0
2020,32,SAPU Padre Las Casas,12,0,1,1,9,1,1.0,2.0,0.0,0,0.0,1.0,0.0,8.0
2020,33,SAPU Padre Las Casas,26,1,2,3,17,3,1.0,6.0,0.0,0,0.0,2.0,0.0,17.0
2020,34,SAPU Padre Las Casas,18,1,2,1,13,1,0.0,3.0,0.0,0,0.0,0.0,2.0,13.0
2020,35,SAPU Padre Las Casas,33,0,1,0,25,7,2.0,5.0,0.0,0,0.0,3.0,2.0,21.0
2020,36,SAPU Padre Las Casas,18,1,0,1,12,4,1.0,3.0,0.0,0,0.0,1.0,2.0,11.0
2020,37,SAPU Padre Las Casas,18,0,4,2,10,2,2.0,3.0,0.0,0,0.0,2.0,0.0,11.0
2020,38,SAPU Padre Las Casas,17,0,1,0,11,5,1.0,4.0,0.0,0,2.0,1.0,1.0,8.0
2020,39,SAPU Padre Las Casas,32,1,5,2,18,6,6.0,3.0,1.0,0,4.0,2.0,2.0,14.0
2020,40,SAPU Padre Las Casas,26,1,2,3,16,4,1.0,3.0,1.0,0,0.0,2.0,0.0,19.0
2020,41,SAPU Padre Las Casas,23,0,2,1,17,3,5.0,2.0,0.0,0,0.0,3.0,2.0,11.0
2020,42,SAPU Padre Las Casas,18,1,0,2,9,6,2.0,5.0,0.0,0,0.0,3.0,0.0,8.0
2020,43,SAPU Padre Las Casas,27,1,3,2,13,8,3.0,5.0,1.0,0,0.0,3.0,0.0,15.0
2020,44,SAPU Padre Las Casas,27,0,6,0,18,3,2.0,3.0,1.0,0,0.0,1.0,0.0,20.0
2020,45,SAPU Padre Las Casas,57,2,2,2,44,7,9.0,0.0,1.0,0,0.0,4.0,3.0,40.0
2020,46,SAPU Padre Las Casas,35,3,2,2,26,2,5.0,6.0,0.0,0,0.0,1.0,0.0,23.0
2020,47,SAPU Padre Las Casas,22,2,0,2,13,5,2.0,5.0,2.0,0,0.0,0.0,1.0,12.0
2020,48,SAPU Padre Las Casas,27,0,1,2,21,3,2.0,4.0,0.0,0,0.0,3.0,0.0,18.0
2020,49,SAPU Padre Las Casas,26,2,3,0,15,6,1.0,3.0,1.0,0,1.0,2.0,1.0,17.0
2020,50,SAPU Padre Las Casas,22,2,0,8,10,2,3.0,5.0,0.0,0,0.0,1.0,1.0,12.0
2020,51,SAPU Padre Las Casas,42,4,2,8,18,10,5.0,5.0,2.0,0,0.0,0.0,2.0,28.0
2020,52,SAPU Padre Las Casas,24,0,4,3,14,3,2.0,2.0,0.0,0,0.0,3.0,1.0,16.0
2020,53,SAPU Padre Las Casas,26,1,2,2,14,7,2.0,8.0,1.0,0,0.0,1.0,0.0,14.0
2021,1,SAPU Padre Las Casas,37,1,2,3,25,6,7.0,4.0,1.0,0,0.0,0.0,0.0,25.0
2021,2,SAPU Padre Las Casas,36,3,5,1,21,6,3.0,9.0,0.0,0,0.0,2.0,0.0,22.0
2021,3,SAPU Padre Las Casas,38,3,3,2,25,5,1.0,2.0,0.0,0,0.0,4.0,0.0,31.0
2021,4,SAPU Padre Las Casas,34,2,3,3,21,5,4.0,6.0,0.0,0,0.0,0.0,0.0,24.0
2021,5,SAPU Padre Las Casas,25,0,1,1,16,7,1.0,7.0,1.0,0,0.0,0.0,1.0,15.0
2021,6,SAPU Padre Las Casas,41,0,8,3,21,9,0.0,7.0,0.0,0,0.0,4.0,3.0,27.0
2021,7,SAPU Padre Las Casas,30,1,0,3,20,6,0.0,8.0,0.0,0,0.0,0.0,2.0,20.0
2021,8,SAPU Padre Las Casas,48,2,8,6,22,10,1.0,6.0,0.0,0,0.0,2.0,1.0,38.0
2021,9,SAPU Padre Las Casas,38,0,2,4,26,6,3.0,5.0,1.0,0,0.0,2.0,3.0,24.0
2021,10,SAPU Padre Las Casas,39,2,4,3,26,4,5.0,5.0,2.0,0,0.0,0.0,1.0,26.0
2021,11,SAPU Padre Las Casas,66,2,7,10,40,7,7.0,7.0,2.0,0,0.0,2.0,1.0,47.0
2021,12,SAPU Padre Las Casas,37,1,0,3,24,9,6.0,7.0,3.0,0,0.0,1.0,2.0,18.0
2021,13,SAPU Padre Las Casas,47,1,2,4,34,6,8.0,1.0,1.0,0,0.0,2.0,3.0,32.0
2021,14,SAPU Padre Las Casas,40,0,5,3,28,4,7.0,4.0,5.0,0,1.0,0.0,3.0,20.0
2021,15,SAPU Padre Las Casas,34,0,1,2,22,9,3.0,5.0,4.0,0,0.0,0.0,4.0,18.0
2021,16,SAPU Padre Las Casas,36,0,3,0,25,8,4.0,4.0,7.0,0,0.0,0.0,3.0,18.0
2021,17,SAPU Padre Las Casas,30,1,1,4,18,6,3.0,3.0,2.0,0,0.0,1.0,4.0,17.0
2021,18,SAPU Padre Las Casas,34,0,2,6,24,2,8.0,0.0,0.0,0,0.0,2.0,1.0,23.0
2021,19,SAPU Padre Las Casas,33,0,5,2,23,3,5.0,4.0,2.0,0,0.0,2.0,0.0,20.0
2021,20,SAPU Padre Las Casas,36,1,2,4,25,4,4.0,5.0,4.0,0,4.0,2.0,4.0,13.0
2021,21,SAPU Padre Las Casas,31,0,3,4,23,1,5.0,2.0,1.0,0,1.0,2.0,1.0,19.0
2021,22,SAPU Padre Las Casas,36,1,2,3,21,9,6.0,5.0,1.0,0,0.0,0.0,2.0,22.0
2021,23,SAPU Padre Las Casas,35,2,2,4,23,4,6.0,5.0,2.0,0,1.0,0.0,1.0,20.0
2021,24,SAPU Padre Las Casas,42,0,3,4,29,6,2.0,6.0,1.0,0,1.0,3.0,1.0,28.0
2021,25,SAPU Padre Las Casas,52,3,7,7,29,6,4.0,4.0,2.0,0,0.0,2.0,2.0,38.0
2021,26,SAPU Padre Las Casas,56,2,2,6,38,8,9.0,10.0,2.0,0,0.0,4.0,1.0,30.0
2021,27,SAPU Padre Las Casas,52,2,4,4,35,7,8.0,4.0,1.0,0,0.0,3.0,2.0,34.0
2021,28,SAPU Padre Las Casas,46,0,8,3,28,7,5.0,8.0,0.0,0,0.0,4.0,2.0,27.0
2021,29,SAPU Padre Las Casas,60,2,5,8,39,6,9.0,4.0,0.0,0,0.0,4.0,3.0,40.0
2021,30,SAPU Padre Las Casas,50,1,7,4,35,3,10.0,6.0,0.0,0,0.0,5.0,2.0,27.0
2021,31,SAPU Padre Las Casas,45,1,3,8,23,10,5.0,8.0,0.0,0,0.0,5.0,2.0,25.0
2021,32,SAPU Padre Las Casas,58,3,8,9,26,12,2.0,7.0,0.0,0,0.0,3.0,1.0,45.0
2021,33,SAPU Padre Las Casas,49,3,2,9,26,9,11.0,4.0,0.0,0,0.0,8.0,1.0,25.0
2021,34,SAPU Padre Las Casas,40,1,6,5,25,3,4.0,4.0,0.0,0,0.0,4.0,2.0,26.0
2021,35,SAPU Padre Las Casas,52,3,8,9,23,9,8.0,8.0,0.0,0,1.0,7.0,2.0,26.0
2021,36,SAPU Padre Las Casas,44,4,9,5,22,4,3.0,5.0,0.0,0,1.0,4.0,2.0,29.0
2021,37,SAPU Padre Las Casas,33,2,5,4,13,9,4.0,6.0,0.0,0,0.0,0.0,0.0,23.0
2021,38,SAPU Padre Las Casas,67,4,16,12,26,9,7.0,8.0,0.0,0,0.0,1.0,1.0,50.0
2021,39,SAPU Padre Las Casas,54,2,12,11,23,6,10.0,4.0,0.0,0,0.0,5.0,1.0,34.0
2021,40,SAPU Padre Las Casas,70,3,15,13,30,9,12.0,5.0,1.0,0,1.0,5.0,3.0,43.0
2021,41,SAPU Padre Las Casas,83,3,20,10,38,12,17.0,7.0,0.0,0,0.0,3.0,1.0,55.0
2021,42,SAPU Padre Las Casas,60,3,12,7,32,6,9.0,6.0,0.0,0,0.0,3.0,2.0,40.0
2021,43,SAPU Padre Las Casas,45,1,10,7,20,7,12.0,3.0,0.0,0,0.0,6.0,1.0,23.0
2021,44,SAPU Padre Las Casas,63,1,11,7,31,13,14.0,5.0,0.0,0,0.0,4.0,3.0,37.0
2021,45,SAPU Padre Las Casas,69,3,16,9,32,9,14.0,4.0,0.0,0,2.0,1.0,2.0,46.0
2021,46,SAPU Padre Las Casas,93,6,19,14,36,18,25.0,8.0,0.0,0,1.0,0.0,3.0,56.0
2021,47,SAPU Padre Las Casas,89,3,31,9,38,8,20.0,4.0,0.0,0,0.0,1.0,2.0,62.0
2021,48,SAPU Padre Las Casas,88,3,14,14,49,8,12.0,9.0,0.0,0,0.0,5.0,1.0,61.0
2021,49,SAPU Padre Las Casas,89,0,16,12,45,16,17.0,12.0,0.0,0,0.0,2.0,0.0,58.0
2021,50,SAPU Padre Las Casas,88,5,14,8,51,10,15.0,7.0,0.0,0,0.0,7.0,2.0,57.0
2021,51,SAPU Padre Las Casas,76,3,13,9,42,9,16.0,3.0,1.0,0,0.0,5.0,0.0,51.0
2021,52,SAPU Padre Las Casas,48,1,8,5,29,5,10.0,3.0,0.0,0,0.0,1.0,2.0,32.0
2021,53,SAPU Padre Las Casas,14,0,1,0,11,2,0.0,2.0,0.0,0,0.0,2.0,1.0,9.0
2022,1,SAPU Padre Las Casas,76,1,11,13,41,10,9.0,5.0,0.0,0,1.0,4.0,2.0,55.0
2022,2,SAPU Padre Las Casas,59,1,10,0,37,11,9.0,3.0,0.0,0,0.0,2.0,1.0,44.0
2022,3,SAPU Padre Las Casas,65,2,4,9,44,6,10.0,1.0,0.0,0,0.0,3.0,1.0,50.0
2022,4,SAPU Padre Las Casas,42,0,3,5,29,5,10.0,0.0,2.0,0,0.0,1.0,2.0,27.0
2022,5,SAPU Padre Las Casas,66,3,3,7,46,7,8.0,2.0,2.0,0,0.0,2.0,0.0,52.0
2022,6,SAPU Padre Las Casas,93,2,11,18,55,7,6.0,1.0,2.0,0,0.0,7.0,2.0,75.0
2022,7,SAPU Padre Las Casas,92,2,9,13,55,13,9.0,6.0,1.0,0,0.0,6.0,3.0,67.0
2022,8,SAPU Padre Las Casas,92,2,6,12,51,21,19.0,5.0,4.0,0,0.0,4.0,4.0,56.0
2022,9,SAPU Padre Las Casas,46,2,5,3,28,8,8.0,3.0,2.0,0,0.0,1.0,2.0,30.0
2022,10,SAPU Padre Las Casas,56,1,10,25,18,2,7.0,5.0,0.0,0,0.0,2.0,0.0,42.0
2022,11,SAPU Padre Las Casas,98,5,23,39,30,1,23.0,3.0,0.0,0,0.0,5.0,1.0,66.0
2022,12,SAPU Padre Las Casas,72,5,22,15,25,5,8.0,5.0,0.0,0,0.0,6.0,3.0,50.0
2022,13,SAPU Padre Las Casas,95,2,21,25,41,6,24.0,5.0,0.0,0,0.0,1.0,3.0,62.0
2022,14,SAPU Padre Las Casas,95,2,31,18,36,8,40.0,3.0,0.0,0,0.0,4.0,2.0,46.0
2022,15,SAPU Padre Las Casas,99,4,30,25,31,9,39.0,2.0,0.0,0,0.0,2.0,0.0,56.0
2022,16,SAPU Padre Las Casas,121,7,28,31,49,6,48.0,3.0,0.0,0,0.0,3.0,2.0,65.0
2022,17,SAPU Padre Las Casas,136,6,37,49,41,3,40.0,6.0,0.0,0,0.0,5.0,0.0,85.0
2022,18,SAPU Padre Las Casas,154,5,32,52,53,12,50.0,6.0,0.0,0,1.0,1.0,2.0,94.0
2022,19,SAPU Padre Las Casas,165,3,36,31,78,17,57.0,13.0,0.0,0,0.0,3.0,8.0,84.0
2022,20,SAPU Padre Las Casas,193,5,33,57,86,12,84.0,8.0,0.0,0,0.0,4.0,1.0,96.0
2022,21,SAPU Padre Las Casas,194,6,37,54,87,10,84.0,7.0,0.0,0,2.0,7.0,1.0,93.0
2022,22,SAPU Padre Las Casas,189,3,20,54,94,18,69.0,8.0,2.0,0,12.0,6.0,5.0,87.0
2022,23,SAPU Padre Las Casas,245,4,38,71,124,8,90.0,11.0,0.0,0,8.0,13.0,4.0,119.0
2022,24,SAPU Padre Las Casas,207,3,33,44,108,19,94.0,17.0,0.0,0,5.0,7.0,5.0,79.0
2022,25,SAPU Padre Las Casas,226,6,31,44,122,23,114.0,11.0,0.0,0,5.0,5.0,1.0,90.0
2022,26,SAPU Padre Las Casas,167,6,22,36,91,12,67.0,6.0,0.0,0,1.0,12.0,4.0,77.0
2022,27,SAPU Padre Las Casas,142,7,15,12,85,23,40.0,6.0,0.0,0,3.0,19.0,4.0,70.0
2022,28,SAPU Padre Las Casas,113,0,8,14,71,20,33.0,6.0,1.0,0,1.0,6.0,1.0,65.0
2022,29,SAPU Padre Las Casas,94,3,6,9,59,17,23.0,8.0,0.0,0,0.0,2.0,3.0,58.0
2022,30,SAPU Padre Las Casas,126,1,15,22,79,9,26.0,12.0,0.0,0,2.0,7.0,1.0,78.0
2022,31,SAPU Padre Las Casas,98,0,9,14,65,10,26.0,7.0,0.0,0,0.0,6.0,1.0,58.0
2022,32,SAPU Padre Las Casas,175,3,23,47,81,21,50.0,5.0,0.0,0,1.0,6.0,4.0,109.0
2022,33,SAPU Padre Las Casas,193,6,24,51,96,16,72.0,12.0,0.0,0,3.0,9.0,4.0,93.0
2022,34,SAPU Padre Las Casas,164,5,43,35,71,10,47.0,10.0,0.0,0,3.0,5.0,1.0,98.0
2022,35,SAPU Padre Las Casas,183,2,21,54,89,17,48.0,7.0,0.0,0,5.0,1.0,3.0,119.0
2022,36,SAPU Padre Las Casas,181,4,25,53,89,10,70.0,9.0,1.0,0,2.0,2.0,0.0,97.0
2022,37,SAPU Padre Las Casas,131,4,24,32,62,9,47.0,4.0,1.0,0,0.0,2.0,1.0,76.0
2022,38,SAPU Padre Las Casas,163,4,29,35,76,19,68.0,7.0,0.0,0,6.0,1.0,3.0,78.0
2022,39,SAPU Padre Las Casas,159,6,19,27,95,12,43.0,9.0,0.0,0,2.0,5.0,0.0,100.0
2022,40,SAPU Padre Las Casas,133,1,20,38,63,11,34.0,6.0,0.0,0,1.0,8.0,0.0,84.0
2022,41,SAPU Padre Las Casas,170,4,18,51,81,16,48.0,5.0,1.0,0,1.0,1.0,0.0,114.0
2022,42,SAPU Padre Las Casas,223,3,21,75,108,16,72.0,4.0,0.0,0,8.0,8.0,2.0,129.0
2022,43,SAPU Padre Las Casas,223,2,21,64,115,21,40.0,5.0,0.0,0,14.0,8.0,2.0,154.0
2022,44,SAPU Padre Las Casas,253,2,29,68,131,23,67.0,4.0,1.0,0,16.0,5.0,0.0,160.0
2022,45,SAPU Padre Las Casas,202,2,17,57,101,25,53.0,2.0,0.0,0,21.0,7.0,1.0,118.0
2022,46,SAPU Padre Las Casas,194,3,22,51,103,15,56.0,4.0,0.0,0,12.0,4.0,2.0,116.0
2022,47,SAPU Padre Las Casas,236,3,27,69,112,25,67.0,8.0,0.0,0,8.0,3.0,4.0,146.0
2022,48,SAPU Padre Las Casas,220,4,37,47,118,14,46.0,7.0,0.0,0,10.0,7.0,3.0,147.0
2022,49,SAPU Padre Las Casas,165,3,17,36,90,19,40.0,4.0,0.0,0,5.0,7.0,6.0,103.0
2022,50,SAPU Padre Las Casas,132,9,10,24,71,18,46.0,5.0,1.0,0,5.0,0.0,2.0,73.0
2022,51,SAPU Padre Las Casas,108,1,17,19,51,20,33.0,2.0,0.0,0,4.0,3.0,2.0,64.0
2022,52,SAPU Padre Las Casas,133,2,18,13,79,21,34.0,3.0,0.0,0,3.0,4.0,3.0,86.0
2023,1,SAPU Padre Las Casas,112,2,11,10,68,21,17.0,3.0,1.0,0,5.0,0.0,2.0,84.0
2023,2,SAPU Padre Las Casas,74,2,5,6,49,12,12.0,1.0,0.0,0,7.0,3.0,2.0,49.0
2023,3,SAPU Padre Las Casas,75,0,1,10,53,11,14.0,3.0,0.0,0,0.0,1.0,0.0,57.0
2023,4,SAPU Padre Las Casas,70,1,9,8,40,12,18.0,0.0,0.0,0,0.0,3.0,2.0,47.0
2023,5,SAPU Padre Las Casas,54,2,5,5,36,6,17.0,3.0,0.0,0,1.0,3.0,0.0,30.0
2023,6,SAPU Padre Las Casas,43,4,4,3,28,4,5.0,1.0,0.0,0,4.0,1.0,0.0,32.0
2023,7,SAPU Padre Las Casas,48,0,1,2,33,12,11.0,6.0,0.0,0,0.0,0.0,2.0,29.0
2023,8,SAPU Padre Las Casas,65,2,3,7,42,11,14.0,2.0,0.0,0,1.0,3.0,0.0,45.0
2023,9,SAPU Padre Las Casas,62,1,2,8,37,14,9.0,1.0,1.0,0,3.0,0.0,0.0,48.0
2023,10,SAPU Padre Las Casas,84,3,11,12,51,7,6.0,3.0,0.0,0,1.0,1.0,1.0,72.0
2023,11,SAPU Padre Las Casas,139,2,19,42,67,9,26.0,5.0,0.0,0,6.0,1.0,0.0,101.0
2023,12,SAPU Padre Las Casas,180,4,21,45,97,13,33.0,11.0,1.0,0,4.0,0.0,4.0,127.0
2023,13,SAPU Padre Las Casas,140,1,25,27,75,12,52.0,6.0,2.0,0,6.0,0.0,0.0,74.0
2023,14,SAPU Padre Las Casas,104,2,15,28,48,11,39.0,5.0,0.0,0,1.0,3.0,3.0,53.0
2023,15,SAPU Padre Las Casas,122,0,27,39,52,4,31.0,7.0,0.0,0,1.0,3.0,0.0,80.0
2023,16,SAPU Padre Las Casas,151,3,32,41,66,9,26.0,7.0,0.0,0,2.0,2.0,3.0,111.0
2023,17,SAPU Padre Las Casas,158,3,31,51,61,12,48.0,5.0,0.0,0,4.0,6.0,0.0,95.0
2023,18,SAPU Padre Las Casas,161,6,32,63,47,13,50.0,4.0,0.0,0,6.0,0.0,9.0,92.0
2023,19,SAPU Padre Las Casas,175,6,43,41,75,10,65.0,5.0,0.0,0,4.0,4.0,1.0,96.0
2023,20,SAPU Padre Las Casas,227,5,35,72,94,21,80.0,5.0,0.0,0,9.0,4.0,1.0,128.0
2023,21,SAPU Padre Las Casas,180,5,22,56,86,11,62.0,3.0,0.0,0,6.0,2.0,4.0,103.0
2023,22,SAPU Padre Las Casas,178,4,9,63,89,13,54.0,9.0,0.0,0,10.0,3.0,2.0,100.0
2023,23,SAPU Padre Las Casas,147,0,13,43,76,15,44.0,3.0,0.0,0,5.0,0.0,3.0,92.0
2023,24,SAPU Padre Las Casas,132,2,9,34,76,11,32.0,5.0,0.0,0,12.0,5.0,2.0,76.0
2023,25,SAPU Padre Las Casas,130,4,7,34,78,7,35.0,6.0,0.0,0,8.0,2.0,3.0,76.0
2023,26,SAPU Padre Las Casas,114,2,9,23,63,17,35.0,7.0,0.0,0,2.0,2.0,4.0,64.0
2023,27,SAPU Padre Las Casas,86,0,9,14,56,7,18.0,5.0,0.0,0,3.0,3.0,3.0,54.0
2023,28,SAPU Padre Las Casas,79,0,8,10,57,4,25.0,2.0,0.0,0,7.0,0.0,1.0,44.0
2023,29,SAPU Padre Las Casas,84,2,5,11,60,6,14.0,6.0,0.0,0,4.0,4.0,5.0,51.0
2023,30,SAPU Padre Las Casas,91,0,5,24,52,10,19.0,1.0,0.0,0,0.0,4.0,1.0,66.0
2023,31,SAPU Padre Las Casas,127,4,18,36,61,8,40.0,4.0,0.0,0,4.0,7.0,1.0,71.0
2023,32,SAPU Padre Las Casas,153,4,17,30,88,14,29.0,8.0,0.0,0,10.0,1.0,4.0,101.0
2023,33,SAPU Padre Las Casas,178,2,29,40,88,19,44.0,6.0,0.0,0,7.0,4.0,1.0,116.0
2023,34,SAPU Padre Las Casas,185,2,20,46,97,20,50.0,5.0,0.0,0,6.0,9.0,5.0,110.0
2023,35,SAPU Padre Las Casas,187,2,19,45,107,14,37.0,7.0,0.0,0,14.0,4.0,1.0,124.0
2023,36,SAPU Padre Las Casas,193,6,21,50,99,17,47.0,10.0,0.0,0,9.0,3.0,2.0,122.0
2023,37,SAPU Padre Las Casas,206,5,19,55,117,10,72.0,5.0,0.0,0,11.0,3.0,2.0,113.0
2023,38,SAPU Padre Las Casas,215,0,29,44,120,22,59.0,7.0,0.0,0,12.0,5.0,2.0,130.0
2023,39,SAPU Padre Las Casas,170,9,13,24,100,24,55.0,4.0,0.0,0,5.0,4.0,6.0,96.0
2023,40,SAPU Padre Las Casas,178,2,15,36,109,16,52.0,9.0,0.0,0,9.0,9.0,2.0,97.0
2023,41,SAPU Padre Las Casas,215,7,21,52,105,30,66.0,6.0,0.0,0,12.0,3.0,6.0,122.0
2023,42,SAPU Padre Las Casas,168,4,20,35,93,16,56.0,8.0,0.0,0,9.0,6.0,5.0,84.0
2023,43,SAPU Padre Las Casas,180,3,24,37,95,21,71.0,7.0,1.0,0,12.0,2.0,1.0,86.0
2023,44,SAPU Padre Las Casas,187,3,9,33,121,21,81.0,4.0,0.0,0,5.0,7.0,4.0,86.0
2023,45,SAPU Padre Las Casas,144,0,15,34,80,15,49.0,4.0,0.0,0,1.0,4.0,1.0,85.0
2023,46,SAPU Padre Las Casas,160,2,11,36,96,15,39.0,4.0,0.0,0,2.0,1.0,1.0,113.0
2023,47,SAPU Padre Las Casas,144,3,11,39,76,15,50.0,10.0,0.0,0,7.0,2.0,2.0,73.0
2023,48,SAPU Padre Las Casas,134,2,22,34,64,12,43.0,3.0,0.0,0,0.0,4.0,1.0,83.0
2023,49,SAPU Padre Las Casas,123,9,6,32,60,16,35.0,8.0,0.0,0,6.0,2.0,2.0,70.0
2023,50,SAPU Padre Las Casas,108,1,11,16,65,15,22.0,7.0,0.0,0,1.0,1.0,2.0,75.0
2023,51,SAPU Padre Las Casas,119,2,18,20,67,12,40.0,5.0,0.0,0,2.0,3.0,2.0,67.0
2023,52,SAPU Padre Las Casas,97,4,8,10,52,23,19.0,4.0,0.0,0,1.0,5.0,2.0,66.0
2024,1,SAPU Padre Las Casas,110,1,9,12,71,17,31.0,2.0,0.0,0,2.0,5.0,0.0,70.0
2024,2,SAPU Padre Las Casas,67,0,7,9,45,6,8.0,5.0,0.0,0,2.0,4.0,1.0,47.0
2024,3,SAPU Padre Las Casas,51,1,4,4,33,9,13.0,6.0,0.0,0,1.0,1.0,0.0,30.0
2024,4,SAPU Padre Las Casas,44,2,3,3,26,10,6.0,3.0,0.0,0,1.0,3.0,2.0,29.0
2024,5,SAPU Padre Las Casas,64,0,1,6,46,11,17.0,0.0,0.0,0,4.0,1.0,2.0,40.0
2024,6,SAPU Padre Las Casas,45,1,1,6,24,13,8.0,3.0,0.0,0,1.0,2.0,1.0,30.0
2024,7,SAPU Padre Las Casas,71,1,4,7,43,16,14.0,3.0,1.0,0,0.0,3.0,1.0,49.0
2024,8,SAPU Padre Las Casas,81,0,5,9,50,17,14.0,3.0,0.0,0,4.0,1.0,1.0,58.0
2024,9,SAPU Padre Las Casas,88,1,2,4,60,21,15.0,3.0,0.0,0,2.0,3.0,0.0,65.0
2024,10,SAPU Padre Las Casas,78,1,3,7,57,10,5.0,2.0,1.0,0,6.0,1.0,0.0,63.0
2024,11,SAPU Padre Las Casas,118,1,7,38,53,19,23.0,3.0,0.0,0,9.0,0.0,1.0,82.0
2024,12,SAPU Padre Las Casas,166,2,17,56,77,14,32.0,4.0,2.0,0,10.0,4.0,0.0,114.0
2024,13,SAPU Padre Las Casas,115,3,12,36,56,8,25.0,3.0,0.0,0,6.0,5.0,0.0,76.0
2024,14,SAPU Padre Las Casas,113,1,9,29,69,5,24.0,5.0,0.0,0,6.0,7.0,0.0,71.0
2024,15,SAPU Padre Las Casas,133,2,13,48,55,15,34.0,2.0,0.0,0,4.0,6.0,0.0,87.0
2024,16,SAPU Padre Las Casas,181,4,13,67,91,6,39.0,1.0,0.0,0,16.0,4.0,1.0,120.0
2024,17,SAPU Padre Las Casas,192,2,14,57,98,21,35.0,5.0,1.0,0,11.0,8.0,6.0,126.0
2024,18,SAPU Padre Las Casas,237,0,8,67,141,21,51.0,9.0,0.0,0,15.0,9.0,2.0,151.0
2024,19,SAPU Padre Las Casas,187,1,11,46,120,9,37.0,4.0,0.0,0,18.0,6.0,1.0,121.0
2024,20,SAPU Padre Las Casas,251,2,18,58,158,15,38.0,8.0,0.0,0,35.0,8.0,3.0,159.0
2024,21,SAPU Padre Las Casas,182,4,8,22,126,22,43.0,3.0,0.0,0,12.0,14.0,7.0,103.0
2024,22,SAPU Padre Las Casas,175,0,12,39,111,13,35.0,1.0,0.0,0,9.0,7.0,2.0,121.0
2024,23,SAPU Padre Las Casas,151,1,13,30,92,15,24.0,7.0,0.0,0,5.0,4.0,3.0,108.0
2024,24,SAPU Padre Las Casas,107,1,9,19,72,6,21.0,3.0,0.0,0,10.0,1.0,4.0,68.0
2024,25,SAPU Padre Las Casas,88,2,5,12,59,10,21.0,1.0,0.0,0,3.0,2.0,0.0,61.0
2024,26,SAPU Padre Las Casas,74,0,9,8,52,5,15.0,2.0,0.0,0,1.0,1.0,3.0,52.0
2024,27,SAPU Padre Las Casas,70,0,8,7,47,8,11.0,2.0,0.0,0,2.0,5.0,2.0,48.0
2024,28,SAPU Padre Las Casas,60,0,5,8,41,6,10.0,2.0,0.0,0,3.0,2.0,2.0,41.0
2024,29,SAPU Padre Las Casas,71,0,7,11,40,13,15.0,5.0,0.0,0,2.0,4.0,3.0,42.0
2024,30,SAPU Padre Las Casas,104,0,12,25,59,8,25.0,3.0,0.0,0,2.0,0.0,0.0,74.0
2024,31,SAPU Padre Las Casas,121,2,23,30,54,12,34.0,7.0,0.0,0,1.0,1.0,2.0,76.0
2024,32,SAPU Padre Las Casas,160,8,32,31,71,18,28.0,5.0,0.0,0,2.0,1.0,2.0,122.0
2024,33,SAPU Padre Las Casas,175,1,26,48,82,18,53.0,7.0,0.0,0,3.0,1.0,1.0,110.0
2024,34,SAPU Padre Las Casas,198,3,28,48,99,20,49.0,10.0,0.0,0,6.0,4.0,1.0,128.0
2024,35,SAPU Padre Las Casas,199,5,28,60,90,16,62.0,3.0,0.0,0,8.0,2.0,2.0,122.0
2024,36,SAPU Padre Las Casas,199,6,19,53,104,17,54.0,9.0,0.0,0,14.0,8.0,0.0,114.0
2024,37,SAPU Padre Las Casas,187,6,17,49,94,21,64.0,7.0,0.0,0,8.0,1.0,2.0,105.0
2024,38,SAPU Padre Las Casas,200,6,12,44,116,22,57.0,7.0,0.0,0,2.0,1.0,5.0,128.0
2024,39,SAPU Padre Las Casas,148,2,11,40,82,13,49.0,4.0,0.0,0,8.0,0.0,5.0,82.0
2024,40,SAPU Padre Las Casas,120,2,11,25,69,13,26.0,3.0,0.0,0,6.0,10.0,2.0,73.0
2024,41,SAPU Padre Las Casas,183,1,25,43,90,24,42.0,10.0,0.0,0,11.0,6.0,4.0,110.0
2024,42,SAPU Padre Las Casas,194,2,29,45,99,19,39.0,7.0,0.0,0,7.0,6.0,2.0,133.0
2024,43,SAPU Padre Las Casas,178,2,23,42,93,18,35.0,5.0,0.0,0,13.0,1.0,4.0,120.0
2024,44,SAPU Padre Las Casas,158,3,17,27,86,25,43.0,2.0,0.0,0,4.0,5.0,8.0,96.0
2024,45,SAPU Padre Las Casas,173,1,13,42,93,24,38.0,4.0,0.0,0,10.0,3.0,1.0,117.0
2024,46,SAPU Padre Las Casas,131,2,10,34,79,6,25.0,8.0,0.0,0,11.0,5.0,0.0,82.0
2024,47,SAPU Padre Las Casas,193,1,16,42,116,18,48.0,5.0,0.0,0,8.0,8.0,1.0,123.0
2024,48,SAPU Padre Las Casas,185,4,17,40,106,18,43.0,5.0,0.0,0,7.0,3.0,1.0,126.0
2024,49,SAPU Padre Las Casas,199,4,21,41,112,21,50.0,5.0,0.0,0,8.0,8.0,7.0,121.0
2024,50,SAPU Padre Las Casas,168,5,12,44,89,18,42.0,2.0,0.0,0,15.0,4.0,0.0,105.0
2024,51,SAPU Padre Las Casas,169,2,20,38,90,19,30.0,5.0,0.0,0,8.0,7.0,1.0,118.0
2024,52,SAPU Padre Las Casas,122,1,8,22,68,23,33.0,5.0,0.0,0,13.0,5.0,1.0,65.0
2025,1,SAPU Padre Las Casas,65,0,3,13,41,8,17.0,0.0,0.0,0,1.0,1.0,0.0,46.0
2025,2,SAPU Padre Las Casas,74,1,5,6,48,14,16.0,1.0,0.0,0,1.0,1.0,1.0,54.0
2025,3,SAPU Padre Las Casas,58,0,2,7,41,8,14.0,1.0,0.0,0,2.0,1.0,0.0,40.0
2025,4,SAPU Padre Las Casas,60,0,9,6,34,11,12.0,2.0,0.0,0,0.0,4.0,1.0,41.0
2025,5,SAPU Padre Las Casas,67,0,1,4,49,13,7.0,2.0,0.0,0,2.0,2.0,0.0,54.0
2025,6,SAPU Padre Las Casas,46,0,2,3,33,8,7.0,2.0,0.0,0,1.0,1.0,1.0,34.0
2025,7,SAPU Padre Las Casas,50,0,3,8,25,14,14.0,3.0,0.0,0,0.0,0.0,0.0,33.0
2025,8,SAPU Padre Las Casas,57,0,4,5,37,11,10.0,6.0,0.0,0,0.0,4.0,0.0,37.0
2025,9,SAPU Padre Las Casas,34,1,2,6,22,3,9.0,0.0,0.0,0,1.0,0.0,0.0,24.0
2025,10,SAPU Padre Las Casas,50,1,2,4,34,9,8.0,3.0,0.0,0,4.0,2.0,1.0,32.0
2025,11,SAPU Padre Las Casas,79,0,6,18,48,7,15.0,2.0,0.0,0,2.0,1.0,2.0,57.0
2025,12,SAPU Padre Las Casas,166,4,12,55,82,13,29.0,5.0,0.0,0,14.0,3.0,0.0,115.0
2025,13,SAPU Padre Las Casas,176,2,16,37,105,16,20.0,0.0,0.0,0,12.0,3.0,0.0,141.0
2025,14,SAPU Padre Las Casas,131,2,7,22,78,22,30.0,3.0,0.0,0,7.0,4.0,2.0,85.0
2025,15,SAPU Padre Las Casas,123,1,15,21,75,11,21.0,3.0,0.0,0,4.0,2.0,4.0,89.0
2025,16,SAPU Padre Las Casas,103,4,10,19,61,9,19.0,4.0,0.0,0,3.0,0.0,1.0,76.0
2025,17,SAPU Padre Las Casas,150,1,14,37,80,18,31.0,1.0,0.0,0,8.0,2.0,1.0,107.0
2025,18,SAPU Padre Las Casas,145,0,8,33,84,20,36.0,2.0,0.0,0,6.0,3.0,2.0,96.0
2025,19,SAPU Padre Las Casas,155,4,21,33,84,13,35.0,4.0,0.0,0,10.0,2.0,0.0,104.0
2025,20,SAPU Padre Las Casas,166,1,19,39,94,13,33.0,5.0,0.0,0,13.0,2.0,0.0,113.0
2025,21,SAPU Padre Las Casas,180,3,16,37,106,18,45.0,5.0,0.0,0,19.0,1.0,0.0,110.0
2025,22,SAPU Padre Las Casas,169,2,14,37,100,16,39.0,2.0,0.0,0,7.0,6.0,2.0,113.0
2025,23,SAPU Padre Las Casas,201,1,10,55,115,20,45.0,11.0,0.0,0,16.0,2.0,6.0,121.0
2025,24,SAPU Padre Las Casas,162,0,15,38,94,15,36.0,2.0,0.0,0,10.0,0.0,3.0,111.0
2025,25,SAPU Padre Las Casas,184,0,15,45,115,9,60.0,4.0,0.0,0,11.0,1.0,6.0,102.0
2025,26,SAPU Padre Las Casas,132,4,12,13,91,12,26.0,3.0,0.0,0,4.0,2.0,4.0,93.0
2025,27,SAPU Padre Las Casas,110,0,8,14,71,17,31.0,7.0,0.0,0,8.0,2.0,2.0,60.0
2025,28,SAPU Padre Las Casas,104,1,6,17,61,19,18.0,2.0,0.0,0,8.0,4.0,3.0,69.0
2025,29,SAPU Padre Las Casas,147,1,17,39,78,12,32.0,4.0,0.0,0,6.0,2.0,2.0,101.0
2025,30,SAPU Padre Las Casas,195,2,34,55,92,12,28.0,3.0,0.0,0,12.0,2.0,1.0,149.0
2025,31,SAPU Padre Las Casas,226,3,33,65,108,17,61.0,2.0,0.0,0,16.0,5.0,1.0,141.0
2025,32,SAPU Padre Las Casas,241,1,24,76,114,26,59.0,5.0,0.0,0,21.0,1.0,1.0,154.0
2025,33,SAPU Padre Las Casas,221,5,28,56,111,21,55.0,7.0,0.0,0,9.0,2.0,0.0,148.0
2025,34,SAPU Padre Las Casas,244,2,23,63,132,24,63.0,6.0,0.0,0,17.0,5.0,3.0,150.0
2025,35,SAPU Padre Las Casas,245,1,33,71,121,19,47.0,8.0,0.0,0,16.0,4.0,3.0,167.0
2025,36,SAPU Padre Las Casas,233,8,36,53,114,22,57.0,8.0,0.0,0,16.0,1.0,3.0,148.0
2025,37,SAPU Padre Las Casas,202,7,12,50,107,26,30.0,3.0,0.0,0,11.0,3.0,4.0,151.0
2025,38,SAPU Padre Las Casas,170,3,18,29,102,18,42.0,3.0,0.0,0,16.0,3.0,1.0,105.0
2025,39,SAPU Padre Las Casas,212,3,14,30,134,31,52.0,6.0,0.0,0,8.0,2.0,2.0,142.0
2025,40,SAPU Padre Las Casas,193,5,23,36,107,22,40.0,3.0,0.0,0,11.0,2.0,4.0,133.0
2025,41,SAPU Padre Las Casas,167,3,20,38,90,16,45.0,4.0,0.0,0,18.0,8.0,3.0,89.0
2025,42,SAPU Padre Las Casas,203,2,19,47,102,33,29.0,5.0,0.0,0,10.0,3.0,4.0,152.0
2025,43,SAPU Padre Las Casas,189,4,23,43,104,15,46.0,3.0,0.0,0,14.0,3.0,3.0,120.0
2025,44,SAPU Padre Las Casas,194,4,23,46,103,18,38.0,2.0,0.0,0,16.0,4.0,2.0,132.0
2025,45,SAPU Padre Las Casas,199,3,24,42,107,23,24.0,10.0,0.0,0,22.0,5.0,3.0,135.0
2025,46,SAPU Padre Las Casas,169,1,17,29,100,22,22.0,2.0,0.0,0,16.0,6.0,2.0,121.0
2025,47,SAPU Padre Las Casas,151,2,21,37,73,18,19.0,5.0,0.0,0,16.0,3.0,3.0,105.0
2025,48,SAPU Padre Las Casas,165,2,13,26,104,20,46.0,3.0,0.0,0,4.0,0.0,3.0,109.0
2025,49,SAPU Padre Las Casas,179,2,22,38,97,20,28.0,3.0,0.0,0,14.0,5.0,1.0,128.0
2025,50,SAPU Padre Las Casas,177,1,12,37,103,24,22.0,4.0,0.0,0,16.0,4.0,7.0,124.0
2025,51,SAPU Padre Las Casas,137,4,7,16,96,14,29.0,5.0,0.0,0,12.0,4.0,1.0,86.0
2025,52,SAPU Padre Las Casas,141,1,12,8,96,24,16.0,5.0,0.0,0,5.0,1.0,1.0,113.0
2025,53,SAPU Padre Las Casas,63,0,2,7,47,7,17.0,0.0,0.0,0,14.0,1.0,1.0,30.0
2026,1,SAPU Padre Las Casas,76,1,7,2,53,13,10.0,1.0,0.0,0,5.0,1.0,2.0,57.0
2026,2,SAPU Padre Las Casas,57,0,4,5,40,8,9.0,1.0,0.0,0,0.0,1.0,0.0,46.0
2026,3,SAPU Padre Las Casas,61,1,5,6,36,13,11.0,2.0,0.0,0,8.0,2.0,0.0,38.0
2026,4,SAPU Padre Las Casas,59,1,5,9,37,7,9.0,3.0,0.0,0,2.0,2.0,0.0,43.0
2026,5,SAPU Padre Las Casas,54,0,1,10,38,5,4.0,2.0,0.0,0,1.0,1.0,2.0,44.0
2026,6,SAPU Padre Las Casas,52,0,3,9,32,8,8.0,1.0,0.0,0,3.0,0.0,0.0,40.0
2026,7,SAPU Padre Las Casas,49,1,1,3,38,6,3.0,3.0,0.0,0,3.0,1.0,1.0,38.0
2026,8,SAPU Padre Las Casas,46,1,2,2,31,10,6.0,2.0,0.0,0,3.0,0.0,1.0,34.0
2026,9,SAPU Padre Las Casas,67,1,1,10,46,9,11.0,2.0,0.0,0,6.0,0.0,0.0,48.0
2026,53,SAPU Padre Las Casas,54,0,4,5,33,12,4.0,2.0,0.0,0,4.0,0.0,1.0,43.0
2020,18,SAPU Pueblo Nuevo,0,0,0,0,0,0,0.0,0.0,0.0,0,0.0,0.0,0.0,0.0
2020,49,SAPU Pueblo Nuevo,19,1,1,4,11,2,2.0,1.0,0.0,0,0.0,2.0,0.0,14.0
2020,50,SAPU Pueblo Nuevo,15,0,2,3,9,1,3.0,1.0,0.0,0,0.0,2.0,0.0,9.0
2020,51,SAPU Pueblo Nuevo,22,0,2,5,14,1,3.0,3.0,0.0,0,0.0,1.0,0.0,15.0
2020,52,SAPU Pueblo Nuevo,10,0,0,1,8,1,1.0,1.0,0.0,0,0.0,0.0,0.0,8.0
2020,53,SAPU Pueblo Nuevo,35,1,4,7,22,1,1.0,3.0,0.0,0,0.0,1.0,0.0,30.0
2021,1,SAPU Pueblo Nuevo,35,0,4,2,25,4,8.0,4.0,0.0,0,0.0,3.0,2.0,18.0
2021,2,SAPU Pueblo Nuevo,37,0,2,4,29,2,4.0,1.0,0.0,0,0.0,1.0,1.0,30.0
2021,3,SAPU Pueblo Nuevo,36,0,0,2,30,4,3.0,3.0,0.0,0,0.0,0.0,2.0,28.0
2021,4,SAPU Pueblo Nuevo,30,2,3,2,21,2,1.0,0.0,0.0,0,0.0,1.0,1.0,27.0
2021,5,SAPU Pueblo Nuevo,24,0,6,0,14,4,3.0,3.0,0.0,0,0.0,1.0,0.0,17.0
2021,6,SAPU Pueblo Nuevo,26,0,2,0,22,2,1.0,2.0,0.0,0,0.0,1.0,0.0,22.0
2021,7,SAPU Pueblo Nuevo,31,0,1,4,25,1,3.0,2.0,0.0,0,0.0,0.0,1.0,25.0
2021,8,SAPU Pueblo Nuevo,39,0,3,2,28,6,1.0,2.0,0.0,0,0.0,1.0,0.0,35.0
2021,9,SAPU Pueblo Nuevo,33,1,1,6,23,2,2.0,2.0,0.0,0,0.0,0.0,0.0,29.0
2021,10,SAPU Pueblo Nuevo,39,0,2,6,27,4,6.0,1.0,0.0,0,0.0,0.0,0.0,32.0
2021,11,SAPU Pueblo Nuevo,34,0,2,0,31,1,3.0,2.0,0.0,0,0.0,0.0,0.0,29.0
2021,12,SAPU Pueblo Nuevo,53,0,1,3,46,3,8.0,1.0,0.0,0,0.0,1.0,0.0,43.0
2021,13,SAPU Pueblo Nuevo,34,0,0,1,33,0,2.0,3.0,0.0,0,0.0,1.0,0.0,28.0
2021,14,SAPU Pueblo Nuevo,32,0,0,1,28,3,5.0,0.0,0.0,0,0.0,1.0,2.0,24.0
2021,15,SAPU Pueblo Nuevo,29,0,0,3,26,0,3.0,2.0,0.0,0,0.0,0.0,0.0,24.0
2021,16,SAPU Pueblo Nuevo,25,1,0,3,21,0,3.0,1.0,0.0,0,0.0,3.0,0.0,18.0
2021,17,SAPU Pueblo Nuevo,19,0,1,0,17,1,3.0,1.0,1.0,0,0.0,2.0,0.0,12.0
2021,18,SAPU Pueblo Nuevo,19,0,1,0,17,1,6.0,1.0,0.0,0,0.0,0.0,0.0,12.0
2021,19,SAPU Pueblo Nuevo,20,0,0,2,18,0,0.0,1.0,0.0,0,0.0,3.0,0.0,16.0
2021,20,SAPU Pueblo Nuevo,30,1,3,2,21,3,7.0,2.0,1.0,0,0.0,1.0,0.0,19.0
2021,21,SAPU Pueblo Nuevo,20,0,0,2,17,1,5.0,2.0,0.0,0,0.0,1.0,0.0,12.0
2021,22,SAPU Pueblo Nuevo,16,0,3,1,12,0,3.0,2.0,0.0,0,0.0,0.0,0.0,11.0
2021,23,SAPU Pueblo Nuevo,21,0,1,5,14,1,1.0,3.0,1.0,0,0.0,0.0,0.0,16.0
2021,24,SAPU Pueblo Nuevo,38,0,0,4,29,5,5.0,2.0,0.0,0,0.0,3.0,0.0,28.0
2021,25,SAPU Pueblo Nuevo,25,1,0,3,18,3,4.0,3.0,0.0,0,0.0,0.0,3.0,15.0
2021,26,SAPU Pueblo Nuevo,17,0,2,7,8,0,1.0,3.0,0.0,0,0.0,0.0,0.0,13.0
2021,27,SAPU Pueblo Nuevo,35,0,3,6,25,1,4.0,2.0,1.0,0,0.0,0.0,0.0,28.0
2021,28,SAPU Pueblo Nuevo,24,1,2,2,16,3,2.0,0.0,0.0,0,0.0,0.0,0.0,22.0
2021,29,SAPU Pueblo Nuevo,33,0,1,6,24,2,3.0,3.0,0.0,0,0.0,0.0,0.0,27.0
2021,30,SAPU Pueblo Nuevo,33,1,3,4,23,2,7.0,3.0,0.0,0,0.0,1.0,1.0,21.0
2021,31,SAPU Pueblo Nuevo,32,1,2,3,21,5,6.0,0.0,1.0,0,0.0,4.0,0.0,21.0
2021,32,SAPU Pueblo Nuevo,33,1,4,4,19,5,1.0,2.0,0.0,0,0.0,2.0,0.0,28.0
2021,33,SAPU Pueblo Nuevo,42,3,3,8,23,5,4.0,3.0,0.0,0,0.0,2.0,0.0,33.0
2021,34,SAPU Pueblo Nuevo,39,1,2,9,23,4,2.0,3.0,0.0,0,0.0,2.0,0.0,32.0
2021,35,SAPU Pueblo Nuevo,31,1,2,4,19,5,2.0,5.0,0.0,0,0.0,1.0,0.0,23.0
2021,36,SAPU Pueblo Nuevo,21,0,1,1,14,5,7.0,1.0,0.0,0,0.0,0.0,0.0,13.0
2021,37,SAPU Pueblo Nuevo,25,2,5,1,16,1,2.0,2.0,0.0,0,0.0,0.0,0.0,21.0
2021,38,SAPU Pueblo Nuevo,37,2,5,6,20,4,1.0,2.0,0.0,0,0.0,3.0,1.0,30.0
2021,39,SAPU Pueblo Nuevo,40,1,6,4,26,3,2.0,3.0,0.0,0,0.0,4.0,0.0,31.0
2021,40,SAPU Pueblo Nuevo,35,1,9,3,17,5,3.0,4.0,0.0,0,0.0,1.0,0.0,27.0
2021,41,SAPU Pueblo Nuevo,26,0,8,1,13,4,1.0,2.0,0.0,0,0.0,1.0,0.0,22.0
2021,42,SAPU Pueblo Nuevo,38,2,10,4,19,3,5.0,1.0,0.0,0,0.0,3.0,0.0,29.0
2021,43,SAPU Pueblo Nuevo,51,1,13,6,29,2,2.0,1.0,1.0,0,0.0,6.0,0.0,41.0
2021,44,SAPU Pueblo Nuevo,39,1,14,6,17,1,6.0,0.0,0.0,0,0.0,0.0,0.0,33.0
2021,45,SAPU Pueblo Nuevo,51,2,15,7,20,7,9.0,5.0,0.0,0,0.0,2.0,0.0,35.0
2021,46,SAPU Pueblo Nuevo,53,2,17,5,24,5,5.0,1.0,0.0,0,0.0,2.0,1.0,44.0
2021,47,SAPU Pueblo Nuevo,71,1,15,8,32,15,7.0,5.0,0.0,0,0.0,4.0,0.0,55.0
2021,48,SAPU Pueblo Nuevo,38,1,9,4,21,3,6.0,2.0,0.0,0,0.0,5.0,0.0,25.0
2021,49,SAPU Pueblo Nuevo,42,4,9,6,22,1,3.0,1.0,0.0,0,0.0,3.0,1.0,34.0
2021,50,SAPU Pueblo Nuevo,46,1,6,2,35,2,5.0,5.0,0.0,0,0.0,5.0,0.0,31.0
2021,51,SAPU Pueblo Nuevo,47,0,13,9,23,2,7.0,4.0,0.0,0,1.0,3.0,0.0,32.0
2021,52,SAPU Pueblo Nuevo,41,2,1,6,24,8,9.0,4.0,0.0,0,0.0,8.0,0.0,20.0
2021,53,SAPU Pueblo Nuevo,3,0,0,1,2,0,0.0,0.0,0.0,0,0.0,1.0,0.0,2.0
2022,1,SAPU Pueblo Nuevo,41,1,5,5,26,4,5.0,3.0,0.0,0,0.0,0.0,0.0,33.0
2022,2,SAPU Pueblo Nuevo,33,0,5,2,25,1,2.0,2.0,0.0,0,0.0,1.0,0.0,28.0
2022,3,SAPU Pueblo Nuevo,29,1,5,3,19,1,5.0,1.0,0.0,0,0.0,1.0,0.0,22.0
2022,4,SAPU Pueblo Nuevo,31,2,4,5,16,4,2.0,1.0,0.0,0,0.0,0.0,0.0,28.0
2022,5,SAPU Pueblo Nuevo,68,1,10,12,41,4,5.0,0.0,0.0,0,0.0,4.0,0.0,59.0
2022,6,SAPU Pueblo Nuevo,44,0,9,5,22,8,4.0,3.0,0.0,0,0.0,2.0,0.0,35.0
2022,7,SAPU Pueblo Nuevo,45,1,4,7,25,8,5.0,1.0,0.0,0,0.0,2.0,0.0,37.0
2022,8,SAPU Pueblo Nuevo,31,1,1,6,21,2,1.0,1.0,2.0,0,0.0,4.0,0.0,23.0
2022,9,SAPU Pueblo Nuevo,33,0,4,6,18,5,3.0,1.0,0.0,0,0.0,1.0,1.0,27.0
2022,10,SAPU Pueblo Nuevo,35,1,4,16,12,2,6.0,3.0,0.0,0,0.0,0.0,1.0,25.0
2022,11,SAPU Pueblo Nuevo,72,4,14,24,29,1,7.0,4.0,1.0,0,0.0,0.0,0.0,60.0
2022,12,SAPU Pueblo Nuevo,64,0,11,24,24,5,7.0,3.0,0.0,0,0.0,1.0,1.0,52.0
2022,13,SAPU Pueblo Nuevo,57,2,4,22,28,1,8.0,2.0,1.0,0,0.0,0.0,0.0,46.0
2022,14,SAPU Pueblo Nuevo,61,2,19,15,19,6,19.0,2.0,0.0,0,0.0,5.0,0.0,35.0
2022,15,SAPU Pueblo Nuevo,62,1,16,21,22,2,20.0,6.0,0.0,0,0.0,0.0,0.0,36.0
2022,16,SAPU Pueblo Nuevo,59,2,17,16,18,6,22.0,4.0,0.0,0,0.0,10.0,0.0,23.0
2022,17,SAPU Pueblo Nuevo,76,1,21,29,23,2,24.0,4.0,0.0,0,0.0,11.0,0.0,37.0
2022,18,SAPU Pueblo Nuevo,80,3,19,25,30,3,16.0,8.0,2.0,0,0.0,10.0,0.0,44.0
2022,19,SAPU Pueblo Nuevo,111,1,29,31,45,5,56.0,3.0,0.0,0,5.0,1.0,0.0,46.0
2022,20,SAPU Pueblo Nuevo,135,6,20,45,56,8,36.0,8.0,0.0,0,0.0,4.0,1.0,86.0
2022,21,SAPU Pueblo Nuevo,127,3,16,36,67,5,36.0,1.0,0.0,0,2.0,4.0,1.0,83.0
2022,22,SAPU Pueblo Nuevo,168,3,23,43,90,9,38.0,11.0,0.0,0,11.0,20.0,0.0,88.0
2022,23,SAPU Pueblo Nuevo,158,4,17,31,95,11,50.0,5.0,0.0,0,5.0,9.0,2.0,87.0
2022,24,SAPU Pueblo Nuevo,160,3,25,43,81,8,44.0,8.0,0.0,0,3.0,11.0,0.0,94.0
2022,25,SAPU Pueblo Nuevo,155,4,24,31,83,13,47.0,4.0,2.0,0,0.0,5.0,1.0,96.0
2022,26,SAPU Pueblo Nuevo,120,4,18,24,65,9,34.0,4.0,1.0,0,0.0,4.0,4.0,73.0
2022,27,SAPU Pueblo Nuevo,98,4,14,12,52,16,22.0,6.0,0.0,0,0.0,7.0,0.0,63.0
2022,28,SAPU Pueblo Nuevo,79,3,8,6,51,11,31.0,5.0,0.0,0,3.0,5.0,0.0,35.0
2022,29,SAPU Pueblo Nuevo,75,4,8,8,46,9,30.0,2.0,1.0,0,2.0,6.0,0.0,34.0
2022,30,SAPU Pueblo Nuevo,81,0,3,13,55,10,25.0,4.0,0.0,0,0.0,3.0,1.0,48.0
2022,31,SAPU Pueblo Nuevo,117,4,16,24,65,8,21.0,10.0,1.0,0,0.0,4.0,0.0,81.0
2022,32,SAPU Pueblo Nuevo,146,0,15,49,71,11,32.0,4.0,0.0,0,1.0,2.0,1.0,106.0
2022,33,SAPU Pueblo Nuevo,179,5,21,52,80,21,43.0,3.0,0.0,0,1.0,2.0,1.0,129.0
2022,34,SAPU Pueblo Nuevo,141,9,25,31,65,11,36.0,2.0,0.0,0,0.0,6.0,1.0,96.0
2022,35,SAPU Pueblo Nuevo,140,2,26,35,65,12,29.0,6.0,4.0,0,0.0,9.0,0.0,92.0
2022,36,SAPU Pueblo Nuevo,142,4,24,27,72,15,20.0,9.0,0.0,0,0.0,8.0,0.0,105.0
2022,37,SAPU Pueblo Nuevo,134,3,19,31,64,17,31.0,3.0,0.0,0,0.0,3.0,0.0,97.0
2022,38,SAPU Pueblo Nuevo,126,2,25,29,59,11,24.0,4.0,0.0,0,0.0,4.0,0.0,94.0
2022,39,SAPU Pueblo Nuevo,122,1,20,31,53,17,20.0,9.0,0.0,0,0.0,10.0,0.0,83.0
2022,40,SAPU Pueblo Nuevo,164,5,28,43,75,13,36.0,6.0,0.0,0,0.0,6.0,1.0,115.0
2022,41,SAPU Pueblo Nuevo,187,3,31,54,83,16,48.0,4.0,0.0,0,0.0,5.0,0.0,130.0
2022,42,SAPU Pueblo Nuevo,209,1,29,69,95,15,38.0,8.0,0.0,0,1.0,2.0,2.0,158.0
2022,43,SAPU Pueblo Nuevo,251,7,23,95,106,20,38.0,13.0,0.0,0,0.0,12.0,1.0,187.0
2022,44,SAPU Pueblo Nuevo,280,3,27,94,130,26,57.0,6.0,2.0,0,5.0,8.0,2.0,200.0
2022,45,SAPU Pueblo Nuevo,217,3,31,44,116,23,56.0,3.0,3.0,0,6.0,7.0,0.0,142.0
2022,46,SAPU Pueblo Nuevo,199,1,33,61,86,18,39.0,10.0,0.0,0,0.0,8.0,0.0,142.0
2022,47,SAPU Pueblo Nuevo,213,4,26,60,99,24,26.0,1.0,3.0,0,14.0,4.0,8.0,157.0
2022,48,SAPU Pueblo Nuevo,102,0,12,33,49,8,20.0,3.0,1.0,0,3.0,5.0,0.0,70.0
2022,49,SAPU Pueblo Nuevo,118,5,14,27,61,11,26.0,4.0,5.0,0,5.0,7.0,0.0,71.0
2022,50,SAPU Pueblo Nuevo,104,1,12,15,68,8,21.0,4.0,0.0,0,0.0,1.0,0.0,78.0
2022,51,SAPU Pueblo Nuevo,76,3,9,11,45,8,8.0,3.0,0.0,0,0.0,3.0,0.0,62.0
2022,52,SAPU Pueblo Nuevo,81,2,16,16,42,5,4.0,4.0,0.0,0,0.0,1.0,0.0,72.0
2023,1,SAPU Pueblo Nuevo,90,3,8,9,57,13,6.0,3.0,0.0,0,3.0,6.0,1.0,71.0
2023,2,SAPU Pueblo Nuevo,57,0,2,5,36,14,11.0,2.0,0.0,0,0.0,3.0,0.0,41.0
2023,3,SAPU Pueblo Nuevo,40,0,5,3,27,5,6.0,2.0,2.0,0,0.0,0.0,0.0,30.0
2023,4,SAPU Pueblo Nuevo,39,1,3,5,22,8,4.0,2.0,0.0,0,0.0,1.0,0.0,32.0
2023,5,SAPU Pueblo Nuevo,28,0,2,6,17,3,3.0,1.0,1.0,0,0.0,1.0,0.0,22.0
2023,6,SAPU Pueblo Nuevo,31,1,2,4,21,3,1.0,0.0,0.0,0,0.0,0.0,0.0,30.0
2023,7,SAPU Pueblo Nuevo,46,2,8,9,24,3,4.0,0.0,3.0,0,0.0,0.0,0.0,39.0
2023,8,SAPU Pueblo Nuevo,16,0,2,3,8,3,3.0,0.0,0.0,0,0.0,1.0,0.0,12.0
2023,9,SAPU Pueblo Nuevo,27,1,2,7,16,1,2.0,0.0,0.0,0,0.0,0.0,0.0,25.0
2023,10,SAPU Pueblo Nuevo,65,1,5,16,33,10,8.0,1.0,0.0,0,1.0,2.0,2.0,51.0
2023,11,SAPU Pueblo Nuevo,124,4,14,40,55,11,14.0,4.0,1.0,0,4.0,4.0,0.0,97.0
2023,12,SAPU Pueblo Nuevo,113,2,12,26,67,6,17.0,4.0,0.0,0,0.0,4.0,0.0,88.0
2023,13,SAPU Pueblo Nuevo,98,5,22,26,40,5,16.0,2.0,1.0,0,1.0,5.0,0.0,73.0
2023,14,SAPU Pueblo Nuevo,78,1,2,24,44,7,12.0,3.0,0.0,0,2.0,2.0,1.0,58.0
2023,15,SAPU Pueblo Nuevo,109,1,11,34,53,10,9.0,5.0,2.0,0,0.0,10.0,2.0,81.0
2023,16,SAPU Pueblo Nuevo,131,2,22,42,54,11,25.0,4.0,0.0,0,0.0,0.0,5.0,97.0
2023,17,SAPU Pueblo Nuevo,137,5,34,40,47,11,29.0,1.0,0.0,0,0.0,3.0,1.0,103.0
2023,18,SAPU Pueblo Nuevo,180,3,42,74,51,10,38.0,6.0,0.0,0,0.0,3.0,4.0,129.0
2023,19,SAPU Pueblo Nuevo,170,6,30,62,62,10,18.0,5.0,0.0,0,0.0,10.0,4.0,133.0
2023,20,SAPU Pueblo Nuevo,205,4,26,60,97,18,22.0,3.0,0.0,0,2.0,12.0,0.0,166.0
2023,21,SAPU Pueblo Nuevo,163,2,18,53,77,13,20.0,2.0,0.0,0,6.0,3.0,2.0,130.0
2023,22,SAPU Pueblo Nuevo,152,2,15,44,76,15,15.0,1.0,0.0,0,3.0,8.0,1.0,124.0
2023,23,SAPU Pueblo Nuevo,158,1,10,40,95,12,13.0,15.0,0.0,0,7.0,8.0,0.0,115.0
2023,24,SAPU Pueblo Nuevo,117,2,9,31,67,8,16.0,4.0,0.0,0,6.0,3.0,0.0,88.0
2023,25,SAPU Pueblo Nuevo,121,1,15,27,66,12,23.0,6.0,0.0,0,6.0,3.0,1.0,82.0
2023,26,SAPU Pueblo Nuevo,104,0,9,14,74,7,12.0,3.0,0.0,0,3.0,7.0,1.0,78.0
2023,27,SAPU Pueblo Nuevo,76,0,4,19,46,7,4.0,0.0,0.0,0,2.0,6.0,4.0,60.0
2023,28,SAPU Pueblo Nuevo,48,0,1,6,33,8,10.0,2.0,0.0,0,2.0,3.0,1.0,30.0
2023,29,SAPU Pueblo Nuevo,84,0,5,18,50,11,19.0,5.0,0.0,0,0.0,5.0,0.0,55.0
2023,30,SAPU Pueblo Nuevo,89,0,12,23,45,9,19.0,2.0,0.0,0,0.0,4.0,1.0,63.0
2023,31,SAPU Pueblo Nuevo,127,2,20,26,67,12,17.0,4.0,0.0,0,8.0,6.0,10.0,82.0
2023,32,SAPU Pueblo Nuevo,138,3,11,34,81,9,20.0,5.0,0.0,0,7.0,5.0,2.0,99.0
2023,33,SAPU Pueblo Nuevo,158,4,19,37,81,17,25.0,7.0,0.0,0,1.0,5.0,0.0,120.0
2023,34,SAPU Pueblo Nuevo,144,2,14,42,75,11,20.0,4.0,0.0,0,4.0,2.0,0.0,114.0
2023,35,SAPU Pueblo Nuevo,154,1,13,44,82,14,22.0,4.0,0.0,0,1.0,4.0,2.0,121.0
2023,36,SAPU Pueblo Nuevo,187,2,22,48,98,17,24.0,3.0,0.0,0,9.0,9.0,4.0,138.0
2023,37,SAPU Pueblo Nuevo,166,1,17,41,103,4,32.0,4.0,0.0,0,1.0,2.0,7.0,120.0
2023,38,SAPU Pueblo Nuevo,153,1,15,35,88,14,16.0,4.0,0.0,0,5.0,8.0,5.0,115.0
2023,39,SAPU Pueblo Nuevo,156,1,16,35,85,19,20.0,4.0,0.0,0,5.0,9.0,2.0,116.0
2023,40,SAPU Pueblo Nuevo,175,5,12,35,101,22,22.0,4.0,0.0,0,10.0,11.0,3.0,125.0
2023,41,SAPU Pueblo Nuevo,179,2,20,46,95,16,36.0,7.0,0.0,0,1.0,5.0,3.0,127.0
2023,42,SAPU Pueblo Nuevo,181,0,13,49,100,19,26.0,6.0,0.0,0,12.0,5.0,2.0,130.0
2023,43,SAPU Pueblo Nuevo,178,3,16,40,109,10,25.0,4.0,0.0,0,18.0,9.0,0.0,122.0
2023,44,SAPU Pueblo Nuevo,138,2,9,45,66,16,11.0,5.0,2.0,0,9.0,11.0,0.0,100.0
2023,45,SAPU Pueblo Nuevo,142,2,11,35,78,16,10.0,5.0,0.0,0,4.0,9.0,0.0,114.0
2023,46,SAPU Pueblo Nuevo,154,0,10,44,84,16,11.0,5.0,0.0,0,8.0,2.0,0.0,128.0
2023,47,SAPU Pueblo Nuevo,154,2,17,31,87,17,22.0,5.0,2.0,0,5.0,5.0,0.0,115.0
2023,48,SAPU Pueblo Nuevo,137,4,11,24,81,17,20.0,3.0,0.0,0,8.0,6.0,1.0,99.0
2023,49,SAPU Pueblo Nuevo,111,2,5,19,70,15,8.0,8.0,1.0,0,2.0,5.0,1.0,86.0
2023,50,SAPU Pueblo Nuevo,122,3,5,29,73,12,7.0,1.0,0.0,0,12.0,8.0,4.0,90.0
2023,51,SAPU Pueblo Nuevo,91,2,5,17,56,11,6.0,5.0,1.0,0,5.0,6.0,0.0,68.0
2023,52,SAPU Pueblo Nuevo,83,1,3,11,66,2,12.0,3.0,0.0,0,1.0,8.0,2.0,57.0
2024,1,SAPU Pueblo Nuevo,109,2,5,16,70,16,7.0,4.0,0.0,0,3.0,7.0,2.0,86.0
2024,2,SAPU Pueblo Nuevo,55,0,4,7,30,14,3.0,1.0,0.0,0,3.0,1.0,1.0,46.0
2024,3,SAPU Pueblo Nuevo,31,2,3,3,19,4,3.0,1.0,0.0,0,1.0,1.0,0.0,25.0
2024,4,SAPU Pueblo Nuevo,28,0,1,3,21,3,0.0,2.0,0.0,0,1.0,1.0,1.0,23.0
2024,5,SAPU Pueblo Nuevo,39,2,3,4,27,3,0.0,1.0,0.0,0,1.0,1.0,0.0,36.0
2024,6,SAPU Pueblo Nuevo,45,3,3,6,28,5,5.0,0.0,0.0,0,3.0,1.0,1.0,35.0
2024,7,SAPU Pueblo Nuevo,38,1,4,2,21,10,2.0,1.0,1.0,0,7.0,0.0,0.0,27.0
2024,8,SAPU Pueblo Nuevo,57,2,2,6,37,10,0.0,2.0,0.0,0,11.0,1.0,1.0,42.0
2024,9,SAPU Pueblo Nuevo,51,0,2,9,26,14,6.0,2.0,1.0,0,4.0,2.0,0.0,36.0
2024,10,SAPU Pueblo Nuevo,67,2,3,17,33,12,2.0,0.0,2.0,0,4.0,1.0,1.0,57.0
2024,11,SAPU Pueblo Nuevo,117,1,10,40,54,12,14.0,1.0,0.0,0,3.0,3.0,0.0,96.0
2024,12,SAPU Pueblo Nuevo,170,3,11,61,86,9,19.0,1.0,1.0,0,16.0,4.0,0.0,129.0
2024,13,SAPU Pueblo Nuevo,116,3,10,18,70,15,3.0,3.0,0.0,0,11.0,8.0,1.0,90.0
2024,14,SAPU Pueblo Nuevo,99,2,10,22,56,9,14.0,0.0,0.0,0,5.0,5.0,0.0,75.0
2024,15,SAPU Pueblo Nuevo,110,2,9,31,57,11,20.0,1.0,0.0,0,6.0,2.0,0.0,81.0
2024,16,SAPU Pueblo Nuevo,125,2,12,35,67,9,15.0,3.0,0.0,0,4.0,2.0,2.0,99.0
2024,17,SAPU Pueblo Nuevo,183,2,15,66,92,8,24.0,2.0,0.0,0,24.0,10.0,2.0,121.0
2024,18,SAPU Pueblo Nuevo,196,1,20,51,109,15,35.0,1.0,0.0,0,42.0,2.0,2.0,114.0
2024,19,SAPU Pueblo Nuevo,137,3,4,26,89,15,18.0,7.0,0.0,0,18.0,5.0,0.0,89.0
2024,20,SAPU Pueblo Nuevo,169,1,9,38,106,15,32.0,4.0,0.0,0,18.0,12.0,4.0,99.0
2024,21,SAPU Pueblo Nuevo,160,2,14,26,108,10,15.0,2.0,0.0,0,17.0,4.0,0.0,122.0
2024,22,SAPU Pueblo Nuevo,111,1,6,16,78,10,26.0,0.0,0.0,0,9.0,7.0,0.0,69.0
2024,23,SAPU Pueblo Nuevo,97,0,7,22,61,7,12.0,3.0,0.0,0,4.0,3.0,0.0,75.0
2024,24,SAPU Pueblo Nuevo,84,1,4,16,54,9,10.0,0.0,0.0,0,0.0,1.0,2.0,71.0
2024,25,SAPU Pueblo Nuevo,83,1,6,22,49,5,14.0,3.0,0.0,0,2.0,2.0,2.0,60.0
2024,26,SAPU Pueblo Nuevo,50,0,4,7,28,11,5.0,0.0,0.0,0,0.0,1.0,0.0,44.0
2024,27,SAPU Pueblo Nuevo,75,2,8,11,48,6,6.0,1.0,0.0,0,1.0,1.0,1.0,65.0
2024,28,SAPU Pueblo Nuevo,42,2,2,4,28,6,5.0,2.0,0.0,0,1.0,4.0,2.0,28.0
2024,29,SAPU Pueblo Nuevo,77,2,8,13,43,11,15.0,2.0,0.0,0,0.0,4.0,0.0,56.0
2024,30,SAPU Pueblo Nuevo,121,4,25,31,55,6,37.0,0.0,0.0,0,4.0,5.0,0.0,75.0
2024,31,SAPU Pueblo Nuevo,138,1,21,36,71,9,21.0,3.0,0.0,0,3.0,6.0,0.0,105.0
2024,32,SAPU Pueblo Nuevo,122,4,16,32,58,12,25.0,3.0,0.0,0,1.0,4.0,2.0,87.0
2024,33,SAPU Pueblo Nuevo,115,0,17,29,57,12,26.0,1.0,0.0,0,5.0,2.0,3.0,78.0
2024,34,SAPU Pueblo Nuevo,168,2,30,33,89,14,41.0,3.0,0.0,0,0.0,3.0,2.0,119.0
2024,35,SAPU Pueblo Nuevo,148,1,21,41,70,15,33.0,3.0,0.0,0,2.0,5.0,5.0,100.0
2024,36,SAPU Pueblo Nuevo,132,3,16,34,63,16,19.0,5.0,0.0,0,1.0,10.0,1.0,96.0
2024,37,SAPU Pueblo Nuevo,152,1,17,41,87,6,37.0,1.0,0.0,0,2.0,4.0,1.0,107.0
2024,38,SAPU Pueblo Nuevo,129,5,12,30,63,19,24.0,6.0,0.0,0,1.0,9.0,0.0,89.0
2024,39,SAPU Pueblo Nuevo,105,1,7,24,62,11,29.0,2.0,0.0,0,6.0,7.0,2.0,59.0
2024,40,SAPU Pueblo Nuevo,106,1,6,22,67,10,24.0,8.0,0.0,0,2.0,6.0,2.0,64.0
2024,41,SAPU Pueblo Nuevo,143,2,8,40,77,16,26.0,2.0,0.0,0,4.0,10.0,2.0,99.0
2024,42,SAPU Pueblo Nuevo,122,0,11,34,66,11,18.0,3.0,0.0,0,6.0,7.0,2.0,86.0
2024,43,SAPU Pueblo Nuevo,140,0,9,41,79,11,16.0,3.0,0.0,0,5.0,4.0,2.0,110.0
2024,44,SAPU Pueblo Nuevo,149,1,9,25,91,23,25.0,6.0,0.0,0,4.0,6.0,3.0,105.0
2024,45,SAPU Pueblo Nuevo,107,2,6,15,73,11,19.0,1.0,0.0,0,1.0,5.0,4.0,77.0
2024,46,SAPU Pueblo Nuevo,108,1,11,25,63,8,11.0,2.0,0.0,0,6.0,4.0,1.0,84.0
2024,47,SAPU Pueblo Nuevo,151,3,13,30,80,25,18.0,6.0,0.0,0,2.0,2.0,3.0,120.0
2024,48,SAPU Pueblo Nuevo,173,1,10,46,96,20,18.0,4.0,0.0,0,5.0,13.0,2.0,131.0
2024,49,SAPU Pueblo Nuevo,146,1,7,20,100,18,19.0,2.0,0.0,0,7.0,9.0,3.0,106.0
2024,50,SAPU Pueblo Nuevo,142,2,3,22,95,20,15.0,6.0,0.0,0,4.0,14.0,2.0,101.0
2024,51,SAPU Pueblo Nuevo,145,3,6,31,87,18,20.0,4.0,0.0,0,0.0,7.0,0.0,114.0
2024,52,SAPU Pueblo Nuevo,104,1,7,18,68,10,8.0,6.0,0.0,0,0.0,4.0,1.0,85.0
2025,1,SAPU Pueblo Nuevo,37,1,0,3,26,7,6.0,2.0,0.0,0,0.0,0.0,0.0,29.0
2025,2,SAPU Pueblo Nuevo,56,1,6,5,34,10,5.0,1.0,0.0,0,3.0,2.0,0.0,45.0
2025,3,SAPU Pueblo Nuevo,43,0,4,7,27,5,3.0,1.0,0.0,0,0.0,2.0,0.0,37.0
2025,4,SAPU Pueblo Nuevo,51,3,2,8,29,9,8.0,6.0,0.0,0,0.0,1.0,0.0,36.0
2025,5,SAPU Pueblo Nuevo,37,1,1,6,23,6,6.0,0.0,0.0,0,2.0,2.0,0.0,27.0
2025,6,SAPU Pueblo Nuevo,39,1,1,5,24,8,5.0,1.0,0.0,0,1.0,1.0,0.0,31.0
2025,7,SAPU Pueblo Nuevo,32,1,0,5,21,5,2.0,1.0,0.0,0,0.0,0.0,1.0,28.0
2025,8,SAPU Pueblo Nuevo,33,1,1,4,22,5,5.0,0.0,0.0,0,2.0,1.0,0.0,25.0
2025,9,SAPU Pueblo Nuevo,36,0,2,8,21,5,6.0,3.0,0.0,0,2.0,0.0,0.0,25.0
2025,10,SAPU Pueblo Nuevo,40,0,1,4,27,8,7.0,1.0,0.0,0,0.0,1.0,0.0,31.0
2025,11,SAPU Pueblo Nuevo,66,4,9,18,32,3,7.0,2.0,0.0,0,0.0,4.0,1.0,52.0
2025,12,SAPU Pueblo Nuevo,120,2,8,47,54,9,16.0,3.0,0.0,0,9.0,5.0,0.0,87.0
2025,13,SAPU Pueblo Nuevo,114,2,11,17,61,23,15.0,2.0,0.0,0,7.0,1.0,3.0,86.0
2025,14,SAPU Pueblo Nuevo,115,2,15,19,63,16,17.0,1.0,0.0,0,5.0,2.0,1.0,89.0
2025,15,SAPU Pueblo Nuevo,137,1,8,29,81,18,24.0,6.0,0.0,0,8.0,5.0,0.0,94.0
2025,16,SAPU Pueblo Nuevo,125,1,16,34,58,16,26.0,3.0,0.0,0,1.0,6.0,1.0,88.0
2025,17,SAPU Pueblo Nuevo,134,1,11,32,74,16,25.0,1.0,0.0,0,0.0,1.0,1.0,106.0
2025,18,SAPU Pueblo Nuevo,135,2,18,25,76,14,26.0,5.0,0.0,0,3.0,8.0,1.0,92.0
2025,19,SAPU Pueblo Nuevo,142,2,9,32,76,23,32.0,1.0,0.0,0,0.0,3.0,1.0,105.0
2025,20,SAPU Pueblo Nuevo,135,0,13,33,72,17,21.0,2.0,0.0,0,13.0,1.0,4.0,94.0
2025,21,SAPU Pueblo Nuevo,162,0,15,50,82,15,27.0,1.0,0.0,0,14.0,4.0,0.0,116.0
2025,22,SAPU Pueblo Nuevo,126,1,5,39,65,16,24.0,3.0,0.0,0,3.0,4.0,4.0,88.0
2025,23,SAPU Pueblo Nuevo,164,1,16,34,91,22,35.0,5.0,0.0,0,11.0,8.0,3.0,102.0
2025,24,SAPU Pueblo Nuevo,122,1,11,30,66,14,27.0,4.0,0.0,0,2.0,4.0,2.0,83.0
2025,25,SAPU Pueblo Nuevo,118,2,16,26,63,11,25.0,8.0,0.0,0,5.0,5.0,4.0,71.0
2025,26,SAPU Pueblo Nuevo,103,1,4,22,65,11,18.0,2.0,0.0,0,3.0,7.0,6.0,67.0
2025,27,SAPU Pueblo Nuevo,104,4,13,19,58,10,19.0,7.0,0.0,0,6.0,3.0,3.0,66.0
2025,28,SAPU Pueblo Nuevo,77,2,1,13,51,10,13.0,4.0,0.0,0,5.0,1.0,4.0,50.0
2025,29,SAPU Pueblo Nuevo,93,0,7,22,52,12,17.0,11.0,0.0,0,2.0,6.0,4.0,53.0
2025,30,SAPU Pueblo Nuevo,147,2,19,30,86,10,24.0,3.0,0.0,0,2.0,0.0,3.0,115.0
2025,31,SAPU Pueblo Nuevo,188,7,14,53,100,14,32.0,3.0,0.0,0,4.0,5.0,6.0,138.0
2025,32,SAPU Pueblo Nuevo,180,6,16,42,90,26,34.0,11.0,0.0,0,5.0,9.0,3.0,118.0
2025,33,SAPU Pueblo Nuevo,191,6,19,40,103,23,24.0,16.0,0.0,0,6.0,13.0,4.0,128.0
2025,34,SAPU Pueblo Nuevo,201,3,29,60,94,15,31.0,5.0,0.0,0,4.0,8.0,2.0,151.0
2025,35,SAPU Pueblo Nuevo,203,2,20,59,100,22,52.0,3.0,0.0,0,7.0,3.0,3.0,135.0
2025,36,SAPU Pueblo Nuevo,170,5,21,46,74,24,27.0,1.0,0.0,0,4.0,3.0,9.0,126.0
2025,37,SAPU Pueblo Nuevo,158,3,15,42,81,17,26.0,5.0,0.0,0,3.0,5.0,3.0,116.0
2025,38,SAPU Pueblo Nuevo,174,0,18,31,93,32,37.0,5.0,0.0,0,10.0,8.0,9.0,105.0
2025,39,SAPU Pueblo Nuevo,142,1,9,19,96,17,32.0,6.0,0.0,0,4.0,8.0,9.0,83.0
2025,40,SAPU Pueblo Nuevo,149,0,9,24,98,18,18.0,11.0,0.0,0,4.0,7.0,1.0,108.0
2025,41,SAPU Pueblo Nuevo,135,2,21,38,62,12,28.0,14.0,0.0,0,4.0,9.0,2.0,78.0
2025,42,SAPU Pueblo Nuevo,154,4,15,40,81,14,28.0,7.0,0.0,0,2.0,7.0,3.0,107.0
2025,43,SAPU Pueblo Nuevo,150,4,13,42,80,11,24.0,2.0,0.0,0,3.0,4.0,4.0,113.0
2025,44,SAPU Pueblo Nuevo,145,1,7,28,93,16,27.0,10.0,0.0,0,6.0,4.0,4.0,94.0
2025,45,SAPU Pueblo Nuevo,138,0,19,33,71,15,31.0,4.0,0.0,0,5.0,5.0,2.0,91.0
2025,46,SAPU Pueblo Nuevo,121,2,10,20,63,26,19.0,7.0,0.0,0,8.0,4.0,7.0,76.0
2025,47,SAPU Pueblo Nuevo,116,2,13,24,56,21,36.0,0.0,0.0,0,4.0,6.0,1.0,69.0
2025,48,SAPU Pueblo Nuevo,72,2,4,21,34,11,9.0,2.0,0.0,0,3.0,8.0,1.0,49.0
2025,49,SAPU Pueblo Nuevo,96,4,7,23,54,8,13.0,4.0,0.0,0,2.0,4.0,1.0,72.0
2025,50,SAPU Pueblo Nuevo,105,3,7,17,64,14,13.0,4.0,0.0,0,5.0,2.0,2.0,79.0
2025,51,SAPU Pueblo Nuevo,107,2,11,17,61,16,18.0,3.0,0.0,0,4.0,1.0,3.0,78.0
2025,52,SAPU Pueblo Nuevo,105,1,12,11,63,18,18.0,3.0,0.0,0,4.0,3.0,2.0,75.0
2025,53,SAPU Pueblo Nuevo,58,2,7,3,37,9,7.0,1.0,0.0,0,4.0,1.0,0.0,45.0
2026,1,SAPU Pueblo Nuevo,62,0,3,7,35,17,14.0,0.0,0.0,0,7.0,4.0,1.0,36.0
2026,2,SAPU Pueblo Nuevo,46,1,1,4,30,10,7.0,5.0,0.0,0,3.0,2.0,1.0,28.0
2026,3,SAPU Pueblo Nuevo,46,0,4,2,33,7,6.0,1.0,0.0,0,1.0,1.0,2.0,35.0
2026,4,SAPU Pueblo Nuevo,33,0,0,2,28,3,3.0,3.0,0.0,0,1.0,2.0,1.0,23.0
2026,5,SAPU Pueblo Nuevo,28,0,1,5,16,6,5.0,1.0,0.0,0,0.0,1.0,3.0,18.0
2026,6,SAPU Pueblo Nuevo,50,1,3,1,39,6,13.0,1.0,0.0,0,2.0,3.0,1.0,30.0
2026,7,SAPU Pueblo Nuevo,35,0,1,2,22,10,6.0,3.0,0.0,0,4.0,4.0,0.0,18.0
2026,8,SAPU Pueblo Nuevo,48,0,6,5,26,11,1.0,0.0,0.0,0,1.0,4.0,2.0,40.0
2026,9,SAPU Pueblo Nuevo,47,0,1,5,31,10,3.0,0.0,0.0,0,2.0,3.0,0.0,39.0
2026,53,SAPU Pueblo Nuevo,32,0,3,5,19,5,10.0,2.0,0.0,0,1.0,0.0,0.0,19.0
2014,1,SAPU Santa Rosa,11,1,2,1,6,1,3.0,0.0,0.0,0,0.0,1.0,0.0,7.0
2014,2,SAPU Santa Rosa,116,4,22,14,64,12,11.0,5.0,0.0,0,0.0,0.0,0.0,100.0
2014,3,SAPU Santa Rosa,69,3,14,12,32,8,8.0,4.0,0.0,0,0.0,4.0,2.0,51.0
2014,4,SAPU Santa Rosa,103,6,25,16,53,3,2.0,2.0,0.0,0,0.0,1.0,1.0,97.0
2014,5,SAPU Santa Rosa,78,6,19,11,37,5,7.0,3.0,0.0,0,0.0,6.0,0.0,62.0
2014,6,SAPU Santa Rosa,75,2,17,10,42,4,0.0,1.0,0.0,0,0.0,3.0,0.0,71.0
2014,7,SAPU Santa Rosa,82,3,11,5,56,7,6.0,3.0,0.0,0,0.0,3.0,0.0,70.0
2014,8,SAPU Santa Rosa,109,3,25,15,53,13,5.0,1.0,0.0,0,0.0,8.0,0.0,95.0
2014,9,SAPU Santa Rosa,101,10,27,10,45,9,2.0,7.0,0.0,0,0.0,26.0,0.0,66.0
2014,10,SAPU Santa Rosa,109,4,19,15,58,13,7.0,2.0,0.0,0,0.0,0.0,1.0,99.0
2014,11,SAPU Santa Rosa,234,9,51,52,104,18,7.0,4.0,0.0,0,0.0,6.0,2.0,215.0
2014,12,SAPU Santa Rosa,236,14,56,47,97,22,10.0,16.0,0.0,0,0.0,7.0,1.0,202.0
2014,13,SAPU Santa Rosa,201,12,41,25,107,16,17.0,8.0,0.0,0,0.0,7.0,3.0,166.0
2014,14,SAPU Santa Rosa,175,9,28,26,97,15,17.0,8.0,0.0,0,0.0,13.0,1.0,136.0
2014,15,SAPU Santa Rosa,158,8,35,26,78,11,9.0,9.0,0.0,0,0.0,3.0,4.0,133.0
2014,16,SAPU Santa Rosa,167,9,31,25,88,14,21.0,7.0,0.0,0,0.0,2.0,1.0,136.0
2014,17,SAPU Santa Rosa,183,16,42,26,86,13,16.0,10.0,0.0,0,0.0,2.0,2.0,153.0
2014,18,SAPU Santa Rosa,150,7,30,21,83,9,8.0,10.0,0.0,0,0.0,8.0,0.0,124.0
2014,19,SAPU Santa Rosa,73,2,19,13,33,6,2.0,3.0,0.0,0,0.0,2.0,0.0,66.0
2014,20,SAPU Santa Rosa,180,11,46,33,78,12,14.0,10.0,0.0,0,0.0,2.0,1.0,153.0
2014,21,SAPU Santa Rosa,164,10,50,32,58,14,27.0,6.0,0.0,0,0.0,11.0,4.0,116.0
2014,22,SAPU Santa Rosa,179,6,43,27,97,6,31.0,10.0,0.0,0,25.0,5.0,1.0,107.0
2014,23,SAPU Santa Rosa,241,19,44,50,111,17,37.0,16.0,0.0,0,0.0,3.0,2.0,183.0
2014,24,SAPU Santa Rosa,283,9,60,74,128,12,31.0,20.0,0.0,0,0.0,10.0,3.0,219.0
2014,25,SAPU Santa Rosa,297,10,61,80,127,19,39.0,14.0,0.0,0,1.0,12.0,2.0,229.0
2014,26,SAPU Santa Rosa,318,13,77,59,143,26,43.0,20.0,0.0,0,0.0,10.0,1.0,244.0
2014,27,SAPU Santa Rosa,294,11,58,59,134,32,46.0,12.0,0.0,0,1.0,8.0,4.0,223.0
2014,28,SAPU Santa Rosa,337,20,75,67,155,20,32.0,14.0,0.0,0,1.0,16.0,2.0,272.0
2014,29,SAPU Santa Rosa,280,12,76,54,118,20,49.0,13.0,0.0,0,0.0,7.0,7.0,204.0
2014,30,SAPU Santa Rosa,233,12,45,25,125,26,22.0,7.0,0.0,0,1.0,14.0,0.0,189.0
2014,31,SAPU Santa Rosa,164,8,29,16,93,18,31.0,8.0,0.0,0,0.0,2.0,5.0,118.0
2014,32,SAPU Santa Rosa,159,7,40,24,71,17,37.0,1.0,0.0,0,0.0,5.0,0.0,116.0
2014,33,SAPU Santa Rosa,237,14,70,53,77,23,31.0,20.0,0.0,0,0.0,9.0,3.0,174.0
2014,34,SAPU Santa Rosa,183,19,43,45,58,18,23.0,11.0,0.0,0,0.0,7.0,3.0,139.0
2014,35,SAPU Santa Rosa,192,16,36,39,86,15,28.0,4.0,0.0,0,0.0,6.0,0.0,154.0
2014,36,SAPU Santa Rosa,207,18,44,44,91,10,26.0,7.0,0.0,0,0.0,7.0,0.0,167.0
2014,37,SAPU Santa Rosa,178,8,37,36,84,13,25.0,8.0,0.0,0,0.0,5.0,2.0,138.0
2014,38,SAPU Santa Rosa,203,15,47,22,100,19,26.0,1.0,0.0,0,0.0,5.0,1.0,170.0
2014,39,SAPU Santa Rosa,224,15,44,34,113,18,22.0,4.0,0.0,0,0.0,7.0,0.0,191.0
2014,40,SAPU Santa Rosa,160,5,28,37,77,13,11.0,7.0,0.0,0,0.0,18.0,0.0,124.0
2014,41,SAPU Santa Rosa,188,11,48,40,74,15,30.0,5.0,0.0,0,0.0,1.0,0.0,152.0
2014,42,SAPU Santa Rosa,208,15,48,44,87,14,18.0,9.0,0.0,0,0.0,7.0,2.0,172.0
2014,43,SAPU Santa Rosa,182,14,42,33,76,17,5.0,3.0,0.0,0,0.0,4.0,0.0,170.0
2014,44,SAPU Santa Rosa,177,11,40,35,75,16,23.0,5.0,0.0,0,0.0,6.0,0.0,143.0
2014,45,SAPU Santa Rosa,174,6,41,38,78,11,16.0,10.0,0.0,0,0.0,6.0,0.0,142.0
2014,46,SAPU Santa Rosa,190,6,37,59,70,18,12.0,7.0,0.0,0,0.0,21.0,0.0,150.0
2014,47,SAPU Santa Rosa,165,7,37,38,74,9,14.0,2.0,0.0,0,0.0,5.0,6.0,138.0
2014,48,SAPU Santa Rosa,150,12,32,32,62,12,16.0,5.0,0.0,0,0.0,3.0,1.0,125.0
2014,49,SAPU Santa Rosa,155,8,27,37,75,8,33.0,2.0,0.0,0,0.0,13.0,0.0,107.0
2014,50,SAPU Santa Rosa,179,8,30,37,89,15,20.0,6.0,0.0,0,0.0,16.0,0.0,137.0
2014,51,SAPU Santa Rosa,126,5,32,27,54,8,9.0,7.0,0.0,0,0.0,4.0,0.0,106.0
2014,52,SAPU Santa Rosa,147,17,26,14,78,12,14.0,7.0,0.0,0,0.0,7.0,0.0,119.0
2014,53,SAPU Santa Rosa,55,8,14,3,26,4,4.0,1.0,0.0,0,0.0,1.0,0.0,49.0
2015,1,SAPU Santa Rosa,98,6,13,15,55,9,9.0,2.0,0.0,0,0.0,4.0,1.0,82.0
2015,2,SAPU Santa Rosa,102,5,26,10,53,8,9.0,0.0,0.0,0,0.0,3.0,2.0,88.0
2015,3,SAPU Santa Rosa,69,5,11,11,35,7,9.0,0.0,0.0,0,0.0,5.0,0.0,55.0
2015,4,SAPU Santa Rosa,72,7,7,14,37,7,1.0,1.0,0.0,0,0.0,9.0,0.0,61.0
2015,5,SAPU Santa Rosa,93,6,12,17,49,9,6.0,3.0,0.0,0,0.0,3.0,1.0,80.0
2015,6,SAPU Santa Rosa,82,7,12,6,52,5,4.0,4.0,0.0,0,0.0,5.0,0.0,69.0
2015,7,SAPU Santa Rosa,102,6,15,13,58,10,7.0,1.0,0.0,0,0.0,5.0,1.0,88.0
2015,8,SAPU Santa Rosa,81,2,10,9,51,9,11.0,1.0,0.0,0,0.0,2.0,2.0,65.0
2015,9,SAPU Santa Rosa,152,10,8,23,90,21,11.0,3.0,0.0,0,0.0,5.0,1.0,132.0
2015,10,SAPU Santa Rosa,190,8,35,39,92,16,12.0,2.0,0.0,0,0.0,6.0,0.0,170.0
2015,11,SAPU Santa Rosa,333,19,52,70,169,23,7.0,6.0,0.0,0,0.0,8.0,2.0,310.0
2015,12,SAPU Santa Rosa,192,13,45,33,84,17,22.0,1.0,0.0,0,0.0,23.0,1.0,145.0
2015,13,SAPU Santa Rosa,186,15,38,38,80,15,42.0,1.0,0.0,0,2.0,4.0,0.0,137.0
2015,14,SAPU Santa Rosa,157,13,36,21,66,21,12.0,0.0,0.0,0,0.0,10.0,0.0,135.0
2015,15,SAPU Santa Rosa,187,14,43,30,89,11,19.0,1.0,0.0,0,0.0,2.0,0.0,165.0
2015,16,SAPU Santa Rosa,247,18,66,49,101,13,9.0,0.0,0.0,0,0.0,23.0,0.0,215.0
2015,17,SAPU Santa Rosa,241,20,64,46,89,22,9.0,3.0,0.0,0,0.0,15.0,0.0,214.0
2015,18,SAPU Santa Rosa,187,11,47,29,83,17,14.0,1.0,0.0,0,1.0,13.0,0.0,158.0
2015,19,SAPU Santa Rosa,174,12,47,27,72,16,30.0,9.0,0.0,0,3.0,7.0,1.0,124.0
2015,20,SAPU Santa Rosa,180,8,49,31,83,9,15.0,1.0,0.0,0,0.0,85.0,2.0,77.0
2015,21,SAPU Santa Rosa,155,10,23,32,81,9,2.0,6.0,0.0,0,0.0,23.0,1.0,123.0
2015,22,SAPU Santa Rosa,165,13,24,28,88,12,15.0,5.0,0.0,0,0.0,3.0,0.0,142.0
2015,23,SAPU Santa Rosa,169,15,27,27,87,13,17.0,2.0,0.0,0,0.0,8.0,0.0,142.0
2015,24,SAPU Santa Rosa,214,8,38,46,100,22,19.0,3.0,0.0,0,4.0,3.0,3.0,182.0
2015,25,SAPU Santa Rosa,236,19,45,39,110,23,42.0,3.0,0.0,0,7.0,24.0,0.0,160.0
2015,26,SAPU Santa Rosa,168,10,35,25,89,9,27.0,3.0,0.0,0,0.0,6.0,1.0,131.0
2015,27,SAPU Santa Rosa,256,15,46,37,139,19,30.0,3.0,0.0,0,0.0,12.0,1.0,210.0
2015,28,SAPU Santa Rosa,254,21,53,39,117,24,33.0,8.0,0.0,0,0.0,19.0,4.0,190.0
2015,29,SAPU Santa Rosa,229,21,46,30,109,23,31.0,3.0,0.0,0,0.0,22.0,7.0,166.0
2015,30,SAPU Santa Rosa,136,7,14,24,79,12,21.0,1.0,0.0,0,7.0,5.0,1.0,101.0
2015,31,SAPU Santa Rosa,125,10,24,25,57,9,41.0,1.0,0.0,0,6.0,8.0,1.0,68.0
2015,32,SAPU Santa Rosa,243,12,56,65,97,13,51.0,3.0,0.0,0,0.0,11.0,2.0,176.0
2015,33,SAPU Santa Rosa,353,18,75,78,150,32,59.0,13.0,0.0,0,4.0,14.0,2.0,261.0
2015,34,SAPU Santa Rosa,342,7,61,82,166,26,46.0,11.0,0.0,0,21.0,49.0,0.0,215.0
2015,35,SAPU Santa Rosa,290,15,54,58,131,32,37.0,3.0,0.0,0,14.0,11.0,2.0,223.0
2015,36,SAPU Santa Rosa,333,19,48,59,179,28,45.0,3.0,0.0,0,0.0,16.0,0.0,269.0
2015,37,SAPU Santa Rosa,281,14,45,55,147,20,47.0,6.0,0.0,0,18.0,27.0,5.0,178.0
2015,38,SAPU Santa Rosa,235,8,38,41,122,26,21.0,1.0,0.0,0,2.0,9.0,3.0,199.0
2015,39,SAPU Santa Rosa,213,11,40,41,101,20,23.0,3.0,0.0,0,0.0,4.0,3.0,180.0
2015,40,SAPU Santa Rosa,212,10,50,33,98,21,29.0,2.0,0.0,0,0.0,4.0,3.0,174.0
2015,41,SAPU Santa Rosa,204,14,38,47,88,17,21.0,3.0,0.0,0,5.0,31.0,3.0,141.0
2015,42,SAPU Santa Rosa,208,8,41,34,100,25,36.0,2.0,0.0,0,7.0,8.0,3.0,152.0
2015,43,SAPU Santa Rosa,234,8,41,54,108,23,38.0,2.0,0.0,0,1.0,23.0,0.0,170.0
2015,44,SAPU Santa Rosa,175,7,36,38,82,12,21.0,3.0,0.0,0,0.0,33.0,1.0,117.0
2015,45,SAPU Santa Rosa,167,9,34,37,72,15,13.0,2.0,0.0,0,6.0,3.0,3.0,140.0
2015,46,SAPU Santa Rosa,193,7,39,43,93,11,24.0,2.0,0.0,0,2.0,21.0,0.0,144.0
2015,47,SAPU Santa Rosa,160,6,37,32,79,6,6.0,3.0,0.0,0,0.0,6.0,0.0,145.0
2015,48,SAPU Santa Rosa,130,3,32,18,61,16,23.0,1.0,0.0,0,0.0,3.0,0.0,103.0
2015,49,SAPU Santa Rosa,158,10,34,27,72,15,15.0,9.0,0.0,0,0.0,13.0,3.0,118.0
2015,50,SAPU Santa Rosa,153,10,23,24,84,12,13.0,4.0,0.0,0,0.0,15.0,0.0,121.0
2015,51,SAPU Santa Rosa,140,11,27,16,66,20,4.0,2.0,0.0,0,4.0,8.0,2.0,120.0
2015,52,SAPU Santa Rosa,71,6,5,15,42,3,5.0,0.0,0.0,0,0.0,3.0,0.0,63.0
2015,53,SAPU Santa Rosa,47,4,8,4,24,7,4.0,3.0,0.0,0,0.0,3.0,1.0,36.0
2016,1,SAPU Santa Rosa,80,5,12,11,49,3,5.0,1.0,0.0,0,0.0,14.0,0.0,60.0
2016,2,SAPU Santa Rosa,77,6,8,10,44,9,16.0,3.0,0.0,0,2.0,2.0,0.0,54.0
2016,3,SAPU Santa Rosa,51,4,9,5,32,1,3.0,0.0,0.0,0,0.0,4.0,1.0,43.0
2016,4,SAPU Santa Rosa,62,1,13,14,31,3,1.0,1.0,0.0,0,0.0,15.0,1.0,44.0
2016,5,SAPU Santa Rosa,56,2,11,10,23,10,0.0,1.0,0.0,0,0.0,13.0,2.0,40.0
2016,6,SAPU Santa Rosa,74,4,13,13,37,7,2.0,0.0,0.0,0,0.0,2.0,0.0,70.0
2016,7,SAPU Santa Rosa,99,7,16,13,56,7,2.0,4.0,0.0,0,0.0,2.0,2.0,89.0
2016,8,SAPU Santa Rosa,75,2,12,6,41,14,6.0,1.0,0.0,0,0.0,1.0,3.0,64.0
2016,9,SAPU Santa Rosa,90,8,12,16,48,6,9.0,1.0,0.0,0,1.0,4.0,2.0,73.0
2016,10,SAPU Santa Rosa,116,3,25,30,50,8,7.0,5.0,0.0,0,0.0,10.0,1.0,93.0
2016,11,SAPU Santa Rosa,202,11,37,39,96,19,13.0,0.0,0.0,0,1.0,8.0,0.0,180.0
2016,12,SAPU Santa Rosa,198,4,24,36,115,19,16.0,0.0,0.0,0,0.0,14.0,6.0,162.0
2016,13,SAPU Santa Rosa,166,14,34,29,75,14,9.0,7.0,0.0,0,1.0,15.0,0.0,134.0
2016,14,SAPU Santa Rosa,129,3,39,16,56,15,25.0,4.0,0.0,0,1.0,6.0,5.0,88.0
2016,15,SAPU Santa Rosa,157,5,34,19,89,10,16.0,3.0,0.0,0,0.0,7.0,0.0,131.0
2016,16,SAPU Santa Rosa,201,11,43,32,98,17,45.0,1.0,0.0,0,2.0,27.0,2.0,124.0
2016,17,SAPU Santa Rosa,175,7,36,35,85,12,4.0,0.0,0.0,0,1.0,3.0,0.0,167.0
2016,18,SAPU Santa Rosa,56,1,21,9,21,4,8.0,0.0,0.0,0,0.0,2.0,0.0,46.0
2016,19,SAPU Santa Rosa,188,7,46,42,76,17,29.0,8.0,0.0,0,2.0,18.0,2.0,129.0
2016,20,SAPU Santa Rosa,133,5,36,23,58,11,31.0,7.0,0.0,0,0.0,1.0,1.0,93.0
2016,21,SAPU Santa Rosa,217,9,63,38,89,18,51.0,13.0,0.0,0,1.0,6.0,1.0,145.0
2016,22,SAPU Santa Rosa,226,7,70,33,94,22,55.0,2.0,0.0,0,0.0,10.0,0.0,159.0
2016,23,SAPU Santa Rosa,191,5,44,50,77,15,15.0,14.0,0.0,0,1.0,14.0,11.0,136.0
2016,24,SAPU Santa Rosa,145,8,30,36,62,9,44.0,0.0,0.0,0,1.0,5.0,4.0,91.0
2016,25,SAPU Santa Rosa,202,7,34,59,84,18,20.0,16.0,0.0,0,0.0,7.0,0.0,159.0
2016,26,SAPU Santa Rosa,176,10,27,45,83,11,10.0,6.0,0.0,0,3.0,12.0,3.0,142.0
2016,27,SAPU Santa Rosa,214,10,32,50,94,28,27.0,2.0,0.0,0,0.0,7.0,5.0,173.0
2016,28,SAPU Santa Rosa,202,14,41,28,103,16,30.0,9.0,0.0,0,1.0,11.0,0.0,151.0
2016,29,SAPU Santa Rosa,210,13,34,32,117,14,18.0,0.0,0.0,0,4.0,9.0,2.0,177.0
2016,30,SAPU Santa Rosa,202,10,24,19,117,32,19.0,1.0,0.0,0,0.0,19.0,3.0,160.0
2016,31,SAPU Santa Rosa,105,3,19,18,51,14,8.0,11.0,0.0,0,0.0,6.0,0.0,80.0
2016,32,SAPU Santa Rosa,224,14,43,32,119,16,18.0,19.0,0.0,0,0.0,6.0,0.0,181.0
2016,33,SAPU Santa Rosa,236,5,38,48,126,19,24.0,11.0,0.0,0,1.0,6.0,1.0,193.0
2016,34,SAPU Santa Rosa,249,17,41,47,124,20,24.0,8.0,0.0,0,1.0,22.0,2.0,192.0
2016,35,SAPU Santa Rosa,220,5,47,49,100,19,12.0,5.0,0.0,0,0.0,6.0,1.0,196.0
2016,36,SAPU Santa Rosa,231,7,38,49,118,19,36.0,5.0,0.0,0,12.0,18.0,2.0,158.0
2016,37,SAPU Santa Rosa,172,9,34,35,77,17,23.0,10.0,0.0,0,3.0,11.0,2.0,123.0
2016,38,SAPU Santa Rosa,215,7,44,29,114,21,27.0,18.0,0.0,0,0.0,9.0,3.0,158.0
2016,39,SAPU Santa Rosa,214,12,24,37,120,21,28.0,12.0,0.0,0,4.0,20.0,4.0,146.0
2016,40,SAPU Santa Rosa,214,5,44,32,112,21,17.0,7.0,0.0,0,0.0,10.0,2.0,178.0
2016,41,SAPU Santa Rosa,186,4,43,26,93,20,17.0,0.0,0.0,0,0.0,9.0,4.0,156.0
2016,42,SAPU Santa Rosa,174,12,29,27,87,19,16.0,5.0,0.0,0,2.0,35.0,4.0,112.0
2016,43,SAPU Santa Rosa,158,6,32,24,85,11,26.0,6.0,0.0,0,1.0,22.0,1.0,102.0
2016,44,SAPU Santa Rosa,125,7,19,20,64,15,15.0,6.0,0.0,0,0.0,17.0,3.0,84.0
2016,45,SAPU Santa Rosa,128,4,24,22,59,19,31.0,2.0,0.0,0,2.0,11.0,2.0,80.0
2016,46,SAPU Santa Rosa,119,3,24,15,67,10,15.0,5.0,0.0,0,0.0,11.0,1.0,87.0
2016,47,SAPU Santa Rosa,125,7,22,27,61,8,7.0,3.0,0.0,0,0.0,17.0,1.0,97.0
2016,48,SAPU Santa Rosa,136,2,16,26,75,17,8.0,10.0,0.0,0,2.0,34.0,5.0,77.0
2016,49,SAPU Santa Rosa,87,2,16,17,44,8,8.0,3.0,0.0,0,0.0,5.0,8.0,63.0
2016,50,SAPU Santa Rosa,115,5,20,20,62,8,12.0,3.0,0.0,0,0.0,1.0,5.0,94.0
2016,51,SAPU Santa Rosa,85,5,19,12,40,9,12.0,6.0,0.0,0,0.0,2.0,7.0,58.0
2016,52,SAPU Santa Rosa,103,7,20,13,51,12,13.0,1.0,0.0,0,1.0,4.0,5.0,79.0
2017,1,SAPU Santa Rosa,115,2,26,12,65,10,10.0,7.0,0.0,0,0.0,2.0,7.0,89.0
2017,2,SAPU Santa Rosa,95,6,16,13,47,13,10.0,3.0,0.0,0,0.0,22.0,6.0,54.0
2017,3,SAPU Santa Rosa,52,2,6,10,30,4,7.0,4.0,0.0,0,0.0,16.0,0.0,25.0
2017,4,SAPU Santa Rosa,49,2,14,8,23,2,4.0,1.0,0.0,0,0.0,3.0,0.0,41.0
2017,5,SAPU Santa Rosa,53,5,3,8,31,6,7.0,4.0,0.0,0,0.0,7.0,0.0,35.0
2017,6,SAPU Santa Rosa,46,1,7,10,26,2,1.0,5.0,0.0,0,0.0,10.0,0.0,30.0
2017,7,SAPU Santa Rosa,57,2,10,4,34,7,7.0,1.0,0.0,0,0.0,4.0,1.0,44.0
2017,8,SAPU Santa Rosa,85,4,12,11,52,6,5.0,6.0,0.0,0,0.0,7.0,0.0,67.0
2017,9,SAPU Santa Rosa,68,2,8,10,42,6,13.0,1.0,0.0,0,0.0,8.0,0.0,46.0
2017,10,SAPU Santa Rosa,99,6,12,14,54,13,24.0,3.0,0.0,0,0.0,6.0,0.0,66.0
2017,11,SAPU Santa Rosa,168,12,31,30,82,13,23.0,11.0,0.0,0,0.0,26.0,1.0,107.0
2017,12,SAPU Santa Rosa,203,7,48,30,101,17,16.0,8.0,0.0,0,0.0,17.0,0.0,162.0
2017,13,SAPU Santa Rosa,153,9,33,25,73,13,18.0,6.0,0.0,0,0.0,17.0,0.0,112.0
2017,14,SAPU Santa Rosa,134,7,28,21,70,8,25.0,5.0,0.0,0,0.0,11.0,2.0,91.0
2017,15,SAPU Santa Rosa,134,8,25,19,74,8,18.0,7.0,0.0,0,0.0,6.0,2.0,101.0
2017,16,SAPU Santa Rosa,118,7,16,14,69,12,17.0,7.0,0.0,0,0.0,16.0,0.0,78.0
2017,17,SAPU Santa Rosa,160,7,34,22,80,17,26.0,7.0,0.0,0,0.0,18.0,0.0,109.0
2017,18,SAPU Santa Rosa,159,7,43,24,73,12,18.0,6.0,0.0,0,0.0,7.0,0.0,128.0
2017,19,SAPU Santa Rosa,136,5,38,26,51,16,43.0,8.0,0.0,0,0.0,20.0,1.0,64.0
2017,20,SAPU Santa Rosa,187,5,36,35,94,17,21.0,12.0,0.0,0,0.0,19.0,3.0,132.0
2017,21,SAPU Santa Rosa,197,6,42,32,100,17,13.0,8.0,0.0,0,0.0,13.0,2.0,161.0
2017,22,SAPU Santa Rosa,174,4,22,41,93,14,16.0,4.0,0.0,0,1.0,13.0,4.0,136.0
2017,23,SAPU Santa Rosa,207,12,28,54,102,11,50.0,4.0,0.0,0,0.0,14.0,1.0,138.0
2017,24,SAPU Santa Rosa,306,2,49,64,160,31,25.0,12.0,0.0,0,2.0,19.0,3.0,245.0
2017,25,SAPU Santa Rosa,200,4,22,44,108,22,46.0,13.0,0.0,0,0.0,41.0,2.0,98.0
2017,26,SAPU Santa Rosa,247,7,54,37,130,19,38.0,5.0,0.0,0,1.0,15.0,2.0,186.0
2017,27,SAPU Santa Rosa,232,8,53,34,110,27,28.0,17.0,0.0,0,0.0,15.0,2.0,170.0
2017,28,SAPU Santa Rosa,209,12,36,36,108,17,35.0,20.0,0.0,0,1.0,11.0,4.0,138.0
2017,29,SAPU Santa Rosa,191,7,40,27,99,18,34.0,8.0,0.0,0,0.0,17.0,2.0,130.0
2017,30,SAPU Santa Rosa,157,9,17,23,91,17,35.0,3.0,0.0,0,1.0,15.0,3.0,100.0
2017,31,SAPU Santa Rosa,151,13,21,12,86,19,24.0,3.0,0.0,0,0.0,19.0,0.0,105.0
2017,32,SAPU Santa Rosa,139,4,27,27,71,10,25.0,9.0,0.0,0,0.0,9.0,0.0,96.0
2017,33,SAPU Santa Rosa,171,8,29,32,85,17,34.0,11.0,0.0,0,0.0,2.0,0.0,124.0
2017,34,SAPU Santa Rosa,180,7,29,35,92,17,20.0,16.0,0.0,0,0.0,8.0,3.0,133.0
2017,35,SAPU Santa Rosa,182,7,34,28,89,24,27.0,1.0,0.0,0,0.0,17.0,3.0,134.0
2017,36,SAPU Santa Rosa,155,1,29,31,82,12,30.0,2.0,0.0,0,0.0,4.0,2.0,117.0
2017,37,SAPU Santa Rosa,175,5,37,26,91,16,21.0,3.0,0.0,0,0.0,9.0,3.0,139.0
2017,38,SAPU Santa Rosa,186,10,30,30,96,20,29.0,4.0,0.0,0,0.0,7.0,0.0,146.0
2017,39,SAPU Santa Rosa,161,7,13,22,102,17,16.0,3.0,0.0,0,0.0,3.0,1.0,138.0
2017,40,SAPU Santa Rosa,115,2,22,22,60,9,17.0,9.0,0.0,0,1.0,5.0,0.0,83.0
2017,41,SAPU Santa Rosa,160,6,38,39,57,20,30.0,11.0,0.0,0,0.0,9.0,3.0,107.0
2017,42,SAPU Santa Rosa,131,4,29,27,60,11,18.0,6.0,0.0,0,0.0,7.0,2.0,98.0
2017,43,SAPU Santa Rosa,166,5,36,42,71,12,10.0,12.0,0.0,0,1.0,40.0,13.0,90.0
2017,44,SAPU Santa Rosa,138,7,21,28,67,15,9.0,5.0,0.0,0,0.0,4.0,0.0,120.0
2017,45,SAPU Santa Rosa,126,6,27,29,54,10,17.0,5.0,0.0,0,0.0,12.0,1.0,91.0
2017,46,SAPU Santa Rosa,140,3,33,34,57,13,22.0,6.0,0.0,0,0.0,7.0,1.0,104.0
2017,47,SAPU Santa Rosa,100,2,26,18,47,7,13.0,5.0,0.0,0,0.0,4.0,0.0,78.0
2017,48,SAPU Santa Rosa,128,4,25,21,68,10,24.0,7.0,0.0,0,0.0,4.0,0.0,93.0
2017,49,SAPU Santa Rosa,126,1,25,31,53,16,13.0,3.0,0.0,0,0.0,5.0,0.0,105.0
2017,50,SAPU Santa Rosa,125,3,26,21,54,21,29.0,12.0,0.0,0,0.0,7.0,1.0,76.0
2017,51,SAPU Santa Rosa,128,3,26,18,62,19,10.0,2.0,0.0,0,0.0,9.0,0.0,107.0
2017,52,SAPU Santa Rosa,110,4,21,14,61,10,15.0,9.0,0.0,0,0.0,15.0,0.0,71.0
2018,1,SAPU Santa Rosa,159,4,25,33,87,10,12.0,3.0,0.0,0,0.0,4.0,1.0,139.0
2018,2,SAPU Santa Rosa,81,4,10,12,47,8,7.0,3.0,0.0,0,0.0,2.0,0.0,69.0
2018,3,SAPU Santa Rosa,66,2,8,8,39,9,19.0,2.0,0.0,0,1.0,11.0,1.0,32.0
2018,4,SAPU Santa Rosa,61,2,7,10,38,4,11.0,5.0,0.0,0,0.0,4.0,0.0,41.0
2018,5,SAPU Santa Rosa,59,1,7,12,34,5,7.0,2.0,0.0,0,0.0,7.0,0.0,43.0
2018,6,SAPU Santa Rosa,46,3,6,6,24,7,8.0,0.0,0.0,0,0.0,1.0,1.0,36.0
2018,7,SAPU Santa Rosa,75,4,17,9,37,8,5.0,0.0,0.0,0,0.0,2.0,0.0,68.0
2018,8,SAPU Santa Rosa,63,2,7,11,36,7,4.0,0.0,0.0,0,0.0,1.0,2.0,56.0
2018,9,SAPU Santa Rosa,75,5,9,9,45,7,14.0,3.0,0.0,0,0.0,10.0,0.0,48.0
2018,10,SAPU Santa Rosa,89,1,19,12,51,6,6.0,3.0,0.0,0,0.0,9.0,1.0,70.0
2018,11,SAPU Santa Rosa,148,7,29,31,72,9,14.0,2.0,0.0,0,0.0,9.0,0.0,123.0
2018,12,SAPU Santa Rosa,179,9,28,38,89,15,17.0,5.0,0.0,0,2.0,8.0,0.0,147.0
2018,13,SAPU Santa Rosa,146,9,22,17,86,12,22.0,11.0,0.0,0,0.0,2.0,0.0,111.0
2018,14,SAPU Santa Rosa,135,3,23,20,75,14,13.0,2.0,0.0,0,0.0,5.0,0.0,115.0
2018,15,SAPU Santa Rosa,171,11,24,29,89,18,16.0,12.0,0.0,0,2.0,40.0,2.0,99.0
2018,16,SAPU Santa Rosa,64,5,8,11,36,4,17.0,6.0,0.0,0,0.0,3.0,1.0,37.0
2018,20,SAPU Santa Rosa,60,2,16,12,24,6,4.0,0.0,0.0,0,0.0,1.0,0.0,55.0
2018,21,SAPU Santa Rosa,188,8,40,43,77,20,40.0,6.0,0.0,0,0.0,7.0,3.0,132.0
2018,22,SAPU Santa Rosa,155,5,35,26,73,16,30.0,10.0,0.0,0,0.0,7.0,0.0,108.0
2018,23,SAPU Santa Rosa,158,6,28,21,87,16,14.0,12.0,0.0,0,0.0,7.0,0.0,125.0
2018,24,SAPU Santa Rosa,198,0,52,43,88,15,33.0,13.0,0.0,0,0.0,19.0,2.0,131.0
2018,25,SAPU Santa Rosa,252,8,50,49,122,23,46.0,9.0,0.0,0,0.0,25.0,3.0,169.0
2018,26,SAPU Santa Rosa,254,8,63,61,107,15,35.0,5.0,0.0,0,0.0,16.0,1.0,197.0
2018,27,SAPU Santa Rosa,304,9,69,61,140,25,32.0,12.0,0.0,0,0.0,16.0,3.0,241.0
2018,28,SAPU Santa Rosa,297,12,51,55,149,30,27.0,12.0,0.0,0,0.0,13.0,1.0,244.0
2018,29,SAPU Santa Rosa,250,10,35,36,136,33,45.0,15.0,0.0,0,0.0,22.0,4.0,164.0
2018,30,SAPU Santa Rosa,180,3,26,17,107,27,38.0,10.0,0.0,0,0.0,27.0,1.0,104.0
2018,31,SAPU Santa Rosa,165,2,24,11,100,28,24.0,7.0,0.0,0,0.0,18.0,7.0,109.0
2018,32,SAPU Santa Rosa,201,6,17,33,116,29,17.0,4.0,0.0,0,1.0,13.0,1.0,165.0
2018,33,SAPU Santa Rosa,287,12,47,52,146,30,57.0,6.0,0.0,0,0.0,15.0,4.0,205.0
2018,34,SAPU Santa Rosa,243,6,30,52,132,23,40.0,5.0,0.0,0,0.0,17.0,1.0,180.0
2018,35,SAPU Santa Rosa,244,6,42,56,115,25,40.0,6.0,0.0,0,1.0,17.0,1.0,179.0
2018,36,SAPU Santa Rosa,177,1,26,34,97,19,30.0,1.0,0.0,0,0.0,16.0,0.0,130.0
2018,37,SAPU Santa Rosa,171,6,17,54,73,21,28.0,6.0,0.0,0,0.0,16.0,0.0,121.0
2018,38,SAPU Santa Rosa,198,8,22,34,105,29,9.0,2.0,0.0,0,0.0,17.0,0.0,170.0
2018,39,SAPU Santa Rosa,221,1,25,27,141,27,20.0,2.0,0.0,0,0.0,12.0,4.0,183.0
2018,40,SAPU Santa Rosa,79,2,13,14,40,10,11.0,1.0,0.0,0,0.0,5.0,0.0,62.0
2018,41,SAPU Santa Rosa,155,3,32,19,89,12,24.0,3.0,0.0,0,0.0,21.0,2.0,105.0
2018,42,SAPU Santa Rosa,165,12,24,30,83,16,39.0,2.0,0.0,0,0.0,11.0,3.0,110.0
2018,43,SAPU Santa Rosa,202,7,33,25,110,27,35.0,11.0,0.0,0,0.0,12.0,1.0,143.0
2018,44,SAPU Santa Rosa,210,4,30,39,121,16,6.0,3.0,0.0,0,0.0,12.0,0.0,189.0
2018,45,SAPU Santa Rosa,181,8,23,35,100,15,14.0,5.0,0.0,0,0.0,9.0,1.0,152.0
2018,46,SAPU Santa Rosa,160,10,25,30,83,12,17.0,2.0,0.0,0,0.0,24.0,0.0,117.0
2018,47,SAPU Santa Rosa,165,6,29,32,85,13,17.0,6.0,0.0,0,0.0,22.0,2.0,118.0
2018,48,SAPU Santa Rosa,144,8,30,28,65,13,19.0,3.0,0.0,0,0.0,21.0,3.0,98.0
2018,49,SAPU Santa Rosa,150,3,20,33,69,25,15.0,3.0,0.0,0,1.0,14.0,0.0,117.0
2018,50,SAPU Santa Rosa,161,5,21,35,85,15,3.0,4.0,0.0,0,0.0,11.0,0.0,143.0
2018,51,SAPU Santa Rosa,157,5,27,22,93,10,15.0,1.0,0.0,0,0.0,8.0,1.0,132.0
2018,52,SAPU Santa Rosa,146,3,25,16,87,15,14.0,3.0,0.0,0,0.0,10.0,2.0,117.0
2019,1,SAPU Santa Rosa,155,6,28,16,98,7,10.0,3.0,0.0,0,0.0,26.0,0.0,116.0
2019,2,SAPU Santa Rosa,91,4,9,7,57,14,7.0,2.0,0.0,0,0.0,15.0,2.0,65.0
2019,3,SAPU Santa Rosa,71,2,9,4,46,10,6.0,4.0,0.0,0,0.0,13.0,1.0,47.0
2019,4,SAPU Santa Rosa,64,5,6,10,32,11,10.0,2.0,0.0,0,0.0,5.0,0.0,47.0
2019,5,SAPU Santa Rosa,68,2,8,9,41,8,10.0,1.0,0.0,0,0.0,20.0,2.0,35.0
2019,6,SAPU Santa Rosa,74,5,10,18,28,13,3.0,5.0,0.0,0,0.0,5.0,1.0,60.0
2019,7,SAPU Santa Rosa,59,4,4,8,36,7,4.0,5.0,0.0,0,0.0,11.0,2.0,37.0
2019,8,SAPU Santa Rosa,74,2,6,9,44,13,1.0,1.0,0.0,0,0.0,6.0,0.0,66.0
2019,9,SAPU Santa Rosa,64,4,10,11,30,9,10.0,2.0,0.0,0,0.0,5.0,0.0,47.0
2019,10,SAPU Santa Rosa,114,2,16,22,64,10,1.0,4.0,0.0,0,0.0,18.0,0.0,91.0
2019,11,SAPU Santa Rosa,178,5,34,31,93,15,14.0,2.0,0.0,0,0.0,9.0,0.0,153.0
2019,12,SAPU Santa Rosa,187,10,47,37,73,20,16.0,10.0,0.0,0,0.0,4.0,0.0,157.0
2019,13,SAPU Santa Rosa,201,10,28,28,108,27,21.0,2.0,0.0,0,0.0,2.0,1.0,175.0
2019,14,SAPU Santa Rosa,163,2,38,22,86,15,14.0,8.0,0.0,0,0.0,10.0,0.0,131.0
2019,15,SAPU Santa Rosa,169,4,37,35,76,17,17.0,10.0,0.0,0,0.0,13.0,0.0,129.0
2019,16,SAPU Santa Rosa,179,6,34,31,94,14,16.0,2.0,0.0,0,0.0,7.0,0.0,154.0
2019,17,SAPU Santa Rosa,213,7,47,46,97,16,10.0,4.0,0.0,0,0.0,0.0,0.0,199.0
2019,18,SAPU Santa Rosa,224,6,47,50,107,14,21.0,5.0,0.0,0,2.0,38.0,0.0,158.0
2019,19,SAPU Santa Rosa,168,2,32,44,73,17,14.0,12.0,0.0,0,1.0,32.0,0.0,109.0
2019,20,SAPU Santa Rosa,148,2,20,37,84,5,23.0,6.0,0.0,0,0.0,3.0,0.0,116.0
2019,21,SAPU Santa Rosa,283,8,39,57,159,20,35.0,5.0,0.0,0,3.0,30.0,0.0,210.0
2019,22,SAPU Santa Rosa,242,7,34,57,127,17,28.0,5.0,0.0,0,3.0,7.0,1.0,198.0
2019,23,SAPU Santa Rosa,323,5,53,86,152,27,40.0,4.0,0.0,0,0.0,19.0,1.0,259.0
2019,24,SAPU Santa Rosa,237,6,46,49,115,21,44.0,3.0,0.0,0,8.0,12.0,3.0,167.0
2019,25,SAPU Santa Rosa,307,10,51,54,167,25,69.0,19.0,0.0,0,11.0,41.0,10.0,157.0
2019,26,SAPU Santa Rosa,248,13,43,42,128,22,42.0,21.0,0.0,0,16.0,26.0,10.0,133.0
2019,27,SAPU Santa Rosa,195,7,44,36,93,15,44.0,6.0,0.0,0,9.0,10.0,14.0,112.0
2019,28,SAPU Santa Rosa,258,9,51,54,123,21,35.0,4.0,0.0,0,5.0,18.0,10.0,186.0
2019,29,SAPU Santa Rosa,212,6,45,40,107,14,24.0,12.0,0.0,0,0.0,5.0,7.0,164.0
2019,30,SAPU Santa Rosa,157,8,22,10,104,13,27.0,4.0,0.0,0,0.0,5.0,0.0,121.0
2019,31,SAPU Santa Rosa,120,6,15,15,70,14,29.0,3.0,0.0,0,0.0,12.0,0.0,76.0
2019,32,SAPU Santa Rosa,166,7,32,22,82,23,28.0,10.0,0.0,0,1.0,6.0,4.0,117.0
2019,33,SAPU Santa Rosa,217,6,40,49,114,8,53.0,25.0,0.0,0,2.0,22.0,0.0,115.0
2019,34,SAPU Santa Rosa,276,9,46,56,140,25,39.0,6.0,0.0,0,2.0,10.0,1.0,218.0
2019,35,SAPU Santa Rosa,182,6,30,40,98,8,28.0,9.0,0.0,0,1.0,28.0,2.0,114.0
2019,36,SAPU Santa Rosa,276,11,59,66,117,23,27.0,14.0,0.0,0,0.0,11.0,3.0,221.0
2019,37,SAPU Santa Rosa,312,2,47,74,170,19,28.0,7.0,0.0,0,6.0,43.0,4.0,224.0
2019,38,SAPU Santa Rosa,282,10,41,59,148,24,28.0,13.0,0.0,0,0.0,29.0,1.0,211.0
2019,39,SAPU Santa Rosa,201,2,21,25,135,18,36.0,3.0,0.0,0,3.0,18.0,2.0,139.0
2019,40,SAPU Santa Rosa,196,12,27,32,112,13,35.0,4.0,0.0,0,2.0,27.0,7.0,121.0
2019,41,SAPU Santa Rosa,245,7,27,59,124,28,18.0,2.0,0.0,0,0.0,12.0,3.0,210.0
2019,42,SAPU Santa Rosa,199,8,36,50,94,11,11.0,4.0,0.0,0,1.0,19.0,1.0,163.0
2019,43,SAPU Santa Rosa,170,6,28,31,95,10,25.0,1.0,0.0,0,2.0,7.0,2.0,133.0
2019,44,SAPU Santa Rosa,155,7,21,18,95,14,13.0,6.0,0.0,0,0.0,5.0,0.0,131.0
2019,45,SAPU Santa Rosa,146,3,25,24,79,15,12.0,4.0,0.0,0,0.0,6.0,1.0,123.0
2019,46,SAPU Santa Rosa,101,8,15,19,52,7,17.0,2.0,0.0,0,0.0,7.0,1.0,74.0
2019,47,SAPU Santa Rosa,134,4,23,19,78,10,7.0,1.0,0.0,0,0.0,12.0,1.0,113.0
2019,48,SAPU Santa Rosa,47,1,9,7,27,3,7.0,0.0,0.0,0,1.0,7.0,0.0,32.0
2019,49,SAPU Santa Rosa,102,7,16,17,53,9,15.0,4.0,0.0,0,0.0,1.0,0.0,82.0
2019,50,SAPU Santa Rosa,154,7,18,20,94,15,10.0,4.0,0.0,0,0.0,3.0,0.0,137.0
2019,51,SAPU Santa Rosa,85,1,15,15,50,4,14.0,4.0,0.0,0,0.0,9.0,0.0,58.0
2019,52,SAPU Santa Rosa,58,2,9,11,34,2,4.0,0.0,0.0,0,0.0,6.0,5.0,43.0
2020,1,SAPU Santa Rosa,56,4,4,5,38,5,8.0,0.0,0.0,0,1.0,9.0,0.0,38.0
2020,2,SAPU Santa Rosa,86,6,15,4,52,9,8.0,1.0,0.0,0,0.0,4.0,0.0,73.0
2020,3,SAPU Santa Rosa,60,2,9,7,34,8,9.0,0.0,0.0,0,0.0,10.0,0.0,41.0
2020,4,SAPU Santa Rosa,49,3,6,7,28,5,4.0,4.0,0.0,0,0.0,10.0,0.0,31.0
2020,5,SAPU Santa Rosa,49,0,8,9,25,7,6.0,1.0,0.0,0,1.0,4.0,0.0,37.0
2020,6,SAPU Santa Rosa,56,1,8,10,34,3,4.0,1.0,0.0,0,0.0,9.0,1.0,41.0
2020,7,SAPU Santa Rosa,68,0,10,5,48,5,1.0,1.0,0.0,0,0.0,3.0,0.0,63.0
2020,8,SAPU Santa Rosa,57,1,7,9,34,6,2.0,0.0,0.0,0,0.0,7.0,0.0,48.0
2020,9,SAPU Santa Rosa,77,3,9,7,51,7,7.0,0.0,0.0,0,0.0,8.0,0.0,62.0
2020,10,SAPU Santa Rosa,113,3,8,18,73,11,6.0,2.0,0.0,0,0.0,6.0,1.0,98.0
2020,11,SAPU Santa Rosa,155,4,19,43,78,11,2.0,3.0,0.0,0,0.0,5.0,0.0,145.0
2020,12,SAPU Santa Rosa,105,1,16,9,65,14,10.0,2.0,0.0,0,1.0,8.0,0.0,84.0
2020,13,SAPU Santa Rosa,30,2,1,1,21,5,7.0,2.0,0.0,0,0.0,5.0,0.0,16.0
2020,14,SAPU Santa Rosa,7,1,0,0,4,2,1.0,1.0,0.0,0,0.0,2.0,0.0,3.0
2020,15,SAPU Santa Rosa,8,1,2,1,3,1,1.0,1.0,0.0,0,0.0,1.0,0.0,5.0
2020,16,SAPU Santa Rosa,8,0,0,1,5,2,2.0,0.0,0.0,0,0.0,0.0,0.0,6.0
2020,17,SAPU Santa Rosa,12,0,1,2,9,0,0.0,0.0,0.0,0,0.0,0.0,0.0,12.0
2020,18,SAPU Santa Rosa,8,0,0,0,4,4,0.0,0.0,0.0,0,0.0,2.0,0.0,6.0
2020,19,SAPU Santa Rosa,26,1,3,2,16,4,5.0,1.0,0.0,0,0.0,2.0,0.0,18.0
2020,20,SAPU Santa Rosa,8,0,0,1,7,0,1.0,1.0,0.0,0,0.0,0.0,0.0,6.0
2020,21,SAPU Santa Rosa,9,0,0,0,8,1,1.0,0.0,0.0,0,0.0,3.0,0.0,5.0
2020,22,SAPU Santa Rosa,20,0,1,3,15,1,1.0,0.0,0.0,0,0.0,0.0,1.0,18.0
2020,23,SAPU Santa Rosa,18,0,1,2,15,0,0.0,0.0,0.0,0,0.0,0.0,0.0,18.0
2020,24,SAPU Santa Rosa,9,0,0,0,8,1,0.0,0.0,0.0,0,0.0,3.0,0.0,6.0
2020,25,SAPU Santa Rosa,9,0,1,0,8,0,2.0,0.0,0.0,0,0.0,1.0,0.0,6.0
2020,26,SAPU Santa Rosa,6,0,0,0,5,1,1.0,0.0,0.0,0,0.0,0.0,0.0,5.0
2020,27,SAPU Santa Rosa,5,1,1,2,1,0,0.0,0.0,0.0,0,0.0,2.0,0.0,3.0
2020,28,SAPU Santa Rosa,12,0,0,2,8,2,1.0,1.0,0.0,0,0.0,3.0,0.0,7.0
2020,29,SAPU Santa Rosa,21,1,2,0,17,1,1.0,0.0,0.0,0,0.0,3.0,0.0,17.0
2020,30,SAPU Santa Rosa,6,0,0,3,3,0,0.0,0.0,0.0,0,0.0,0.0,0.0,6.0
2020,31,SAPU Santa Rosa,7,0,2,0,5,0,0.0,0.0,0.0,0,0.0,0.0,0.0,7.0
2020,32,SAPU Santa Rosa,20,0,3,0,16,1,0.0,0.0,0.0,0,0.0,0.0,0.0,20.0
2020,33,SAPU Santa Rosa,13,0,0,0,7,6,0.0,0.0,0.0,0,0.0,4.0,0.0,9.0
2020,34,SAPU Santa Rosa,12,0,2,0,8,2,0.0,0.0,0.0,0,0.0,1.0,1.0,10.0
2020,35,SAPU Santa Rosa,15,0,1,1,11,2,0.0,2.0,0.0,0,0.0,3.0,1.0,9.0
2020,36,SAPU Santa Rosa,34,2,1,4,24,3,0.0,0.0,0.0,0,0.0,1.0,0.0,33.0
2020,37,SAPU Santa Rosa,24,1,3,2,15,3,1.0,0.0,0.0,0,0.0,1.0,0.0,22.0
2020,38,SAPU Santa Rosa,4,0,0,1,2,1,2.0,0.0,0.0,0,0.0,0.0,0.0,2.0
2020,39,SAPU Santa Rosa,19,0,1,1,15,2,3.0,0.0,0.0,0,0.0,2.0,0.0,14.0
2020,40,SAPU Santa Rosa,34,0,1,2,25,6,0.0,0.0,0.0,0,0.0,2.0,0.0,32.0
2020,41,SAPU Santa Rosa,19,1,1,1,15,1,2.0,1.0,0.0,0,0.0,5.0,1.0,10.0
2020,42,SAPU Santa Rosa,15,0,3,3,8,1,5.0,1.0,0.0,0,0.0,5.0,0.0,4.0
2020,43,SAPU Santa Rosa,15,0,2,1,10,2,2.0,1.0,0.0,0,0.0,1.0,0.0,11.0
2020,44,SAPU Santa Rosa,15,2,0,4,7,2,3.0,1.0,0.0,0,0.0,7.0,0.0,4.0
2020,45,SAPU Santa Rosa,12,1,1,0,7,3,1.0,3.0,0.0,0,0.0,2.0,1.0,5.0
2020,46,SAPU Santa Rosa,16,0,1,4,9,2,0.0,0.0,0.0,0,0.0,2.0,0.0,14.0
2020,47,SAPU Santa Rosa,23,1,0,1,20,1,1.0,2.0,0.0,0,0.0,3.0,0.0,17.0
2020,48,SAPU Santa Rosa,11,0,1,1,7,2,2.0,3.0,0.0,0,0.0,0.0,0.0,6.0
2020,49,SAPU Santa Rosa,27,0,3,2,21,1,0.0,0.0,0.0,0,0.0,3.0,0.0,24.0
2020,50,SAPU Santa Rosa,24,1,2,0,19,2,0.0,3.0,0.0,0,0.0,1.0,0.0,20.0
2020,51,SAPU Santa Rosa,13,1,1,2,8,1,1.0,0.0,0.0,0,0.0,4.0,1.0,7.0
2020,52,SAPU Santa Rosa,22,2,1,3,14,2,0.0,3.0,0.0,0,0.0,1.0,0.0,18.0
2020,53,SAPU Santa Rosa,15,3,1,2,9,0,0.0,0.0,0.0,0,0.0,2.0,0.0,13.0
2021,1,SAPU Santa Rosa,22,0,5,1,12,4,2.0,0.0,0.0,0,0.0,2.0,0.0,18.0
2021,2,SAPU Santa Rosa,21,3,3,2,9,4,1.0,4.0,0.0,0,0.0,1.0,0.0,15.0
2021,3,SAPU Santa Rosa,13,2,1,2,5,3,1.0,2.0,0.0,0,0.0,1.0,0.0,9.0
2021,4,SAPU Santa Rosa,22,2,1,2,16,1,0.0,0.0,0.0,0,0.0,3.0,0.0,19.0
2021,5,SAPU Santa Rosa,9,1,2,1,3,2,0.0,2.0,0.0,0,0.0,5.0,0.0,2.0
2021,6,SAPU Santa Rosa,5,0,1,0,4,0,0.0,1.0,0.0,0,0.0,0.0,0.0,4.0
2021,7,SAPU Santa Rosa,15,0,4,5,6,0,0.0,0.0,0.0,0,0.0,0.0,0.0,15.0
2021,8,SAPU Santa Rosa,17,1,4,1,9,2,1.0,2.0,0.0,0,0.0,0.0,0.0,14.0
2021,9,SAPU Santa Rosa,19,1,4,1,10,3,1.0,2.0,0.0,0,0.0,3.0,0.0,13.0
2021,10,SAPU Santa Rosa,39,3,2,7,22,5,3.0,3.0,0.0,0,0.0,2.0,1.0,30.0
2021,11,SAPU Santa Rosa,9,0,0,1,6,2,0.0,5.0,0.0,0,0.0,2.0,0.0,2.0
2021,12,SAPU Santa Rosa,25,1,1,1,20,2,2.0,3.0,0.0,0,0.0,3.0,0.0,17.0
2021,13,SAPU Santa Rosa,34,2,3,3,24,2,2.0,1.0,0.0,0,0.0,2.0,0.0,29.0
2021,14,SAPU Santa Rosa,24,1,2,2,17,2,2.0,0.0,0.0,0,0.0,0.0,0.0,22.0
2021,15,SAPU Santa Rosa,9,2,0,0,5,2,0.0,0.0,2.0,0,0.0,3.0,0.0,4.0
2021,16,SAPU Santa Rosa,19,0,2,4,11,2,2.0,1.0,0.0,0,0.0,0.0,0.0,16.0
2021,17,SAPU Santa Rosa,14,1,0,2,9,2,1.0,1.0,0.0,0,0.0,2.0,0.0,10.0
2021,18,SAPU Santa Rosa,35,0,5,4,26,0,4.0,0.0,0.0,0,0.0,2.0,0.0,29.0
2021,19,SAPU Santa Rosa,13,1,1,2,5,4,1.0,4.0,0.0,0,0.0,0.0,1.0,7.0
2021,20,SAPU Santa Rosa,10,1,0,1,7,1,3.0,3.0,0.0,0,0.0,2.0,0.0,2.0
2021,21,SAPU Santa Rosa,21,0,2,1,18,0,5.0,3.0,0.0,0,0.0,3.0,0.0,10.0
2021,22,SAPU Santa Rosa,12,0,0,1,8,3,2.0,4.0,0.0,0,0.0,0.0,0.0,6.0
2021,23,SAPU Santa Rosa,10,0,3,3,4,0,0.0,1.0,0.0,0,0.0,1.0,0.0,8.0
2021,24,SAPU Santa Rosa,13,0,2,1,10,0,0.0,2.0,0.0,0,0.0,1.0,0.0,10.0
2021,25,SAPU Santa Rosa,20,0,1,0,16,3,1.0,1.0,0.0,0,0.0,0.0,0.0,18.0
2021,26,SAPU Santa Rosa,35,2,0,9,19,5,6.0,4.0,0.0,0,0.0,1.0,0.0,24.0
2021,27,SAPU Santa Rosa,23,0,3,2,17,1,4.0,1.0,0.0,0,0.0,0.0,1.0,17.0
2021,28,SAPU Santa Rosa,23,1,4,3,12,3,4.0,2.0,0.0,0,0.0,0.0,0.0,17.0
2021,29,SAPU Santa Rosa,21,0,3,2,11,5,4.0,3.0,0.0,0,0.0,0.0,1.0,13.0
2021,30,SAPU Santa Rosa,27,1,1,8,12,5,8.0,1.0,0.0,0,0.0,2.0,0.0,16.0
2021,31,SAPU Santa Rosa,30,0,6,1,21,2,7.0,2.0,0.0,0,0.0,3.0,0.0,18.0
2021,32,SAPU Santa Rosa,45,3,5,2,31,4,10.0,5.0,0.0,0,0.0,2.0,0.0,28.0
2021,33,SAPU Santa Rosa,32,2,3,5,19,3,7.0,1.0,0.0,0,0.0,0.0,0.0,24.0
2021,34,SAPU Santa Rosa,27,1,5,4,16,1,4.0,2.0,0.0,0,0.0,4.0,0.0,17.0
2021,35,SAPU Santa Rosa,29,0,10,6,11,2,4.0,2.0,0.0,0,0.0,2.0,0.0,21.0
2021,36,SAPU Santa Rosa,49,3,19,10,12,5,8.0,6.0,0.0,0,0.0,3.0,0.0,32.0
2021,37,SAPU Santa Rosa,26,3,12,1,8,2,1.0,1.0,0.0,0,0.0,2.0,0.0,22.0
2021,38,SAPU Santa Rosa,24,0,5,3,14,2,3.0,2.0,0.0,0,0.0,1.0,0.0,18.0
2021,39,SAPU Santa Rosa,24,1,6,6,9,2,5.0,1.0,0.0,0,0.0,1.0,0.0,17.0
2021,40,SAPU Santa Rosa,29,1,11,1,15,1,4.0,1.0,0.0,0,1.0,4.0,0.0,19.0
2021,41,SAPU Santa Rosa,20,1,1,2,14,2,4.0,1.0,0.0,0,0.0,3.0,0.0,12.0
2021,42,SAPU Santa Rosa,46,1,9,7,25,4,7.0,3.0,0.0,0,0.0,4.0,0.0,32.0
2021,43,SAPU Santa Rosa,31,2,9,3,13,4,6.0,3.0,0.0,0,0.0,2.0,0.0,20.0
2021,44,SAPU Santa Rosa,39,2,14,2,18,3,3.0,4.0,0.0,0,0.0,5.0,0.0,27.0
2021,45,SAPU Santa Rosa,37,2,14,4,16,1,4.0,2.0,0.0,0,0.0,2.0,1.0,28.0
2021,46,SAPU Santa Rosa,50,0,22,6,21,1,5.0,0.0,0.0,0,0.0,2.0,0.0,43.0
2021,47,SAPU Santa Rosa,45,0,14,4,24,3,4.0,4.0,0.0,0,0.0,0.0,1.0,36.0
2021,48,SAPU Santa Rosa,40,0,9,7,18,6,4.0,4.0,0.0,0,0.0,2.0,0.0,30.0
2021,49,SAPU Santa Rosa,29,0,6,5,15,3,3.0,2.0,0.0,0,0.0,5.0,0.0,19.0
2021,50,SAPU Santa Rosa,44,5,7,5,21,6,6.0,3.0,0.0,0,0.0,3.0,0.0,32.0
2021,51,SAPU Santa Rosa,32,2,5,3,19,3,2.0,3.0,0.0,0,2.0,3.0,1.0,21.0
2021,52,SAPU Santa Rosa,47,2,12,6,20,7,6.0,2.0,0.0,0,0.0,1.0,1.0,37.0
2021,53,SAPU Santa Rosa,5,1,2,0,0,2,0.0,0.0,0.0,0,0.0,5.0,0.0,0.0
2022,1,SAPU Santa Rosa,45,3,9,7,19,7,4.0,0.0,1.0,0,0.0,2.0,0.0,38.0
2022,2,SAPU Santa Rosa,39,0,7,2,26,4,3.0,4.0,0.0,0,0.0,5.0,0.0,27.0
2022,3,SAPU Santa Rosa,51,1,8,8,30,4,5.0,1.0,0.0,0,0.0,3.0,0.0,42.0
2022,4,SAPU Santa Rosa,40,3,6,6,21,4,4.0,4.0,0.0,0,0.0,4.0,0.0,28.0
2022,5,SAPU Santa Rosa,45,2,5,13,19,6,3.0,4.0,1.0,0,0.0,1.0,2.0,34.0
2022,6,SAPU Santa Rosa,62,2,6,9,42,3,7.0,1.0,2.0,0,0.0,0.0,0.0,52.0
2022,7,SAPU Santa Rosa,82,2,7,13,54,6,6.0,2.0,4.0,0,0.0,3.0,2.0,65.0
2022,8,SAPU Santa Rosa,32,0,3,5,21,3,4.0,3.0,1.0,0,0.0,0.0,0.0,24.0
2022,9,SAPU Santa Rosa,38,2,10,4,18,4,1.0,0.0,2.0,0,0.0,2.0,0.0,33.0
2022,10,SAPU Santa Rosa,47,1,16,15,13,2,4.0,1.0,3.0,0,0.0,1.0,0.0,38.0
2022,11,SAPU Santa Rosa,64,2,16,16,24,6,6.0,9.0,2.0,0,0.0,2.0,0.0,45.0
2022,12,SAPU Santa Rosa,69,0,18,18,26,7,8.0,3.0,1.0,0,0.0,2.0,2.0,53.0
2022,13,SAPU Santa Rosa,77,2,19,22,30,4,10.0,2.0,0.0,0,0.0,2.0,2.0,61.0
2022,14,SAPU Santa Rosa,71,1,24,16,24,6,12.0,1.0,0.0,0,0.0,3.0,0.0,55.0
2022,15,SAPU Santa Rosa,70,2,23,19,23,3,9.0,6.0,0.0,0,0.0,5.0,0.0,50.0
2022,16,SAPU Santa Rosa,96,2,28,27,36,3,25.0,2.0,0.0,0,0.0,5.0,0.0,64.0
2022,17,SAPU Santa Rosa,104,3,28,37,33,3,14.0,0.0,0.0,0,1.0,3.0,0.0,86.0
2022,18,SAPU Santa Rosa,109,4,28,32,44,1,26.0,5.0,0.0,0,1.0,3.0,0.0,74.0
2022,19,SAPU Santa Rosa,120,3,25,48,37,7,24.0,6.0,0.0,0,0.0,13.0,0.0,77.0
2022,20,SAPU Santa Rosa,150,5,33,46,56,10,30.0,6.0,0.0,0,2.0,7.0,1.0,104.0
2022,21,SAPU Santa Rosa,140,5,27,50,52,6,18.0,7.0,1.0,0,7.0,21.0,0.0,86.0
2022,22,SAPU Santa Rosa,169,7,36,43,75,8,35.0,8.0,0.0,0,0.0,5.0,0.0,121.0
2022,23,SAPU Santa Rosa,178,5,34,52,77,10,46.0,8.0,0.0,0,7.0,1.0,2.0,114.0
2022,24,SAPU Santa Rosa,165,6,31,45,73,10,32.0,12.0,0.0,0,1.0,3.0,3.0,114.0
2022,25,SAPU Santa Rosa,175,5,33,42,84,11,52.0,7.0,0.0,0,4.0,10.0,1.0,101.0
2022,26,SAPU Santa Rosa,122,5,14,20,69,14,22.0,6.0,0.0,0,0.0,2.0,3.0,89.0
2022,27,SAPU Santa Rosa,93,3,17,14,47,12,21.0,3.0,0.0,0,0.0,2.0,1.0,66.0
2022,28,SAPU Santa Rosa,53,1,7,6,31,8,8.0,1.0,0.0,0,6.0,3.0,0.0,35.0
2022,29,SAPU Santa Rosa,76,0,6,10,49,11,15.0,3.0,0.0,0,6.0,3.0,1.0,48.0
2022,30,SAPU Santa Rosa,42,0,4,5,29,4,8.0,3.0,0.0,0,0.0,1.0,0.0,30.0
2022,31,SAPU Santa Rosa,104,1,17,23,61,2,8.0,1.0,1.0,0,0.0,2.0,3.0,89.0
2022,32,SAPU Santa Rosa,110,2,21,22,55,10,17.0,6.0,0.0,0,5.0,2.0,1.0,79.0
2022,33,SAPU Santa Rosa,154,1,24,40,77,12,28.0,9.0,0.0,0,3.0,8.0,2.0,104.0
2022,34,SAPU Santa Rosa,116,2,18,35,50,11,26.0,9.0,2.0,0,1.0,6.0,0.0,72.0
2022,35,SAPU Santa Rosa,123,1,23,32,59,8,17.0,12.0,0.0,0,3.0,8.0,0.0,83.0
2022,36,SAPU Santa Rosa,136,4,22,31,64,15,14.0,3.0,0.0,0,7.0,5.0,0.0,107.0
2022,37,SAPU Santa Rosa,97,4,16,21,45,11,15.0,10.0,0.0,0,0.0,1.0,0.0,71.0
2022,38,SAPU Santa Rosa,116,6,29,28,41,12,25.0,6.0,0.0,0,0.0,4.0,0.0,81.0
2022,39,SAPU Santa Rosa,126,3,26,36,50,11,23.0,4.0,0.0,0,1.0,3.0,0.0,95.0
2022,40,SAPU Santa Rosa,123,3,25,29,48,18,18.0,8.0,0.0,0,0.0,3.0,0.0,94.0
2022,41,SAPU Santa Rosa,182,2,26,51,88,15,27.0,8.0,0.0,0,1.0,3.0,0.0,143.0
2022,42,SAPU Santa Rosa,165,7,28,55,67,8,29.0,3.0,1.0,0,3.0,1.0,2.0,126.0
2022,43,SAPU Santa Rosa,176,0,20,56,88,12,18.0,3.0,0.0,0,3.0,0.0,0.0,152.0
2022,44,SAPU Santa Rosa,262,7,27,74,141,13,45.0,10.0,0.0,0,2.0,1.0,0.0,204.0
2022,45,SAPU Santa Rosa,188,1,18,51,106,12,33.0,4.0,0.0,0,3.0,5.0,2.0,141.0
2022,46,SAPU Santa Rosa,229,5,32,63,112,17,37.0,6.0,5.0,0,4.0,10.0,3.0,164.0
2022,47,SAPU Santa Rosa,211,4,23,67,105,12,27.0,15.0,0.0,0,5.0,7.0,1.0,156.0
2022,48,SAPU Santa Rosa,152,1,24,39,78,10,16.0,7.0,0.0,0,5.0,3.0,3.0,118.0
2022,49,SAPU Santa Rosa,118,2,11,30,56,19,10.0,3.0,0.0,0,2.0,4.0,1.0,98.0
2022,50,SAPU Santa Rosa,95,0,10,19,51,15,16.0,7.0,0.0,0,2.0,6.0,0.0,64.0
2022,51,SAPU Santa Rosa,84,3,13,11,45,12,13.0,2.0,1.0,0,0.0,3.0,1.0,64.0
2022,52,SAPU Santa Rosa,78,4,7,5,54,8,8.0,2.0,0.0,0,0.0,2.0,0.0,66.0
2023,1,SAPU Santa Rosa,65,0,7,10,38,10,6.0,4.0,0.0,0,0.0,0.0,0.0,55.0
2023,2,SAPU Santa Rosa,57,0,3,6,38,10,6.0,0.0,0.0,0,0.0,2.0,0.0,49.0
2023,3,SAPU Santa Rosa,51,0,4,7,31,9,8.0,2.0,0.0,0,0.0,2.0,0.0,39.0
2023,4,SAPU Santa Rosa,41,3,6,3,22,7,8.0,2.0,2.0,0,0.0,1.0,0.0,28.0
2023,5,SAPU Santa Rosa,28,2,1,5,15,5,2.0,1.0,0.0,0,0.0,0.0,0.0,25.0
2023,6,SAPU Santa Rosa,43,1,8,4,24,6,8.0,2.0,1.0,0,0.0,1.0,1.0,30.0
2023,7,SAPU Santa Rosa,38,0,1,10,19,8,5.0,1.0,0.0,0,0.0,0.0,1.0,31.0
2023,8,SAPU Santa Rosa,100,0,10,14,63,13,7.0,6.0,0.0,0,0.0,2.0,0.0,85.0
2023,9,SAPU Santa Rosa,108,3,17,25,51,12,13.0,5.0,1.0,0,0.0,2.0,0.0,87.0
2023,10,SAPU Santa Rosa,101,2,10,31,50,8,8.0,2.0,0.0,0,0.0,4.0,0.0,87.0
2023,11,SAPU Santa Rosa,204,7,34,63,85,15,18.0,9.0,2.0,0,0.0,12.0,0.0,163.0
2023,12,SAPU Santa Rosa,32,1,3,11,16,1,6.0,3.0,0.0,0,0.0,0.0,1.0,22.0
2023,13,SAPU Santa Rosa,0,0,0,0,0,0,0.0,0.0,0.0,0,0.0,0.0,0.0,0.0
2023,14,SAPU Santa Rosa,115,4,20,34,40,17,10.0,6.0,0.0,0,0.0,3.0,0.0,96.0
2023,15,SAPU Santa Rosa,119,4,26,34,49,6,22.0,5.0,0.0,0,0.0,5.0,0.0,87.0
2023,16,SAPU Santa Rosa,171,9,38,52,66,6,22.0,15.0,0.0,0,0.0,2.0,1.0,131.0
2023,17,SAPU Santa Rosa,220,9,45,77,77,12,46.0,12.0,0.0,0,0.0,10.0,4.0,148.0
2023,18,SAPU Santa Rosa,232,9,43,82,84,14,54.0,6.0,0.0,0,0.0,7.0,1.0,164.0
2023,19,SAPU Santa Rosa,248,7,33,71,118,19,48.0,7.0,0.0,0,0.0,10.0,3.0,180.0
2023,20,SAPU Santa Rosa,241,5,36,75,114,11,49.0,11.0,0.0,0,0.0,8.0,1.0,172.0
2023,21,SAPU Santa Rosa,234,5,33,71,106,19,26.0,8.0,0.0,0,1.0,6.0,2.0,191.0
2023,22,SAPU Santa Rosa,222,2,23,54,129,14,20.0,13.0,0.0,0,1.0,16.0,4.0,168.0
2023,23,SAPU Santa Rosa,180,1,10,43,107,19,21.0,10.0,0.0,0,1.0,6.0,2.0,140.0
2023,24,SAPU Santa Rosa,176,2,16,38,105,15,36.0,5.0,0.0,0,1.0,5.0,0.0,129.0
2023,25,SAPU Santa Rosa,137,2,12,27,87,9,30.0,8.0,0.0,0,0.0,0.0,1.0,98.0
2023,26,SAPU Santa Rosa,45,1,2,9,29,4,7.0,1.0,0.0,0,0.0,0.0,1.0,36.0
2023,27,SAPU Santa Rosa,32,0,2,7,20,3,6.0,0.0,0.0,0,0.0,2.0,0.0,24.0
2023,28,SAPU Santa Rosa,0,0,0,0,0,0,0.0,0.0,0.0,0,0.0,0.0,0.0,0.0
2023,29,SAPU Santa Rosa,17,0,3,2,10,2,3.0,1.0,0.0,0,0.0,0.0,0.0,13.0
2023,30,SAPU Santa Rosa,97,4,6,12,70,5,18.0,6.0,0.0,0,0.0,0.0,1.0,72.0
2023,31,SAPU Santa Rosa,19,0,4,6,8,1,0.0,0.0,0.0,0,0.0,1.0,1.0,17.0
2023,35,SAPU Santa Rosa,152,2,12,44,73,21,29.0,7.0,0.0,0,0.0,6.0,0.0,110.0
2023,36,SAPU Santa Rosa,31,0,2,12,16,1,5.0,0.0,0.0,0,0.0,1.0,1.0,24.0
2023,40,SAPU Santa Rosa,203,7,27,45,109,15,27.0,8.0,0.0,0,5.0,10.0,3.0,150.0
2023,41,SAPU Santa Rosa,195,2,27,56,92,18,29.0,7.0,0.0,0,1.0,8.0,5.0,145.0
2023,42,SAPU Santa Rosa,179,6,23,41,96,13,31.0,5.0,0.0,0,1.0,4.0,2.0,136.0
2023,43,SAPU Santa Rosa,194,4,22,35,119,14,25.0,7.0,0.0,0,0.0,9.0,5.0,148.0
2023,44,SAPU Santa Rosa,180,3,22,47,95,13,27.0,3.0,0.0,0,1.0,3.0,2.0,144.0
2023,45,SAPU Santa Rosa,189,3,14,58,107,7,25.0,5.0,0.0,0,0.0,3.0,1.0,155.0
2023,46,SAPU Santa Rosa,196,4,16,49,111,16,28.0,3.0,0.0,0,0.0,9.0,2.0,154.0
2023,47,SAPU Santa Rosa,145,3,15,41,70,16,22.0,2.0,0.0,0,0.0,4.0,2.0,115.0
2023,48,SAPU Santa Rosa,145,4,11,31,84,15,15.0,1.0,0.0,0,0.0,9.0,1.0,119.0
2023,49,SAPU Santa Rosa,155,5,15,31,90,14,25.0,4.0,1.0,0,0.0,0.0,2.0,123.0
2023,50,SAPU Santa Rosa,111,3,8,20,72,8,16.0,0.0,0.0,0,0.0,4.0,1.0,90.0
2023,51,SAPU Santa Rosa,130,2,17,29,74,8,16.0,3.0,0.0,0,0.0,5.0,2.0,104.0
2023,52,SAPU Santa Rosa,130,2,8,14,86,20,23.0,4.0,0.0,0,0.0,9.0,1.0,93.0
2024,1,SAPU Santa Rosa,110,1,6,14,75,14,6.0,6.0,1.0,0,4.0,3.0,2.0,88.0
2024,2,SAPU Santa Rosa,72,0,5,13,46,8,7.0,4.0,0.0,0,0.0,2.0,0.0,59.0
2024,3,SAPU Santa Rosa,47,2,2,11,29,3,2.0,0.0,0.0,0,0.0,2.0,0.0,43.0
2024,4,SAPU Santa Rosa,58,1,4,6,36,11,12.0,2.0,0.0,0,0.0,4.0,0.0,40.0
2024,5,SAPU Santa Rosa,55,1,0,8,38,8,5.0,2.0,0.0,0,0.0,1.0,1.0,46.0
2024,6,SAPU Santa Rosa,52,0,0,1,41,10,4.0,3.0,1.0,0,0.0,0.0,3.0,41.0
2024,7,SAPU Santa Rosa,80,2,3,6,55,14,5.0,1.0,0.0,0,0.0,2.0,1.0,71.0
2024,8,SAPU Santa Rosa,71,2,2,6,51,10,4.0,4.0,0.0,0,1.0,0.0,0.0,62.0
2024,9,SAPU Santa Rosa,82,3,3,8,54,14,7.0,1.0,1.0,0,0.0,4.0,0.0,69.0
2024,10,SAPU Santa Rosa,88,3,4,11,60,10,7.0,5.0,0.0,0,0.0,1.0,1.0,74.0
2024,11,SAPU Santa Rosa,124,2,7,36,64,15,1.0,2.0,3.0,0,0.0,1.0,0.0,117.0
2024,12,SAPU Santa Rosa,225,4,17,82,109,13,29.0,9.0,0.0,0,5.0,8.0,0.0,174.0
2024,13,SAPU Santa Rosa,151,2,25,33,76,15,25.0,11.0,0.0,0,0.0,2.0,0.0,113.0
2024,14,SAPU Santa Rosa,133,4,14,29,75,11,12.0,8.0,1.0,0,0.0,1.0,1.0,110.0
2024,15,SAPU Santa Rosa,159,2,18,58,74,7,12.0,5.0,0.0,0,3.0,1.0,0.0,138.0
2024,16,SAPU Santa Rosa,206,5,20,74,95,12,24.0,7.0,0.0,0,8.0,4.0,0.0,163.0
2024,17,SAPU Santa Rosa,211,1,21,66,110,13,20.0,9.0,0.0,0,13.0,6.0,1.0,162.0
2024,18,SAPU Santa Rosa,245,3,22,67,134,19,15.0,8.0,0.0,0,12.0,6.0,1.0,203.0
2024,19,SAPU Santa Rosa,200,4,12,52,116,16,8.0,8.0,0.0,0,4.0,1.0,2.0,177.0
2024,20,SAPU Santa Rosa,167,5,12,40,95,15,17.0,2.0,0.0,0,5.0,1.0,2.0,140.0
2024,21,SAPU Santa Rosa,198,2,11,32,126,27,20.0,3.0,0.0,0,15.0,5.0,6.0,149.0
2024,22,SAPU Santa Rosa,166,2,8,35,107,14,19.0,2.0,0.0,0,9.0,5.0,1.0,130.0
2024,23,SAPU Santa Rosa,120,2,11,21,77,9,12.0,2.0,0.0,0,3.0,3.0,1.0,99.0
2024,24,SAPU Santa Rosa,104,2,10,18,66,8,12.0,4.0,0.0,0,2.0,2.0,2.0,82.0
2024,25,SAPU Santa Rosa,80,2,8,16,48,6,9.0,5.0,0.0,0,1.0,2.0,0.0,63.0
2024,26,SAPU Santa Rosa,83,2,6,8,60,7,5.0,7.0,0.0,0,0.0,5.0,3.0,63.0
2024,27,SAPU Santa Rosa,64,1,5,3,47,8,5.0,2.0,0.0,0,0.0,6.0,0.0,51.0
2024,28,SAPU Santa Rosa,81,0,2,15,54,10,7.0,3.0,0.0,0,0.0,2.0,3.0,66.0
2024,29,SAPU Santa Rosa,85,4,5,20,40,16,18.0,5.0,0.0,0,0.0,2.0,0.0,60.0
2024,30,SAPU Santa Rosa,135,2,24,27,68,14,21.0,7.0,0.0,0,3.0,5.0,9.0,90.0
2024,31,SAPU Santa Rosa,166,4,35,48,72,7,20.0,7.0,0.0,0,0.0,2.0,0.0,137.0
2024,32,SAPU Santa Rosa,140,2,21,30,72,15,28.0,11.0,0.0,0,5.0,1.0,2.0,93.0
2024,33,SAPU Santa Rosa,166,3,21,34,88,20,33.0,7.0,0.0,0,0.0,2.0,2.0,122.0
2024,34,SAPU Santa Rosa,161,2,27,28,87,17,43.0,13.0,0.0,0,3.0,9.0,1.0,92.0
2024,35,SAPU Santa Rosa,178,2,25,43,92,16,42.0,5.0,0.0,0,0.0,2.0,2.0,127.0
2024,36,SAPU Santa Rosa,168,4,18,58,68,20,20.0,5.0,0.0,0,0.0,3.0,0.0,140.0
2024,37,SAPU Santa Rosa,182,4,12,49,97,20,28.0,2.0,0.0,0,6.0,1.0,1.0,144.0
2024,38,SAPU Santa Rosa,188,2,15,38,101,32,40.0,10.0,0.0,0,0.0,4.0,6.0,128.0
2024,39,SAPU Santa Rosa,173,2,16,37,93,25,35.0,4.0,0.0,0,2.0,8.0,2.0,122.0
2024,40,SAPU Santa Rosa,134,2,10,34,66,22,15.0,4.0,0.0,0,0.0,1.0,3.0,111.0
2024,41,SAPU Santa Rosa,157,2,21,39,76,19,27.0,6.0,0.0,0,4.0,4.0,3.0,113.0
2024,42,SAPU Santa Rosa,158,3,20,40,76,19,15.0,1.0,0.0,0,3.0,1.0,2.0,136.0
2024,43,SAPU Santa Rosa,115,0,9,27,67,12,15.0,1.0,0.0,0,2.0,4.0,1.0,92.0
2024,44,SAPU Santa Rosa,178,1,13,32,111,21,23.0,7.0,0.0,0,5.0,3.0,0.0,140.0
2024,45,SAPU Santa Rosa,142,1,12,35,78,16,22.0,4.0,0.0,0,5.0,9.0,0.0,102.0
2024,46,SAPU Santa Rosa,155,2,16,41,77,19,9.0,6.0,0.0,0,6.0,1.0,3.0,130.0
2024,47,SAPU Santa Rosa,144,3,11,26,87,17,19.0,0.0,0.0,0,4.0,4.0,1.0,116.0
2024,48,SAPU Santa Rosa,150,2,12,27,86,23,25.0,3.0,0.0,0,6.0,7.0,0.0,109.0
2024,49,SAPU Santa Rosa,125,4,11,30,61,19,19.0,5.0,0.0,0,2.0,3.0,1.0,95.0
2024,50,SAPU Santa Rosa,126,0,10,22,75,19,12.0,5.0,0.0,0,2.0,3.0,2.0,102.0
2024,51,SAPU Santa Rosa,100,1,7,12,70,10,13.0,0.0,0.0,0,5.0,5.0,1.0,76.0
2024,52,SAPU Santa Rosa,115,2,14,13,63,23,14.0,3.0,0.0,0,6.0,6.0,3.0,83.0
2025,1,SAPU Santa Rosa,57,1,2,5,37,12,6.0,1.0,0.0,0,1.0,3.0,0.0,46.0
2025,2,SAPU Santa Rosa,67,0,3,11,42,11,9.0,4.0,0.0,0,0.0,3.0,1.0,50.0
2025,3,SAPU Santa Rosa,60,0,2,6,45,7,7.0,2.0,0.0,0,0.0,4.0,0.0,47.0
2025,4,SAPU Santa Rosa,51,1,3,3,38,6,9.0,2.0,0.0,0,0.0,1.0,0.0,39.0
2025,5,SAPU Santa Rosa,49,0,4,5,30,10,7.0,2.0,0.0,0,0.0,1.0,0.0,39.0
2025,6,SAPU Santa Rosa,38,0,6,3,25,4,3.0,3.0,0.0,0,0.0,0.0,0.0,32.0
2025,7,SAPU Santa Rosa,38,0,1,9,22,6,3.0,1.0,0.0,0,0.0,1.0,0.0,33.0
2025,8,SAPU Santa Rosa,58,0,5,9,30,14,6.0,0.0,0.0,0,0.0,3.0,1.0,48.0
2025,9,SAPU Santa Rosa,62,0,2,9,42,9,9.0,4.0,0.0,0,1.0,4.0,0.0,44.0
2025,10,SAPU Santa Rosa,44,0,5,6,28,5,6.0,4.0,0.0,0,3.0,0.0,0.0,31.0
2025,11,SAPU Santa Rosa,76,1,11,19,36,9,8.0,5.0,0.0,0,2.0,3.0,2.0,56.0
2025,12,SAPU Santa Rosa,132,3,18,41,60,10,22.0,6.0,0.0,0,3.0,1.0,3.0,97.0
2025,13,SAPU Santa Rosa,128,1,3,32,77,15,18.0,5.0,0.0,0,7.0,3.0,4.0,91.0
2025,14,SAPU Santa Rosa,129,2,14,26,75,12,25.0,8.0,0.0,0,9.0,2.0,1.0,84.0
2025,15,SAPU Santa Rosa,112,0,10,23,66,13,16.0,2.0,0.0,0,5.0,5.0,1.0,83.0
2025,16,SAPU Santa Rosa,133,1,10,24,82,16,8.0,4.0,0.0,0,11.0,4.0,1.0,105.0
2025,17,SAPU Santa Rosa,135,2,10,30,79,14,21.0,3.0,0.0,0,8.0,0.0,5.0,98.0
2025,18,SAPU Santa Rosa,165,2,23,29,93,18,19.0,3.0,0.0,0,15.0,3.0,2.0,123.0
2025,19,SAPU Santa Rosa,143,2,12,30,82,17,38.0,4.0,0.0,0,4.0,6.0,1.0,90.0
2025,20,SAPU Santa Rosa,182,1,20,34,106,21,37.0,3.0,0.0,0,7.0,1.0,4.0,130.0
2025,21,SAPU Santa Rosa,164,1,13,42,93,15,41.0,4.0,0.0,0,6.0,3.0,0.0,110.0
2025,22,SAPU Santa Rosa,175,0,18,40,100,17,42.0,6.0,0.0,0,9.0,4.0,1.0,113.0
2025,23,SAPU Santa Rosa,183,3,13,42,97,28,36.0,2.0,0.0,0,5.0,3.0,2.0,135.0
2025,24,SAPU Santa Rosa,176,1,20,35,98,22,29.0,5.0,0.0,0,5.0,5.0,4.0,128.0
2025,25,SAPU Santa Rosa,126,0,17,27,63,19,38.0,2.0,0.0,0,11.0,4.0,3.0,68.0
2025,26,SAPU Santa Rosa,141,2,15,13,90,21,28.0,5.0,0.0,0,4.0,2.0,2.0,100.0
2025,27,SAPU Santa Rosa,119,0,6,16,82,15,30.0,4.0,0.0,0,5.0,7.0,0.0,73.0
2025,28,SAPU Santa Rosa,118,0,4,25,83,6,19.0,3.0,0.0,0,0.0,3.0,1.0,92.0
2025,29,SAPU Santa Rosa,157,0,11,29,99,18,18.0,4.0,0.0,0,8.0,6.0,0.0,121.0
2025,30,SAPU Santa Rosa,175,3,15,57,87,13,27.0,9.0,0.0,0,4.0,6.0,1.0,128.0
2025,31,SAPU Santa Rosa,187,1,27,52,95,12,46.0,1.0,0.0,0,4.0,0.0,0.0,136.0
2025,32,SAPU Santa Rosa,202,1,28,58,99,16,41.0,4.0,0.0,0,13.0,1.0,2.0,141.0
2025,33,SAPU Santa Rosa,268,2,29,81,126,30,50.0,4.0,0.0,0,17.0,4.0,4.0,189.0
2025,34,SAPU Santa Rosa,244,3,24,62,140,15,42.0,8.0,0.0,0,6.0,4.0,0.0,184.0
2025,35,SAPU Santa Rosa,200,1,11,63,98,27,22.0,7.0,0.0,0,15.0,4.0,3.0,149.0
2025,36,SAPU Santa Rosa,191,3,16,46,107,19,33.0,7.0,0.0,0,6.0,9.0,1.0,135.0
2025,37,SAPU Santa Rosa,188,1,18,41,109,19,41.0,5.0,0.0,0,9.0,5.0,0.0,128.0
2025,38,SAPU Santa Rosa,183,0,19,34,105,25,43.0,13.0,0.0,0,3.0,1.0,0.0,123.0
2025,39,SAPU Santa Rosa,189,3,15,29,116,26,36.0,7.0,0.0,0,0.0,5.0,5.0,136.0
2025,40,SAPU Santa Rosa,172,2,16,33,97,24,27.0,4.0,0.0,0,2.0,3.0,2.0,134.0
2025,41,SAPU Santa Rosa,151,4,17,33,81,16,22.0,4.0,0.0,0,3.0,2.0,3.0,117.0
2025,42,SAPU Santa Rosa,160,0,26,34,80,20,25.0,0.0,0.0,0,3.0,3.0,5.0,124.0
2025,43,SAPU Santa Rosa,190,2,16,38,116,18,36.0,5.0,0.0,0,2.0,2.0,5.0,140.0
2025,44,SAPU Santa Rosa,191,1,16,36,112,26,32.0,2.0,0.0,0,4.0,5.0,5.0,143.0
2025,45,SAPU Santa Rosa,138,1,10,19,91,17,25.0,4.0,0.0,0,1.0,4.0,1.0,103.0
2025,46,SAPU Santa Rosa,105,0,11,21,60,13,9.0,3.0,0.0,0,4.0,3.0,0.0,86.0
2025,47,SAPU Santa Rosa,130,1,16,28,70,15,13.0,5.0,0.0,0,0.0,3.0,6.0,103.0
2025,48,SAPU Santa Rosa,130,1,11,30,75,13,25.0,0.0,0.0,0,1.0,8.0,0.0,96.0
2025,49,SAPU Santa Rosa,132,1,6,29,80,16,14.0,1.0,0.0,0,3.0,7.0,2.0,105.0
2025,50,SAPU Santa Rosa,119,1,14,21,72,11,26.0,4.0,0.0,0,1.0,13.0,1.0,74.0
2025,51,SAPU Santa Rosa,117,3,8,26,57,23,23.0,4.0,0.0,0,2.0,3.0,2.0,83.0
2025,52,SAPU Santa Rosa,103,2,5,13,70,13,9.0,2.0,0.0,0,0.0,2.0,1.0,89.0
2025,53,SAPU Santa Rosa,61,2,4,10,37,8,5.0,3.0,0.0,0,0.0,2.0,3.0,48.0
2026,1,SAPU Santa Rosa,78,1,7,6,50,14,4.0,4.0,0.0,0,1.0,3.0,0.0,66.0
2026,2,SAPU Santa Rosa,54,0,4,4,40,6,4.0,0.0,0.0,0,1.0,2.0,0.0,47.0
2026,3,SAPU Santa Rosa,40,0,1,3,31,5,2.0,1.0,0.0,0,0.0,3.0,1.0,33.0
2026,4,SAPU Santa Rosa,39,1,0,7,26,5,2.0,1.0,0.0,0,0.0,0.0,1.0,35.0
2026,5,SAPU Santa Rosa,52,0,5,6,34,7,3.0,2.0,0.0,0,0.0,3.0,2.0,42.0
2026,6,SAPU Santa Rosa,51,0,3,7,32,9,0.0,1.0,0.0,0,1.0,2.0,2.0,45.0
2026,7,SAPU Santa Rosa,60,0,5,5,45,5,5.0,1.0,0.0,0,1.0,2.0,1.0,50.0
2026,8,SAPU Santa Rosa,62,0,7,7,41,7,4.0,1.0,0.0,0,2.0,3.0,0.0,52.0
2026,9,SAPU Santa Rosa,61,0,4,5,43,9,9.0,1.0,0.0,0,1.0,0.0,0.0,50.0
2026,10,SAPU Santa Rosa,18,0,2,4,9,3,2.0,0.0,0.0,0,0.0,0.0,0.0,16.0
2026,53,SAPU Santa Rosa,28,0,1,2,18,7,0.0,0.0,0.0,0,0.0,3.0,0.0,25.0
2020,18,SAPU Villa Alegre,1,0,0,0,1,0,0.0,0.0,0.0,0,0.0,0.0,0.0,1.0
2020,29,SAPU Villa Alegre,2,0,0,0,2,0,0.0,0.0,0.0,0,2.0,0.0,0.0,0.0
2020,49,SAPU Villa Alegre,13,0,1,0,11,1,2.0,0.0,0.0,0,0.0,3.0,0.0,8.0
2020,50,SAPU Villa Alegre,9,1,1,0,6,1,1.0,0.0,0.0,0,0.0,2.0,0.0,6.0
2020,51,SAPU Villa Alegre,14,1,4,1,8,0,3.0,0.0,0.0,0,0.0,3.0,0.0,8.0
2020,52,SAPU Villa Alegre,13,0,0,2,10,1,2.0,1.0,0.0,0,0.0,5.0,0.0,5.0
2020,53,SAPU Villa Alegre,3,0,0,0,3,0,1.0,0.0,0.0,0,1.0,0.0,0.0,1.0
2021,1,SAPU Villa Alegre,13,1,0,1,9,2,2.0,2.0,0.0,0,0.0,4.0,0.0,5.0
2021,2,SAPU Villa Alegre,8,1,3,1,2,1,1.0,0.0,0.0,0,0.0,0.0,0.0,7.0
2021,3,SAPU Villa Alegre,11,2,0,2,3,4,2.0,1.0,0.0,0,0.0,1.0,1.0,6.0
2021,4,SAPU Villa Alegre,9,0,1,1,6,1,1.0,1.0,0.0,0,0.0,0.0,0.0,7.0
2021,5,SAPU Villa Alegre,4,0,0,1,2,1,0.0,1.0,0.0,0,0.0,0.0,0.0,3.0
2021,6,SAPU Villa Alegre,12,1,0,2,8,1,2.0,2.0,1.0,0,0.0,0.0,0.0,7.0
2021,7,SAPU Villa Alegre,3,0,0,1,1,1,2.0,0.0,0.0,0,0.0,0.0,0.0,1.0
2021,8,SAPU Villa Alegre,10,0,1,2,6,1,0.0,2.0,0.0,0,1.0,0.0,0.0,7.0
2021,9,SAPU Villa Alegre,12,0,4,1,6,1,2.0,0.0,0.0,0,0.0,1.0,0.0,9.0
2021,10,SAPU Villa Alegre,16,1,3,0,11,1,0.0,3.0,1.0,0,0.0,1.0,0.0,11.0
2021,11,SAPU Villa Alegre,10,0,3,0,7,0,1.0,0.0,0.0,0,0.0,1.0,1.0,7.0
2021,12,SAPU Villa Alegre,17,0,1,2,11,3,4.0,1.0,0.0,0,0.0,5.0,0.0,7.0
2021,13,SAPU Villa Alegre,18,1,0,3,13,1,2.0,3.0,0.0,0,0.0,0.0,2.0,11.0
2021,14,SAPU Villa Alegre,15,0,0,1,11,3,6.0,2.0,0.0,0,0.0,0.0,2.0,5.0
2021,15,SAPU Villa Alegre,9,0,0,1,8,0,0.0,0.0,0.0,0,0.0,1.0,0.0,8.0
2021,16,SAPU Villa Alegre,16,1,1,1,12,1,3.0,1.0,0.0,0,1.0,0.0,0.0,11.0
2021,17,SAPU Villa Alegre,23,0,0,1,22,0,4.0,0.0,5.0,0,3.0,5.0,1.0,5.0
2021,18,SAPU Villa Alegre,11,0,0,0,9,2,1.0,3.0,0.0,0,0.0,2.0,1.0,4.0
2021,19,SAPU Villa Alegre,12,1,0,1,10,0,1.0,0.0,0.0,0,3.0,0.0,0.0,8.0
2021,20,SAPU Villa Alegre,6,0,1,1,3,1,1.0,1.0,0.0,0,0.0,1.0,0.0,3.0
2021,21,SAPU Villa Alegre,8,0,0,1,6,1,1.0,2.0,1.0,0,0.0,0.0,0.0,4.0
2021,22,SAPU Villa Alegre,16,0,3,3,9,1,2.0,1.0,0.0,0,5.0,2.0,0.0,6.0
2021,23,SAPU Villa Alegre,12,0,2,0,9,1,3.0,0.0,0.0,0,3.0,1.0,0.0,5.0
2021,24,SAPU Villa Alegre,15,0,1,4,10,0,6.0,0.0,0.0,0,2.0,1.0,0.0,6.0
2021,25,SAPU Villa Alegre,23,1,4,4,13,1,3.0,3.0,0.0,0,4.0,1.0,0.0,12.0
2021,26,SAPU Villa Alegre,16,0,1,3,12,0,1.0,0.0,0.0,0,7.0,0.0,0.0,8.0
2021,27,SAPU Villa Alegre,20,0,1,4,14,1,3.0,2.0,0.0,0,1.0,0.0,0.0,14.0
2021,28,SAPU Villa Alegre,18,0,2,3,12,1,1.0,3.0,1.0,0,5.0,0.0,0.0,8.0
2021,29,SAPU Villa Alegre,24,1,3,5,13,2,4.0,3.0,0.0,0,6.0,0.0,0.0,11.0
2021,30,SAPU Villa Alegre,16,1,1,1,12,1,2.0,2.0,0.0,0,2.0,0.0,0.0,10.0
2021,31,SAPU Villa Alegre,26,0,2,3,19,2,3.0,1.0,0.0,0,4.0,0.0,0.0,18.0
2021,32,SAPU Villa Alegre,22,2,3,4,10,3,3.0,0.0,0.0,0,4.0,0.0,0.0,15.0
2021,33,SAPU Villa Alegre,24,0,2,3,18,1,0.0,1.0,0.0,0,2.0,3.0,0.0,18.0
2021,34,SAPU Villa Alegre,20,1,5,2,10,2,4.0,1.0,0.0,0,0.0,2.0,2.0,11.0
2021,35,SAPU Villa Alegre,32,2,4,5,18,3,4.0,0.0,0.0,0,0.0,6.0,1.0,21.0
2021,36,SAPU Villa Alegre,16,1,1,1,10,3,1.0,1.0,0.0,0,4.0,2.0,1.0,7.0
2021,37,SAPU Villa Alegre,17,2,5,2,6,2,3.0,0.0,0.0,0,0.0,0.0,0.0,14.0
2021,38,SAPU Villa Alegre,21,1,3,2,13,2,2.0,2.0,0.0,0,1.0,5.0,1.0,10.0
2021,39,SAPU Villa Alegre,21,2,2,3,12,2,2.0,0.0,0.0,0,3.0,0.0,1.0,15.0
2021,40,SAPU Villa Alegre,24,1,7,3,10,3,5.0,0.0,0.0,0,0.0,2.0,1.0,16.0
2021,41,SAPU Villa Alegre,22,1,4,2,13,2,4.0,1.0,0.0,0,0.0,1.0,0.0,16.0
2021,42,SAPU Villa Alegre,24,1,8,4,8,3,6.0,1.0,0.0,0,1.0,1.0,0.0,15.0
2021,43,SAPU Villa Alegre,29,4,9,3,11,2,3.0,1.0,0.0,0,3.0,2.0,1.0,19.0
2021,44,SAPU Villa Alegre,35,1,9,5,16,4,11.0,0.0,0.0,0,1.0,0.0,0.0,23.0
2021,45,SAPU Villa Alegre,37,2,5,6,21,3,9.0,3.0,0.0,0,0.0,0.0,0.0,25.0
2021,46,SAPU Villa Alegre,36,2,8,3,21,2,3.0,2.0,0.0,0,0.0,4.0,0.0,27.0
2021,47,SAPU Villa Alegre,59,1,20,10,26,2,6.0,4.0,0.0,0,4.0,5.0,0.0,40.0
2021,48,SAPU Villa Alegre,47,2,15,5,19,6,8.0,2.0,1.0,0,1.0,2.0,1.0,32.0
2021,49,SAPU Villa Alegre,34,1,4,4,18,7,5.0,3.0,0.0,0,0.0,8.0,2.0,16.0
2021,50,SAPU Villa Alegre,44,1,7,5,27,4,5.0,3.0,0.0,0,3.0,3.0,1.0,29.0
2021,51,SAPU Villa Alegre,24,0,2,5,14,3,2.0,2.0,0.0,0,0.0,1.0,0.0,19.0
2021,52,SAPU Villa Alegre,25,1,6,2,14,2,2.0,3.0,0.0,0,1.0,1.0,0.0,18.0
2021,53,SAPU Villa Alegre,1,0,0,0,1,0,0.0,0.0,0.0,0,0.0,0.0,0.0,1.0
2022,1,SAPU Villa Alegre,42,1,12,0,26,3,9.0,2.0,0.0,0,5.0,2.0,1.0,23.0
2022,2,SAPU Villa Alegre,27,2,3,4,14,4,4.0,1.0,0.0,0,3.0,1.0,0.0,18.0
2022,3,SAPU Villa Alegre,34,1,5,5,20,3,1.0,2.0,0.0,0,0.0,2.0,0.0,29.0
2022,4,SAPU Villa Alegre,21,0,1,5,13,2,2.0,0.0,1.0,0,0.0,0.0,0.0,18.0
2022,5,SAPU Villa Alegre,51,1,5,6,31,8,5.0,0.0,0.0,0,2.0,1.0,2.0,41.0
2022,6,SAPU Villa Alegre,28,0,1,6,15,6,1.0,1.0,1.0,0,2.0,1.0,1.0,21.0
2022,7,SAPU Villa Alegre,57,2,7,5,37,6,1.0,1.0,2.0,0,0.0,0.0,1.0,52.0
2022,8,SAPU Villa Alegre,23,1,2,4,15,1,0.0,1.0,1.0,0,2.0,0.0,0.0,19.0
2022,9,SAPU Villa Alegre,33,1,3,6,23,0,1.0,0.0,2.0,0,0.0,0.0,1.0,29.0
2022,10,SAPU Villa Alegre,31,1,4,8,16,2,0.0,1.0,1.0,0,0.0,3.0,0.0,26.0
2022,11,SAPU Villa Alegre,51,5,10,13,20,3,5.0,4.0,2.0,0,0.0,1.0,0.0,39.0
2022,12,SAPU Villa Alegre,48,4,11,11,21,1,7.0,1.0,0.0,0,0.0,2.0,0.0,38.0
2022,13,SAPU Villa Alegre,52,4,14,13,17,4,8.0,2.0,1.0,0,1.0,1.0,1.0,38.0
2022,14,SAPU Villa Alegre,59,4,16,16,20,3,13.0,2.0,0.0,0,2.0,1.0,0.0,41.0
2022,15,SAPU Villa Alegre,66,2,19,15,28,2,11.0,6.0,0.0,0,1.0,4.0,0.0,44.0
2022,16,SAPU Villa Alegre,91,4,24,31,26,6,8.0,3.0,0.0,0,0.0,0.0,0.0,80.0
2022,17,SAPU Villa Alegre,115,5,32,34,37,7,23.0,4.0,0.0,0,5.0,4.0,1.0,78.0
2022,18,SAPU Villa Alegre,119,3,19,43,49,5,19.0,6.0,0.0,0,6.0,3.0,0.0,85.0
2022,19,SAPU Villa Alegre,133,4,30,48,50,1,26.0,1.0,0.0,0,12.0,2.0,1.0,91.0
2022,20,SAPU Villa Alegre,124,4,23,46,42,9,22.0,2.0,0.0,0,22.0,0.0,1.0,77.0
2022,21,SAPU Villa Alegre,104,0,23,33,43,5,18.0,3.0,0.0,0,4.0,1.0,1.0,77.0
2022,22,SAPU Villa Alegre,114,6,24,36,42,6,14.0,2.0,0.0,0,4.0,1.0,4.0,89.0
2022,23,SAPU Villa Alegre,140,2,24,34,72,8,23.0,4.0,0.0,0,18.0,0.0,2.0,93.0
2022,24,SAPU Villa Alegre,149,4,19,42,71,13,28.0,3.0,2.0,0,14.0,5.0,0.0,97.0
2022,25,SAPU Villa Alegre,147,6,18,32,78,13,40.0,0.0,0.0,0,10.0,1.0,0.0,96.0
2022,26,SAPU Villa Alegre,136,7,12,20,89,8,12.0,6.0,0.0,0,0.0,4.0,0.0,114.0
2022,27,SAPU Villa Alegre,105,5,10,14,59,17,16.0,1.0,0.0,0,3.0,1.0,0.0,84.0
2022,28,SAPU Villa Alegre,80,3,7,12,53,5,11.0,2.0,0.0,0,2.0,3.0,1.0,61.0
2022,29,SAPU Villa Alegre,56,2,6,8,36,4,14.0,1.0,1.0,0,3.0,1.0,0.0,36.0
2022,30,SAPU Villa Alegre,74,1,7,9,48,9,11.0,3.0,2.0,0,4.0,4.0,1.0,49.0
2022,31,SAPU Villa Alegre,91,2,16,12,52,9,12.0,3.0,1.0,0,4.0,1.0,1.0,69.0
2022,32,SAPU Villa Alegre,122,1,25,41,52,3,10.0,2.0,0.0,0,11.0,1.0,0.0,98.0
2022,33,SAPU Villa Alegre,148,5,23,39,69,12,16.0,5.0,1.0,0,13.0,3.0,0.0,110.0
2022,34,SAPU Villa Alegre,136,7,19,37,71,2,21.0,2.0,0.0,0,6.0,2.0,1.0,104.0
2022,35,SAPU Villa Alegre,125,5,19,30,64,7,14.0,4.0,0.0,0,20.0,4.0,0.0,83.0
2022,36,SAPU Villa Alegre,120,4,20,27,53,16,22.0,2.0,0.0,0,5.0,2.0,1.0,88.0
2022,37,SAPU Villa Alegre,95,3,16,22,46,8,14.0,3.0,0.0,0,5.0,1.0,0.0,72.0
2022,38,SAPU Villa Alegre,119,2,23,26,53,15,16.0,3.0,0.0,0,4.0,4.0,0.0,92.0
2022,39,SAPU Villa Alegre,118,6,15,30,56,11,25.0,3.0,0.0,0,6.0,5.0,1.0,78.0
2022,40,SAPU Villa Alegre,105,4,21,24,49,7,19.0,4.0,0.0,0,5.0,2.0,2.0,73.0
2022,41,SAPU Villa Alegre,154,6,30,40,69,9,22.0,3.0,0.0,0,5.0,3.0,3.0,118.0
2022,42,SAPU Villa Alegre,156,5,26,50,61,14,19.0,4.0,0.0,0,15.0,2.0,1.0,115.0
2022,43,SAPU Villa Alegre,167,3,28,48,70,18,12.0,3.0,1.0,0,13.0,6.0,1.0,131.0
2022,44,SAPU Villa Alegre,229,8,24,77,100,20,32.0,3.0,1.0,0,24.0,0.0,1.0,168.0
2022,45,SAPU Villa Alegre,184,6,19,61,88,10,15.0,1.0,0.0,0,24.0,5.0,0.0,139.0
2022,46,SAPU Villa Alegre,200,3,20,63,91,23,20.0,6.0,0.0,0,10.0,3.0,2.0,159.0
2022,47,SAPU Villa Alegre,197,3,24,70,89,11,27.0,4.0,1.0,0,31.0,0.0,0.0,134.0
2022,48,SAPU Villa Alegre,169,5,25,47,83,9,29.0,4.0,0.0,0,6.0,5.0,3.0,122.0
2022,49,SAPU Villa Alegre,120,5,13,26,64,12,14.0,4.0,0.0,0,14.0,1.0,1.0,86.0
2022,50,SAPU Villa Alegre,120,6,14,26,69,5,15.0,4.0,0.0,0,3.0,7.0,0.0,91.0
2022,51,SAPU Villa Alegre,87,5,20,13,40,9,14.0,1.0,0.0,0,7.0,4.0,1.0,60.0
2022,52,SAPU Villa Alegre,78,4,13,5,48,8,5.0,2.0,0.0,0,8.0,5.0,1.0,57.0
2023,1,SAPU Villa Alegre,55,1,5,7,39,3,4.0,1.0,0.0,0,2.0,1.0,0.0,47.0
2023,2,SAPU Villa Alegre,78,3,5,9,49,12,4.0,2.0,0.0,0,6.0,3.0,0.0,63.0
2023,3,SAPU Villa Alegre,53,4,7,8,28,6,9.0,1.0,1.0,0,2.0,3.0,0.0,37.0
2023,4,SAPU Villa Alegre,40,2,4,4,23,7,5.0,2.0,0.0,0,0.0,4.0,1.0,28.0
2023,5,SAPU Villa Alegre,30,0,5,5,17,3,4.0,0.0,2.0,0,0.0,0.0,0.0,24.0
2023,6,SAPU Villa Alegre,51,2,3,2,30,14,5.0,3.0,0.0,0,2.0,2.0,1.0,38.0
2023,7,SAPU Villa Alegre,26,1,2,6,14,3,0.0,2.0,0.0,0,3.0,0.0,0.0,21.0
2023,8,SAPU Villa Alegre,48,2,3,6,33,4,3.0,1.0,0.0,0,2.0,1.0,0.0,41.0
2023,9,SAPU Villa Alegre,52,3,6,1,37,5,3.0,0.0,0.0,0,2.0,1.0,2.0,44.0
2023,10,SAPU Villa Alegre,85,0,11,23,42,9,1.0,4.0,0.0,0,7.0,4.0,1.0,68.0
2023,11,SAPU Villa Alegre,139,2,15,50,65,7,13.0,5.0,1.0,0,5.0,3.0,3.0,109.0
2023,12,SAPU Villa Alegre,141,4,28,35,60,14,15.0,5.0,0.0,0,6.0,2.0,0.0,113.0
2023,13,SAPU Villa Alegre,145,5,33,39,59,9,18.0,4.0,0.0,0,13.0,2.0,0.0,108.0
2023,14,SAPU Villa Alegre,104,5,25,22,43,9,9.0,1.0,0.0,0,1.0,3.0,1.0,89.0
2023,15,SAPU Villa Alegre,136,8,16,44,61,7,16.0,3.0,0.0,0,8.0,0.0,1.0,108.0
2023,16,SAPU Villa Alegre,148,8,28,52,52,8,18.0,10.0,0.0,0,7.0,1.0,2.0,110.0
2023,17,SAPU Villa Alegre,176,9,46,75,43,3,22.0,4.0,0.0,0,11.0,1.0,0.0,138.0
2023,18,SAPU Villa Alegre,244,11,62,79,85,7,20.0,4.0,0.0,0,0.0,4.0,2.0,214.0
2023,19,SAPU Villa Alegre,232,5,42,73,103,9,28.0,7.0,0.0,0,24.0,5.0,5.0,163.0
2023,20,SAPU Villa Alegre,220,7,30,70,95,18,30.0,5.0,0.0,0,13.0,1.0,2.0,169.0
2023,21,SAPU Villa Alegre,165,4,20,50,81,10,15.0,3.0,0.0,0,28.0,2.0,4.0,113.0
2023,22,SAPU Villa Alegre,189,6,19,52,94,18,17.0,5.0,0.0,0,14.0,1.0,7.0,145.0
2023,23,SAPU Villa Alegre,151,6,10,16,104,15,14.0,3.0,0.0,0,19.0,3.0,2.0,110.0
2023,24,SAPU Villa Alegre,145,3,16,38,79,9,18.0,6.0,0.0,0,19.0,0.0,1.0,101.0
2023,25,SAPU Villa Alegre,116,1,15,20,68,12,13.0,5.0,0.0,0,6.0,2.0,1.0,89.0
2023,26,SAPU Villa Alegre,116,4,14,25,62,11,16.0,3.0,0.0,0,4.0,4.0,3.0,86.0
2023,27,SAPU Villa Alegre,71,3,8,14,39,7,12.0,1.0,0.0,0,8.0,0.0,0.0,50.0
2023,28,SAPU Villa Alegre,60,4,5,8,34,9,10.0,3.0,0.0,0,1.0,4.0,0.0,42.0
2023,29,SAPU Villa Alegre,79,0,8,20,40,11,10.0,1.0,0.0,0,8.0,1.0,5.0,54.0
2023,30,SAPU Villa Alegre,84,2,7,20,48,7,10.0,8.0,0.0,0,2.0,2.0,3.0,59.0
2023,31,SAPU Villa Alegre,128,1,19,40,59,9,20.0,3.0,0.0,0,3.0,3.0,0.0,99.0
2023,32,SAPU Villa Alegre,166,4,26,44,79,13,30.0,5.0,0.0,0,12.0,2.0,4.0,113.0
2023,33,SAPU Villa Alegre,147,3,15,39,80,10,27.0,2.0,0.0,0,5.0,3.0,2.0,108.0
2023,34,SAPU Villa Alegre,183,5,19,55,95,9,26.0,4.0,0.0,0,7.0,7.0,4.0,135.0
2023,35,SAPU Villa Alegre,171,6,24,49,83,9,34.0,3.0,0.0,0,15.0,1.0,0.0,118.0
2023,36,SAPU Villa Alegre,172,2,18,43,92,17,20.0,6.0,0.0,0,8.0,5.0,4.0,129.0
2023,37,SAPU Villa Alegre,179,4,18,50,94,13,33.0,4.0,0.0,0,9.0,2.0,2.0,129.0
2023,38,SAPU Villa Alegre,229,11,45,46,108,19,52.0,10.0,0.0,0,2.0,2.0,3.0,160.0
2023,39,SAPU Villa Alegre,185,5,15,26,109,30,26.0,8.0,0.0,0,41.0,1.0,5.0,104.0
2023,40,SAPU Villa Alegre,150,6,18,35,81,10,19.0,5.0,0.0,0,3.0,5.0,0.0,118.0
2023,41,SAPU Villa Alegre,197,6,18,54,100,19,22.0,4.0,0.0,0,9.0,2.0,0.0,160.0
2023,42,SAPU Villa Alegre,194,9,18,33,118,16,19.0,3.0,0.0,0,1.0,5.0,2.0,164.0
2023,43,SAPU Villa Alegre,214,1,27,52,118,16,23.0,2.0,0.0,0,20.0,3.0,3.0,163.0
2023,44,SAPU Villa Alegre,177,4,17,40,94,22,26.0,5.0,0.0,0,11.0,2.0,1.0,132.0
2023,45,SAPU Villa Alegre,142,3,14,36,73,16,12.0,1.0,0.0,0,14.0,3.0,2.0,110.0
2023,46,SAPU Villa Alegre,164,3,12,37,102,10,13.0,1.0,0.0,0,13.0,2.0,3.0,132.0
2023,47,SAPU Villa Alegre,147,2,14,28,80,23,22.0,2.0,0.0,0,20.0,4.0,1.0,98.0
2023,48,SAPU Villa Alegre,134,2,16,31,75,10,24.0,0.0,1.0,0,8.0,1.0,2.0,98.0
2023,49,SAPU Villa Alegre,137,2,21,31,70,13,18.0,5.0,0.0,0,2.0,2.0,0.0,110.0
2023,50,SAPU Villa Alegre,122,3,12,19,72,16,11.0,3.0,0.0,0,4.0,5.0,0.0,99.0
2023,51,SAPU Villa Alegre,118,3,11,25,66,13,15.0,1.0,0.0,0,11.0,2.0,2.0,87.0
2023,52,SAPU Villa Alegre,82,3,6,10,48,15,10.0,5.0,0.0,0,2.0,0.0,1.0,64.0
2024,1,SAPU Villa Alegre,95,2,4,7,67,15,4.0,4.0,0.0,0,8.0,10.0,2.0,67.0
2024,2,SAPU Villa Alegre,66,0,10,7,42,7,8.0,1.0,1.0,0,7.0,4.0,0.0,45.0
2024,3,SAPU Villa Alegre,52,0,4,4,36,8,6.0,2.0,0.0,0,3.0,1.0,1.0,39.0
2024,4,SAPU Villa Alegre,47,0,1,7,35,4,3.0,0.0,0.0,0,7.0,2.0,1.0,34.0
2024,5,SAPU Villa Alegre,51,4,4,5,34,4,0.0,2.0,0.0,0,2.0,1.0,0.0,46.0
2024,6,SAPU Villa Alegre,55,2,2,6,40,5,1.0,2.0,0.0,0,6.0,3.0,0.0,43.0
2024,7,SAPU Villa Alegre,48,0,0,4,37,7,5.0,0.0,0.0,0,0.0,3.0,2.0,38.0
2024,8,SAPU Villa Alegre,70,0,11,8,45,6,2.0,0.0,0.0,0,1.0,1.0,0.0,66.0
2024,9,SAPU Villa Alegre,77,1,6,8,50,12,4.0,0.0,0.0,0,6.0,2.0,0.0,65.0
2024,10,SAPU Villa Alegre,73,1,7,5,50,10,8.0,4.0,0.0,0,2.0,2.0,0.0,57.0
2024,11,SAPU Villa Alegre,110,5,11,22,59,13,9.0,4.0,1.0,0,0.0,1.0,0.0,95.0
2024,12,SAPU Villa Alegre,162,4,15,49,81,13,9.0,9.0,0.0,0,1.0,0.0,1.0,142.0
2024,13,SAPU Villa Alegre,129,2,10,47,60,10,13.0,5.0,0.0,0,10.0,3.0,0.0,98.0
2024,14,SAPU Villa Alegre,85,2,10,25,43,5,11.0,2.0,0.0,0,2.0,4.0,3.0,63.0
2024,15,SAPU Villa Alegre,152,4,16,52,74,6,16.0,2.0,0.0,0,11.0,3.0,0.0,120.0
2024,16,SAPU Villa Alegre,162,1,19,52,83,7,10.0,3.0,0.0,0,0.0,3.0,1.0,145.0
2024,17,SAPU Villa Alegre,185,3,17,60,91,14,18.0,8.0,0.0,0,1.0,1.0,3.0,154.0
2024,18,SAPU Villa Alegre,204,2,11,64,112,15,23.0,1.0,0.0,0,24.0,2.0,0.0,154.0
2024,19,SAPU Villa Alegre,193,2,18,35,121,17,21.0,1.0,0.0,0,16.0,0.0,2.0,153.0
2024,20,SAPU Villa Alegre,195,4,19,48,106,18,14.0,12.0,0.0,0,16.0,0.0,3.0,150.0
2024,21,SAPU Villa Alegre,163,1,14,31,102,15,12.0,3.0,0.0,0,17.0,3.0,3.0,125.0
2024,22,SAPU Villa Alegre,160,3,21,22,100,14,17.0,5.0,0.0,0,6.0,5.0,4.0,123.0
2024,23,SAPU Villa Alegre,97,2,6,13,62,14,11.0,4.0,0.0,0,11.0,2.0,1.0,68.0
2024,24,SAPU Villa Alegre,103,2,15,18,58,10,9.0,4.0,0.0,0,4.0,1.0,1.0,84.0
2024,25,SAPU Villa Alegre,80,1,13,16,43,7,8.0,3.0,0.0,0,1.0,1.0,0.0,67.0
2024,26,SAPU Villa Alegre,68,3,11,8,36,10,8.0,1.0,0.0,0,7.0,0.0,1.0,51.0
2024,27,SAPU Villa Alegre,58,0,5,9,42,2,8.0,3.0,0.0,0,4.0,2.0,0.0,41.0
2024,28,SAPU Villa Alegre,51,1,3,13,29,5,7.0,1.0,0.0,0,6.0,0.0,0.0,37.0
2024,29,SAPU Villa Alegre,73,1,13,10,42,7,8.0,5.0,0.0,0,2.0,1.0,2.0,55.0
2024,30,SAPU Villa Alegre,114,1,21,28,58,6,11.0,4.0,0.0,0,4.0,2.0,1.0,92.0
2024,31,SAPU Villa Alegre,101,4,11,30,46,10,9.0,6.0,0.0,0,5.0,1.0,2.0,78.0
2024,32,SAPU Villa Alegre,124,7,20,26,59,12,15.0,4.0,0.0,0,0.0,2.0,2.0,101.0
2024,33,SAPU Villa Alegre,148,5,21,27,86,9,26.0,4.0,0.0,0,13.0,5.0,2.0,98.0
2024,34,SAPU Villa Alegre,138,2,26,36,67,7,17.0,5.0,0.0,0,2.0,2.0,5.0,107.0
2024,35,SAPU Villa Alegre,148,2,15,38,76,17,18.0,9.0,0.0,0,0.0,5.0,2.0,114.0
2024,36,SAPU Villa Alegre,148,5,20,32,71,20,22.0,2.0,0.0,0,5.0,1.0,0.0,118.0
2024,37,SAPU Villa Alegre,159,3,29,41,76,10,25.0,4.0,0.0,0,4.0,0.0,3.0,123.0
2024,38,SAPU Villa Alegre,166,1,19,41,90,15,10.0,7.0,0.0,0,0.0,1.0,6.0,142.0
2024,39,SAPU Villa Alegre,162,6,6,33,97,20,39.0,6.0,0.0,0,13.0,4.0,0.0,100.0
2024,40,SAPU Villa Alegre,121,2,5,26,71,17,24.0,4.0,0.0,0,4.0,1.0,0.0,88.0
2024,41,SAPU Villa Alegre,137,5,15,36,66,15,25.0,3.0,0.0,0,3.0,3.0,3.0,100.0
2024,42,SAPU Villa Alegre,137,3,9,39,76,10,24.0,7.0,0.0,0,8.0,2.0,0.0,96.0
2024,43,SAPU Villa Alegre,173,1,24,38,93,17,27.0,2.0,0.0,0,4.0,1.0,1.0,138.0
2024,44,SAPU Villa Alegre,167,5,15,37,91,19,30.0,2.0,0.0,0,9.0,1.0,0.0,125.0
2024,45,SAPU Villa Alegre,124,6,12,23,69,14,25.0,4.0,0.0,0,3.0,1.0,1.0,90.0
2024,46,SAPU Villa Alegre,147,3,9,32,88,15,20.0,2.0,0.0,0,5.0,8.0,1.0,111.0
2024,47,SAPU Villa Alegre,158,8,17,32,86,15,22.0,3.0,1.0,0,17.0,7.0,2.0,106.0
2024,48,SAPU Villa Alegre,164,4,17,40,88,15,23.0,4.0,0.0,0,10.0,7.0,6.0,114.0
2024,49,SAPU Villa Alegre,166,3,14,35,97,17,19.0,5.0,0.0,0,10.0,7.0,2.0,123.0
2024,50,SAPU Villa Alegre,133,1,10,10,96,16,20.0,7.0,0.0,0,9.0,8.0,2.0,87.0
2024,51,SAPU Villa Alegre,126,2,12,23,79,10,20.0,2.0,0.0,0,2.0,5.0,0.0,97.0
2024,52,SAPU Villa Alegre,121,1,8,22,76,14,13.0,3.0,0.0,0,7.0,4.0,2.0,92.0
2025,1,SAPU Villa Alegre,47,1,1,6,31,8,9.0,3.0,0.0,0,8.0,1.0,0.0,26.0
2025,2,SAPU Villa Alegre,70,2,3,7,47,11,5.0,1.0,0.0,0,4.0,3.0,1.0,56.0
2025,3,SAPU Villa Alegre,49,1,3,5,34,6,4.0,1.0,0.0,0,2.0,5.0,0.0,37.0
2025,4,SAPU Villa Alegre,32,0,1,4,16,11,3.0,2.0,0.0,0,2.0,1.0,1.0,23.0
2025,5,SAPU Villa Alegre,40,0,2,6,31,1,2.0,2.0,0.0,0,2.0,2.0,0.0,32.0
2025,6,SAPU Villa Alegre,46,0,1,4,35,6,1.0,2.0,0.0,0,3.0,2.0,0.0,38.0
2025,7,SAPU Villa Alegre,42,0,1,6,29,6,4.0,1.0,0.0,0,4.0,1.0,0.0,32.0
2025,8,SAPU Villa Alegre,38,0,2,3,25,8,2.0,2.0,0.0,0,0.0,1.0,1.0,32.0
2025,9,SAPU Villa Alegre,30,0,3,3,17,7,2.0,0.0,0.0,0,0.0,1.0,1.0,26.0
2025,10,SAPU Villa Alegre,55,1,4,7,37,6,6.0,1.0,0.0,0,1.0,1.0,0.0,46.0
2025,11,SAPU Villa Alegre,91,1,12,27,44,7,8.0,3.0,0.0,0,6.0,1.0,0.0,73.0
2025,12,SAPU Villa Alegre,151,4,24,35,78,10,13.0,3.0,0.0,0,6.0,5.0,1.0,123.0
2025,13,SAPU Villa Alegre,146,3,13,25,96,9,15.0,3.0,0.0,0,15.0,3.0,1.0,109.0
2025,14,SAPU Villa Alegre,109,2,12,25,65,5,5.0,3.0,0.0,0,6.0,5.0,0.0,90.0
2025,15,SAPU Villa Alegre,112,0,7,30,66,9,8.0,0.0,0.0,0,6.0,2.0,0.0,96.0
2025,16,SAPU Villa Alegre,126,3,11,35,63,14,21.0,2.0,0.0,0,13.0,6.0,0.0,84.0
2025,17,SAPU Villa Alegre,137,2,15,32,69,19,15.0,10.0,0.0,0,8.0,2.0,1.0,101.0
2025,18,SAPU Villa Alegre,178,1,24,42,94,17,34.0,2.0,0.0,0,22.0,0.0,2.0,118.0
2025,19,SAPU Villa Alegre,154,4,18,30,85,17,27.0,3.0,0.0,0,8.0,1.0,1.0,114.0
2025,20,SAPU Villa Alegre,186,1,17,43,108,17,29.0,6.0,0.0,0,26.0,0.0,0.0,125.0
2025,21,SAPU Villa Alegre,176,0,15,45,106,10,20.0,1.0,0.0,0,7.0,2.0,2.0,144.0
2025,22,SAPU Villa Alegre,158,3,18,36,90,11,23.0,2.0,0.0,0,7.0,1.0,3.0,122.0
2025,23,SAPU Villa Alegre,158,2,12,31,93,20,18.0,2.0,0.0,0,14.0,3.0,1.0,120.0
2025,24,SAPU Villa Alegre,169,0,16,44,101,8,13.0,4.0,0.0,0,6.0,2.0,2.0,142.0
2025,25,SAPU Villa Alegre,134,2,13,24,86,9,24.0,5.0,0.0,0,15.0,1.0,2.0,87.0
2025,26,SAPU Villa Alegre,101,0,15,15,59,12,18.0,3.0,0.0,0,9.0,1.0,1.0,69.0
2025,27,SAPU Villa Alegre,84,1,0,12,59,12,9.0,3.0,0.0,0,5.0,3.0,5.0,59.0
2025,28,SAPU Villa Alegre,109,2,11,25,59,12,17.0,1.0,0.0,0,13.0,0.0,2.0,76.0
2025,29,SAPU Villa Alegre,135,3,14,34,75,9,17.0,3.0,0.0,0,6.0,1.0,5.0,103.0
2025,30,SAPU Villa Alegre,183,3,20,59,84,17,19.0,6.0,0.0,0,8.0,3.0,1.0,146.0
2025,31,SAPU Villa Alegre,194,2,27,70,89,6,39.0,6.0,0.0,0,6.0,3.0,1.0,139.0
2025,32,SAPU Villa Alegre,190,2,18,58,103,9,25.0,5.0,0.0,0,17.0,2.0,2.0,139.0
2025,33,SAPU Villa Alegre,216,5,31,49,107,24,39.0,3.0,0.0,0,22.0,6.0,0.0,146.0
2025,34,SAPU Villa Alegre,196,3,30,52,94,17,19.0,4.0,0.0,0,8.0,5.0,2.0,158.0
2025,35,SAPU Villa Alegre,198,4,24,67,91,12,26.0,2.0,0.0,0,4.0,9.0,2.0,155.0
2025,36,SAPU Villa Alegre,185,4,13,47,96,25,33.0,4.0,0.0,0,15.0,2.0,3.0,128.0
2025,37,SAPU Villa Alegre,175,3,19,36,92,25,23.0,1.0,0.0,0,7.0,3.0,3.0,138.0
2025,38,SAPU Villa Alegre,158,3,11,28,100,16,19.0,3.0,0.0,0,14.0,3.0,2.0,117.0
2025,39,SAPU Villa Alegre,158,3,15,28,94,18,23.0,3.0,0.0,0,8.0,3.0,8.0,113.0
2025,40,SAPU Villa Alegre,149,6,15,28,81,19,30.0,2.0,0.0,0,9.0,7.0,0.0,101.0
2025,41,SAPU Villa Alegre,124,2,13,28,74,7,29.0,2.0,0.0,0,13.0,0.0,1.0,79.0
2025,42,SAPU Villa Alegre,166,0,19,44,93,10,26.0,1.0,0.0,0,16.0,3.0,4.0,116.0
2025,43,SAPU Villa Alegre,145,6,13,27,82,17,18.0,4.0,0.0,0,14.0,5.0,1.0,103.0
2025,44,SAPU Villa Alegre,168,5,17,30,97,19,5.0,8.0,0.0,0,7.0,5.0,2.0,141.0
2025,45,SAPU Villa Alegre,142,4,9,26,78,25,13.0,3.0,0.0,0,10.0,3.0,4.0,109.0
2025,46,SAPU Villa Alegre,120,2,8,28,69,13,15.0,1.0,0.0,0,3.0,5.0,1.0,95.0
2025,47,SAPU Villa Alegre,135,6,10,22,89,8,15.0,1.0,0.0,0,13.0,3.0,0.0,103.0
2025,48,SAPU Villa Alegre,107,2,13,19,60,13,18.0,3.0,0.0,0,2.0,4.0,0.0,80.0
2025,49,SAPU Villa Alegre,112,1,16,21,61,13,16.0,4.0,0.0,0,11.0,5.0,0.0,76.0
2025,50,SAPU Villa Alegre,141,1,11,28,75,26,20.0,1.0,0.0,0,4.0,8.0,2.0,106.0
2025,51,SAPU Villa Alegre,115,1,10,15,77,12,9.0,1.0,0.0,0,6.0,4.0,1.0,94.0
2025,52,SAPU Villa Alegre,88,1,10,9,57,11,18.0,0.0,0.0,0,19.0,0.0,2.0,49.0
2025,53,SAPU Villa Alegre,49,3,4,2,34,6,1.0,1.0,0.0,0,6.0,0.0,2.0,39.0
2026,1,SAPU Villa Alegre,57,0,3,7,38,9,1.0,2.0,0.0,0,3.0,4.0,1.0,46.0
2026,2,SAPU Villa Alegre,40,1,5,5,24,5,5.0,2.0,0.0,0,4.0,1.0,0.0,28.0
2026,3,SAPU Villa Alegre,56,2,4,9,31,10,3.0,4.0,0.0,0,5.0,5.0,0.0,39.0
2026,4,SAPU Villa Alegre,43,1,4,8,25,5,2.0,2.0,0.0,0,2.0,1.0,2.0,34.0
2026,5,SAPU Villa Alegre,45,0,1,8,32,4,3.0,3.0,0.0,0,0.0,3.0,0.0,36.0
2026,6,SAPU Villa Alegre,37,2,5,4,20,6,2.0,2.0,0.0,0,0.0,2.0,0.0,31.0
2026,7,SAPU Villa Alegre,46,0,1,4,35,6,10.0,4.0,0.0,0,3.0,1.0,0.0,28.0
2026,8,SAPU Villa Alegre,49,1,5,4,31,8,2.0,2.0,0.0,0,3.0,0.0,0.0,42.0
2026,9,SAPU Villa Alegre,53,2,4,9,28,10,7.0,2.0,0.0,0,4.0,0.0,0.0,40.0
2026,53,SAPU Villa Alegre,27,0,1,1,19,6,2.0,1.0,0.0,0,6.0,1.0,1.0,16.0
2020,38,SAR Conun Huenu,33,0,4,6,19,4,1.0,3.0,0.0,0,3.0,7.0,1.0,18.0
2020,39,SAR Conun Huenu,48,2,4,2,36,4,2.0,6.0,1.0,0,6.0,10.0,0.0,23.0
2020,40,SAR Conun Huenu,49,1,4,7,31,6,2.0,5.0,4.0,0,0.0,10.0,1.0,27.0
2020,41,SAR Conun Huenu,45,5,2,4,29,5,6.0,4.0,1.0,0,0.0,7.0,2.0,25.0
2020,42,SAR Conun Huenu,44,1,7,1,30,5,4.0,4.0,2.0,0,0.0,7.0,1.0,26.0
2020,43,SAR Conun Huenu,64,1,1,8,45,9,6.0,6.0,4.0,0,5.0,6.0,1.0,36.0
2020,44,SAR Conun Huenu,18,1,2,1,11,3,1.0,1.0,2.0,0,1.0,1.0,1.0,11.0
2020,45,SAR Conun Huenu,8,0,0,1,6,1,0.0,4.0,0.0,0,0.0,0.0,0.0,4.0
2020,46,SAR Conun Huenu,21,2,0,2,12,5,2.0,5.0,5.0,0,0.0,3.0,0.0,6.0
2020,47,SAR Conun Huenu,41,2,5,2,20,12,1.0,10.0,1.0,0,2.0,4.0,1.0,22.0
2020,48,SAR Conun Huenu,36,1,3,10,19,3,2.0,5.0,0.0,0,0.0,4.0,0.0,25.0
2020,49,SAR Conun Huenu,36,3,4,7,18,4,3.0,6.0,0.0,0,2.0,4.0,3.0,18.0
2020,50,SAR Conun Huenu,43,2,5,6,29,1,5.0,4.0,2.0,0,1.0,3.0,1.0,27.0
2020,51,SAR Conun Huenu,38,3,2,2,24,7,5.0,6.0,6.0,0,0.0,4.0,2.0,15.0
2020,52,SAR Conun Huenu,55,5,12,9,27,2,2.0,3.0,0.0,0,0.0,4.0,1.0,45.0
2020,53,SAR Conun Huenu,48,4,10,4,26,4,5.0,1.0,0.0,0,0.0,7.0,3.0,32.0
2021,1,SAR Conun Huenu,49,2,10,4,26,7,4.0,1.0,0.0,0,3.0,7.0,2.0,32.0
2021,2,SAR Conun Huenu,55,4,13,6,25,7,2.0,5.0,1.0,0,0.0,6.0,2.0,39.0
2021,3,SAR Conun Huenu,50,4,4,7,30,5,5.0,4.0,1.0,0,1.0,7.0,3.0,29.0
2021,4,SAR Conun Huenu,53,4,5,7,33,4,4.0,4.0,0.0,0,2.0,7.0,1.0,35.0
2021,5,SAR Conun Huenu,50,1,7,9,27,6,3.0,5.0,2.0,0,0.0,6.0,2.0,32.0
2021,6,SAR Conun Huenu,56,6,9,7,27,7,6.0,4.0,2.0,0,0.0,5.0,4.0,35.0
2021,7,SAR Conun Huenu,62,4,8,9,39,2,2.0,4.0,0.0,0,0.0,7.0,1.0,48.0
2021,8,SAR Conun Huenu,70,6,11,13,35,5,6.0,7.0,1.0,0,3.0,5.0,1.0,47.0
2021,9,SAR Conun Huenu,45,2,12,11,20,0,3.0,4.0,0.0,0,1.0,3.0,0.0,34.0
2021,10,SAR Conun Huenu,90,7,16,11,49,7,10.0,10.0,1.0,0,2.0,1.0,1.0,65.0
2021,11,SAR Conun Huenu,90,6,8,9,55,12,5.0,8.0,14.0,0,0.0,2.0,8.0,53.0
2021,12,SAR Conun Huenu,144,4,4,10,118,8,9.0,7.0,49.0,0,3.0,6.0,0.0,70.0
2021,13,SAR Conun Huenu,126,3,5,10,90,18,4.0,7.0,47.0,0,0.0,8.0,5.0,55.0
2021,14,SAR Conun Huenu,109,2,4,12,77,14,3.0,6.0,35.0,0,3.0,2.0,2.0,58.0
2021,15,SAR Conun Huenu,108,0,2,18,78,10,4.0,4.0,45.0,0,1.0,3.0,6.0,45.0
2021,16,SAR Conun Huenu,94,1,3,7,75,8,3.0,3.0,44.0,0,4.0,2.0,2.0,36.0
2021,17,SAR Conun Huenu,102,1,8,5,78,10,2.0,3.0,45.0,0,2.0,3.0,7.0,40.0
2021,18,SAR Conun Huenu,91,0,1,10,72,8,1.0,4.0,41.0,0,0.0,0.0,0.0,45.0
2021,19,SAR Conun Huenu,90,0,5,12,65,8,2.0,5.0,41.0,0,0.0,2.0,2.0,38.0
2021,20,SAR Conun Huenu,103,4,9,12,68,10,4.0,1.0,26.0,0,0.0,7.0,7.0,58.0
2021,21,SAR Conun Huenu,132,5,9,15,93,10,5.0,7.0,42.0,0,1.0,0.0,7.0,70.0
2021,22,SAR Conun Huenu,105,3,9,9,72,12,3.0,4.0,24.0,0,0.0,3.0,0.0,71.0
2021,23,SAR Conun Huenu,88,1,6,8,66,7,7.0,5.0,12.0,0,2.0,0.0,0.0,62.0
2021,24,SAR Conun Huenu,118,6,14,9,83,6,4.0,6.0,20.0,0,3.0,2.0,3.0,80.0
2021,25,SAR Conun Huenu,141,3,13,15,104,6,7.0,9.0,20.0,0,0.0,4.0,1.0,100.0
2021,26,SAR Conun Huenu,151,4,12,29,96,10,6.0,5.0,17.0,0,0.0,7.0,6.0,110.0
2021,27,SAR Conun Huenu,111,3,5,20,74,9,6.0,3.0,6.0,0,3.0,6.0,6.0,81.0
2021,28,SAR Conun Huenu,127,1,10,17,87,12,3.0,8.0,9.0,0,7.0,3.0,3.0,94.0
2021,29,SAR Conun Huenu,140,3,15,16,91,15,7.0,15.0,15.0,0,0.0,2.0,6.0,95.0
2021,30,SAR Conun Huenu,131,5,7,20,96,3,8.0,6.0,13.0,0,0.0,3.0,1.0,100.0
2021,31,SAR Conun Huenu,104,1,7,9,77,10,9.0,14.0,1.0,0,0.0,3.0,3.0,74.0
2021,32,SAR Conun Huenu,122,3,17,19,73,10,5.0,8.0,1.0,0,0.0,3.0,4.0,101.0
2021,33,SAR Conun Huenu,123,1,15,24,77,6,8.0,11.0,1.0,0,0.0,8.0,1.0,94.0
2021,34,SAR Conun Huenu,83,6,13,16,42,6,3.0,2.0,1.0,0,0.0,1.0,2.0,74.0
2021,35,SAR Conun Huenu,100,4,15,16,58,7,10.0,8.0,1.0,0,1.0,10.0,1.0,69.0
2021,36,SAR Conun Huenu,114,1,16,11,72,14,8.0,13.0,2.0,0,1.0,3.0,5.0,82.0
2021,37,SAR Conun Huenu,94,8,21,13,44,8,8.0,6.0,0.0,0,0.0,1.0,4.0,75.0
2021,38,SAR Conun Huenu,132,8,20,20,67,17,11.0,13.0,2.0,0,0.0,4.0,6.0,96.0
2021,39,SAR Conun Huenu,127,3,27,13,74,10,9.0,10.0,1.0,0,0.0,4.0,1.0,102.0
2021,40,SAR Conun Huenu,135,4,36,18,71,6,11.0,10.0,2.0,0,0.0,7.0,2.0,103.0
2021,41,SAR Conun Huenu,115,5,31,13,57,9,10.0,10.0,3.0,0,0.0,7.0,0.0,85.0
2021,42,SAR Conun Huenu,164,9,33,23,85,14,12.0,13.0,1.0,0,3.0,9.0,3.0,123.0
2021,43,SAR Conun Huenu,169,5,44,29,78,13,9.0,9.0,10.0,0,0.0,10.0,5.0,126.0
2021,44,SAR Conun Huenu,168,14,26,20,92,16,16.0,12.0,4.0,0,0.0,6.0,3.0,127.0
2021,45,SAR Conun Huenu,164,6,35,24,90,9,9.0,12.0,4.0,0,0.0,4.0,2.0,133.0
2021,46,SAR Conun Huenu,193,11,50,14,107,11,15.0,11.0,9.0,0,1.0,4.0,2.0,151.0
2021,47,SAR Conun Huenu,217,7,46,26,126,12,10.0,8.0,10.0,0,2.0,9.0,4.0,174.0
2021,48,SAR Conun Huenu,253,11,54,41,128,19,11.0,10.0,13.0,0,0.0,8.0,6.0,205.0
2021,49,SAR Conun Huenu,207,11,51,35,93,17,17.0,13.0,14.0,0,0.0,8.0,2.0,153.0
2021,50,SAR Conun Huenu,255,11,51,28,145,20,21.0,13.0,18.0,0,1.0,8.0,6.0,188.0
2021,51,SAR Conun Huenu,182,4,39,21,99,19,26.0,14.0,4.0,0,0.0,8.0,2.0,128.0
2021,52,SAR Conun Huenu,151,8,33,16,79,15,11.0,10.0,9.0,0,0.0,5.0,5.0,111.0
2021,53,SAR Conun Huenu,13,1,3,2,6,1,1.0,1.0,0.0,0,0.0,1.0,0.0,10.0
2022,1,SAR Conun Huenu,201,13,28,24,113,23,24.0,6.0,25.0,0,0.0,6.0,8.0,132.0
2022,2,SAR Conun Huenu,204,11,24,26,121,22,18.0,10.0,17.0,0,2.0,4.0,6.0,147.0
2022,3,SAR Conun Huenu,274,8,27,32,184,23,16.0,7.0,85.0,0,0.0,8.0,2.0,156.0
2022,4,SAR Conun Huenu,325,5,22,33,237,28,19.0,6.0,182.0,0,1.0,2.0,4.0,111.0
2022,5,SAR Conun Huenu,236,10,15,35,157,19,6.0,1.0,127.0,0,0.0,2.0,2.0,98.0
2022,6,SAR Conun Huenu,340,4,28,42,232,34,5.0,5.0,147.0,0,0.0,5.0,3.0,175.0
2022,7,SAR Conun Huenu,296,1,42,46,177,30,11.0,12.0,69.0,0,23.0,2.0,4.0,175.0
2022,8,SAR Conun Huenu,266,5,28,31,176,26,9.0,4.0,94.0,0,20.0,5.0,5.0,129.0
2022,9,SAR Conun Huenu,220,1,18,41,144,16,13.0,6.0,87.0,0,8.0,3.0,1.0,102.0
2022,10,SAR Conun Huenu,176,6,22,59,79,10,14.0,2.0,45.0,0,1.0,1.0,1.0,112.0
2022,11,SAR Conun Huenu,282,8,49,116,101,8,20.0,9.0,24.0,0,22.0,1.0,2.0,204.0
2022,12,SAR Conun Huenu,253,9,52,77,107,8,24.0,8.0,14.0,0,5.0,5.0,5.0,192.0
2022,13,SAR Conun Huenu,205,6,44,56,91,8,34.0,8.0,12.0,0,6.0,5.0,4.0,136.0
2022,14,SAR Conun Huenu,208,5,68,54,76,5,21.0,6.0,7.0,0,1.0,11.0,3.0,159.0
2022,15,SAR Conun Huenu,238,10,50,55,114,9,34.0,12.0,7.0,0,2.0,9.0,4.0,170.0
2022,16,SAR Conun Huenu,326,16,63,82,157,8,44.0,16.0,9.0,0,3.0,10.0,4.0,240.0
2022,17,SAR Conun Huenu,309,8,83,81,126,11,51.0,9.0,10.0,0,9.0,5.0,9.0,216.0
2022,18,SAR Conun Huenu,393,3,81,133,159,17,62.0,23.0,10.0,0,8.0,7.0,13.0,270.0
2022,19,SAR Conun Huenu,405,21,90,84,190,20,52.0,16.0,8.0,0,24.0,10.0,14.0,281.0
2022,20,SAR Conun Huenu,431,22,90,140,166,13,44.0,24.0,6.0,0,25.0,7.0,3.0,322.0
2022,21,SAR Conun Huenu,439,18,70,145,183,23,70.0,21.0,6.0,0,18.0,7.0,13.0,304.0
2022,22,SAR Conun Huenu,430,8,66,131,203,22,51.0,22.0,5.0,0,18.0,9.0,8.0,317.0
2022,23,SAR Conun Huenu,423,11,65,120,197,30,65.0,15.0,20.0,0,41.0,7.0,12.0,263.0
2022,24,SAR Conun Huenu,377,10,63,102,180,22,63.0,18.0,16.0,0,15.0,4.0,7.0,254.0
2022,25,SAR Conun Huenu,430,7,74,104,221,24,52.0,20.0,33.0,0,36.0,5.0,9.0,275.0
2022,26,SAR Conun Huenu,416,16,55,62,260,23,59.0,23.0,67.0,0,14.0,5.0,4.0,244.0
2022,27,SAR Conun Huenu,360,12,46,55,213,34,71.0,9.0,39.0,0,17.0,0.0,12.0,212.0
2022,28,SAR Conun Huenu,284,6,31,41,185,21,58.0,12.0,27.0,0,9.0,3.0,13.0,162.0
2022,29,SAR Conun Huenu,251,8,28,25,162,28,37.0,20.0,50.0,0,7.0,5.0,6.0,126.0
2022,30,SAR Conun Huenu,264,10,27,49,155,23,31.0,14.0,49.0,0,8.0,3.0,9.0,150.0
2022,31,SAR Conun Huenu,340,5,50,101,157,27,46.0,22.0,39.0,0,13.0,6.0,14.0,200.0
2022,32,SAR Conun Huenu,401,11,53,136,181,20,39.0,9.0,10.0,0,16.0,7.0,15.0,305.0
2022,33,SAR Conun Huenu,393,12,59,107,188,27,62.0,10.0,5.0,0,10.0,7.0,9.0,290.0
2022,34,SAR Conun Huenu,372,11,62,91,178,30,68.0,13.0,0.0,0,3.0,3.0,14.0,271.0
2022,35,SAR Conun Huenu,385,7,70,123,157,28,42.0,13.0,1.0,0,6.0,5.0,16.0,302.0
2022,36,SAR Conun Huenu,358,10,59,112,155,22,57.0,19.0,1.0,0,7.0,3.0,11.0,260.0
2022,37,SAR Conun Huenu,359,10,77,93,164,15,40.0,22.0,0.0,0,7.0,6.0,16.0,268.0
2022,38,SAR Conun Huenu,377,12,54,104,181,26,38.0,24.0,1.0,0,12.0,13.0,5.0,284.0
2022,39,SAR Conun Huenu,330,13,48,86,162,21,52.0,12.0,0.0,0,5.0,6.0,5.0,250.0
2022,40,SAR Conun Huenu,304,6,54,83,136,25,43.0,17.0,2.0,0,5.0,8.0,6.0,223.0
2022,41,SAR Conun Huenu,457,5,62,170,195,25,46.0,16.0,2.0,0,28.0,9.0,3.0,353.0
2022,42,SAR Conun Huenu,550,16,76,182,249,27,55.0,17.0,2.0,0,18.0,11.0,4.0,443.0
2022,43,SAR Conun Huenu,609,12,71,213,272,41,97.0,25.0,1.0,0,42.0,12.0,6.0,426.0
2022,44,SAR Conun Huenu,602,6,62,199,297,38,77.0,17.0,1.0,0,56.0,7.0,9.0,435.0
2022,45,SAR Conun Huenu,647,8,62,215,321,41,60.0,25.0,0.0,0,75.0,10.0,19.0,458.0
2022,46,SAR Conun Huenu,564,13,67,207,244,33,81.0,20.0,6.0,0,52.0,7.0,22.0,376.0
2022,47,SAR Conun Huenu,573,12,61,173,290,37,59.0,13.0,0.0,0,155.0,13.0,8.0,325.0
2022,48,SAR Conun Huenu,447,13,67,134,210,23,57.0,14.0,0.0,0,93.0,2.0,10.0,271.0
2022,49,SAR Conun Huenu,422,9,51,100,225,37,58.0,20.0,1.0,0,57.0,7.0,11.0,268.0
2022,50,SAR Conun Huenu,387,15,46,84,206,36,41.0,11.0,1.0,0,74.0,9.0,11.0,240.0
2022,51,SAR Conun Huenu,338,16,50,49,189,34,30.0,22.0,1.0,0,45.0,7.0,8.0,225.0
2022,52,SAR Conun Huenu,293,9,46,34,184,20,29.0,10.0,0.0,0,43.0,9.0,13.0,189.0
2023,1,SAR Conun Huenu,329,13,32,34,207,43,36.0,17.0,0.0,0,34.0,10.0,12.0,220.0
2023,2,SAR Conun Huenu,224,3,32,24,130,35,30.0,5.0,0.0,0,34.0,4.0,4.0,147.0
2023,3,SAR Conun Huenu,172,6,12,22,97,35,14.0,14.0,1.0,0,27.0,10.0,9.0,97.0
2023,4,SAR Conun Huenu,176,7,19,23,106,21,19.0,8.0,4.0,0,21.0,6.0,5.0,113.0
2023,5,SAR Conun Huenu,145,9,19,14,88,15,9.0,10.0,4.0,0,26.0,4.0,4.0,88.0
2023,6,SAR Conun Huenu,130,6,12,13,78,21,10.0,9.0,3.0,0,11.0,4.0,7.0,86.0
2023,7,SAR Conun Huenu,159,7,18,23,102,9,18.0,3.0,3.0,0,13.0,5.0,6.0,111.0
2023,8,SAR Conun Huenu,173,5,12,28,114,14,6.0,9.0,3.0,0,15.0,3.0,6.0,131.0
2023,9,SAR Conun Huenu,173,3,12,27,109,22,14.0,12.0,7.0,0,15.0,1.0,4.0,120.0
2023,10,SAR Conun Huenu,260,7,26,64,143,20,22.0,10.0,9.0,0,23.0,2.0,10.0,184.0
2023,11,SAR Conun Huenu,447,7,64,145,210,21,44.0,25.0,2.0,0,40.0,7.0,15.0,314.0
2023,12,SAR Conun Huenu,364,8,41,92,195,28,37.0,22.0,2.0,0,37.0,10.0,7.0,249.0
2023,13,SAR Conun Huenu,331,10,56,82,166,17,41.0,14.0,3.0,0,30.0,4.0,8.0,231.0
2023,14,SAR Conun Huenu,341,9,62,105,137,28,72.0,15.0,1.0,0,15.0,7.0,15.0,216.0
2023,15,SAR Conun Huenu,312,7,76,100,114,15,49.0,18.0,0.0,0,17.0,4.0,14.0,210.0
2023,16,SAR Conun Huenu,386,15,98,151,101,21,58.0,16.0,0.0,0,37.0,7.0,12.0,256.0
2023,17,SAR Conun Huenu,508,16,148,175,152,17,110.0,13.0,0.0,0,58.0,8.0,15.0,304.0
2023,18,SAR Conun Huenu,614,33,142,202,204,33,120.0,21.0,0.0,0,48.0,10.0,34.0,381.0
2023,19,SAR Conun Huenu,665,30,142,199,262,32,88.0,24.0,0.0,0,78.0,10.0,20.0,445.0
2023,20,SAR Conun Huenu,681,19,139,212,270,41,94.0,27.0,0.0,0,90.0,12.0,33.0,425.0
2023,21,SAR Conun Huenu,556,11,66,187,259,33,66.0,22.0,0.0,0,97.0,7.0,17.0,347.0
2023,22,SAR Conun Huenu,567,8,58,214,256,31,77.0,17.0,0.0,0,56.0,11.0,21.0,385.0
2023,23,SAR Conun Huenu,499,15,60,150,250,24,51.0,17.0,0.0,0,63.0,4.0,24.0,340.0
2023,24,SAR Conun Huenu,401,11,40,121,200,29,62.0,10.0,1.0,0,45.0,4.0,20.0,259.0
2023,25,SAR Conun Huenu,378,8,51,96,193,30,56.0,13.0,0.0,0,40.0,10.0,16.0,243.0
2023,26,SAR Conun Huenu,349,4,55,62,196,32,55.0,15.0,0.0,0,41.0,4.0,12.0,222.0
2023,27,SAR Conun Huenu,296,10,35,42,172,37,48.0,17.0,0.0,0,27.0,3.0,22.0,179.0
2023,28,SAR Conun Huenu,224,9,21,39,133,22,37.0,15.0,0.0,0,19.0,3.0,14.0,136.0
2023,29,SAR Conun Huenu,226,4,26,29,143,24,44.0,22.0,0.0,0,16.0,1.0,10.0,133.0
2023,30,SAR Conun Huenu,270,8,39,66,142,15,36.0,16.0,0.0,0,23.0,9.0,10.0,176.0
2023,31,SAR Conun Huenu,332,8,34,90,174,26,44.0,17.0,0.0,0,21.0,7.0,13.0,230.0
2023,32,SAR Conun Huenu,384,5,48,109,196,26,57.0,18.0,0.0,0,30.0,4.0,14.0,261.0
2023,33,SAR Conun Huenu,437,12,71,109,208,37,72.0,18.0,0.0,0,27.0,4.0,16.0,300.0
2023,34,SAR Conun Huenu,408,7,52,101,216,32,72.0,20.0,0.0,0,25.0,8.0,15.0,268.0
2023,35,SAR Conun Huenu,472,4,53,143,241,31,105.0,21.0,0.0,0,33.0,10.0,22.0,281.0
2023,36,SAR Conun Huenu,545,7,72,134,297,35,90.0,14.0,0.0,0,48.0,5.0,21.0,367.0
2023,37,SAR Conun Huenu,512,9,63,138,257,45,78.0,25.0,0.0,0,51.0,7.0,23.0,328.0
2023,38,SAR Conun Huenu,472,13,59,106,250,44,88.0,28.0,0.0,0,31.0,7.0,20.0,298.0
2023,39,SAR Conun Huenu,421,8,46,82,246,39,62.0,24.0,1.0,0,54.0,10.0,23.0,247.0
2023,40,SAR Conun Huenu,477,10,53,114,262,38,72.0,26.0,0.0,0,35.0,17.0,11.0,316.0
2023,41,SAR Conun Huenu,448,6,48,118,225,51,64.0,30.0,0.0,0,48.0,23.0,18.0,265.0
2023,42,SAR Conun Huenu,498,12,56,122,267,41,79.0,28.0,0.0,0,56.0,5.0,10.0,320.0
2023,43,SAR Conun Huenu,427,6,58,98,227,38,65.0,13.0,0.0,0,48.0,8.0,13.0,280.0
2023,44,SAR Conun Huenu,444,9,49,108,231,47,83.0,17.0,0.0,0,45.0,15.0,19.0,265.0
2023,45,SAR Conun Huenu,429,12,35,105,244,33,62.0,18.0,1.0,0,52.0,6.0,14.0,276.0
2023,46,SAR Conun Huenu,452,7,46,119,234,46,66.0,20.0,0.0,0,63.0,9.0,19.0,275.0
2023,47,SAR Conun Huenu,383,5,37,91,200,50,49.0,15.0,0.0,0,46.0,9.0,11.0,253.0
2023,48,SAR Conun Huenu,345,4,37,83,181,40,55.0,13.0,0.0,0,42.0,11.0,3.0,221.0
2023,49,SAR Conun Huenu,357,9,44,90,184,30,34.0,17.0,0.0,0,43.0,5.0,7.0,251.0
2023,50,SAR Conun Huenu,332,6,37,74,191,24,53.0,11.0,0.0,0,20.0,8.0,3.0,237.0
2023,51,SAR Conun Huenu,264,6,28,55,149,26,25.0,8.0,1.0,0,39.0,10.0,5.0,176.0
2023,52,SAR Conun Huenu,275,3,36,36,170,30,28.0,18.0,0.0,0,28.0,19.0,9.0,173.0
2024,1,SAR Conun Huenu,339,3,40,46,211,39,34.0,15.0,1.0,0,35.0,12.0,7.0,235.0
2024,2,SAR Conun Huenu,172,1,19,18,110,24,16.0,15.0,0.0,0,11.0,7.0,5.0,118.0
2024,3,SAR Conun Huenu,166,5,19,28,99,15,8.0,6.0,0.0,0,20.0,6.0,9.0,117.0
2024,4,SAR Conun Huenu,168,4,19,23,104,18,9.0,7.0,2.0,0,20.0,4.0,3.0,123.0
2024,5,SAR Conun Huenu,181,1,13,20,121,26,18.0,7.0,0.0,0,10.0,2.0,4.0,140.0
2024,6,SAR Conun Huenu,199,2,15,31,134,17,10.0,10.0,0.0,0,11.0,4.0,3.0,161.0
2024,7,SAR Conun Huenu,216,1,17,35,141,22,9.0,10.0,0.0,0,18.0,4.0,4.0,171.0
2024,8,SAR Conun Huenu,258,2,14,35,167,40,12.0,4.0,1.0,0,30.0,7.0,6.0,198.0
2024,9,SAR Conun Huenu,264,9,15,36,160,44,7.0,5.0,1.0,0,43.0,3.0,5.0,200.0
2024,10,SAR Conun Huenu,301,3,27,52,185,34,12.0,10.0,0.0,0,22.0,7.0,4.0,246.0
2024,11,SAR Conun Huenu,402,8,50,119,197,28,23.0,9.0,1.0,0,48.0,1.0,6.0,314.0
2024,12,SAR Conun Huenu,527,4,62,176,249,36,41.0,29.0,0.0,0,58.0,6.0,11.0,382.0
2024,13,SAR Conun Huenu,415,3,46,125,206,35,35.0,16.0,0.0,0,41.0,9.0,14.0,300.0
2024,14,SAR Conun Huenu,352,3,32,90,203,24,29.0,24.0,0.0,0,34.0,2.0,18.0,245.0
2024,15,SAR Conun Huenu,453,8,47,167,202,29,42.0,17.0,0.0,0,39.0,7.0,14.0,334.0
2024,16,SAR Conun Huenu,516,6,46,174,252,38,58.0,14.0,0.0,0,60.0,6.0,20.0,358.0
2024,17,SAR Conun Huenu,669,7,63,204,346,49,57.0,22.0,0.0,0,76.0,0.0,21.0,493.0
2024,18,SAR Conun Huenu,638,3,47,196,344,48,70.0,19.0,0.0,0,130.0,3.0,15.0,401.0
2024,19,SAR Conun Huenu,679,4,30,175,416,54,70.0,24.0,0.0,0,117.0,3.0,16.0,449.0
2024,20,SAR Conun Huenu,722,1,41,181,443,56,71.0,32.0,0.0,0,174.0,7.0,37.0,401.0
2024,21,SAR Conun Huenu,604,7,35,110,402,50,80.0,27.0,0.0,0,138.0,6.0,18.0,335.0
2024,22,SAR Conun Huenu,418,0,33,86,269,30,38.0,11.0,0.0,0,76.0,7.0,17.0,269.0
2024,23,SAR Conun Huenu,409,6,38,91,245,29,41.0,8.0,0.0,0,71.0,2.0,11.0,276.0
2024,24,SAR Conun Huenu,274,1,23,78,152,20,21.0,14.0,0.0,0,51.0,5.0,3.0,180.0
2024,25,SAR Conun Huenu,244,1,30,40,149,24,22.0,19.0,0.0,0,31.0,6.0,12.0,154.0
2024,26,SAR Conun Huenu,189,4,27,26,109,23,29.0,11.0,0.0,0,23.0,3.0,5.0,118.0
2024,27,SAR Conun Huenu,177,2,21,30,101,23,22.0,15.0,0.0,0,17.0,6.0,9.0,108.0
2024,28,SAR Conun Huenu,184,2,14,39,111,18,20.0,12.0,0.0,0,21.0,2.0,7.0,122.0
2024,29,SAR Conun Huenu,218,1,33,34,131,19,26.0,9.0,0.0,0,22.0,4.0,8.0,149.0
2024,30,SAR Conun Huenu,305,5,52,93,127,28,37.0,24.0,0.0,0,38.0,7.0,11.0,188.0
2024,31,SAR Conun Huenu,356,5,56,92,181,22,52.0,16.0,0.0,0,41.0,9.0,8.0,230.0
2024,32,SAR Conun Huenu,409,7,62,102,209,29,83.0,12.0,0.0,0,44.0,4.0,6.0,260.0
2024,33,SAR Conun Huenu,409,4,53,112,210,30,69.0,18.0,0.0,0,35.0,3.0,20.0,264.0
2024,34,SAR Conun Huenu,471,7,85,121,228,30,67.0,17.0,0.0,0,26.0,12.0,25.0,324.0
2024,35,SAR Conun Huenu,426,4,59,135,187,41,63.0,13.0,0.0,0,38.0,2.0,17.0,293.0
2024,36,SAR Conun Huenu,497,3,58,162,232,42,82.0,19.0,0.0,0,29.0,7.0,20.0,340.0
2024,37,SAR Conun Huenu,460,7,66,118,241,28,50.0,19.0,0.0,0,37.0,6.0,20.0,328.0
2024,38,SAR Conun Huenu,498,8,58,126,263,43,87.0,15.0,0.0,0,28.0,6.0,25.0,337.0
2024,39,SAR Conun Huenu,282,4,28,70,155,25,49.0,23.0,0.0,0,15.0,3.0,16.0,176.0
2024,40,SAR Conun Huenu,337,3,48,109,144,33,59.0,12.0,0.0,0,14.0,4.0,17.0,231.0
2024,41,SAR Conun Huenu,468,3,53,100,266,46,56.0,7.0,0.0,0,43.0,12.0,17.0,333.0
2024,42,SAR Conun Huenu,477,4,51,140,254,28,60.0,21.0,0.0,0,39.0,9.0,13.0,335.0
2024,43,SAR Conun Huenu,477,8,50,135,253,31,73.0,18.0,0.0,0,33.0,7.0,14.0,332.0
2024,44,SAR Conun Huenu,404,10,42,94,222,36,63.0,10.0,0.0,0,14.0,6.0,20.0,291.0
2024,45,SAR Conun Huenu,452,2,34,109,272,35,64.0,22.0,0.0,0,32.0,6.0,16.0,312.0
2024,46,SAR Conun Huenu,441,3,40,119,243,36,66.0,19.0,0.0,0,14.0,6.0,13.0,323.0
2024,47,SAR Conun Huenu,427,4,40,99,233,51,65.0,14.0,0.0,0,15.0,4.0,18.0,311.0
2024,48,SAR Conun Huenu,452,4,31,109,264,44,55.0,28.0,0.0,0,15.0,3.0,27.0,324.0
2024,49,SAR Conun Huenu,481,9,36,113,284,39,49.0,17.0,1.0,0,53.0,4.0,41.0,316.0
2024,50,SAR Conun Huenu,410,2,32,86,249,41,53.0,20.0,1.0,0,41.0,9.0,15.0,271.0
2024,51,SAR Conun Huenu,407,7,25,107,236,32,39.0,22.0,0.0,0,33.0,11.0,13.0,289.0
2024,52,SAR Conun Huenu,299,0,30,56,180,33,40.0,23.0,0.0,0,33.0,13.0,11.0,179.0
2025,1,SAR Conun Huenu,118,1,8,16,76,17,11.0,8.0,0.0,0,10.0,3.0,12.0,74.0
2025,2,SAR Conun Huenu,184,5,6,19,132,22,18.0,11.0,0.0,0,20.0,5.0,12.0,118.0
2025,3,SAR Conun Huenu,134,0,15,21,87,11,16.0,10.0,0.0,0,9.0,2.0,4.0,93.0
2025,4,SAR Conun Huenu,133,0,15,13,84,21,7.0,10.0,0.0,0,17.0,0.0,4.0,95.0
2025,5,SAR Conun Huenu,119,3,9,18,70,19,2.0,6.0,0.0,0,5.0,1.0,6.0,99.0
2025,6,SAR Conun Huenu,127,3,8,9,88,19,6.0,9.0,0.0,0,7.0,2.0,10.0,93.0
2025,7,SAR Conun Huenu,106,2,7,12,73,12,4.0,5.0,0.0,0,3.0,2.0,1.0,91.0
2025,8,SAR Conun Huenu,100,1,5,9,68,17,13.0,5.0,0.0,0,3.0,6.0,3.0,70.0
2025,9,SAR Conun Huenu,107,2,6,15,73,11,4.0,5.0,0.0,0,9.0,3.0,8.0,78.0
2025,10,SAR Conun Huenu,99,1,6,18,61,13,7.0,6.0,0.0,0,4.0,0.0,4.0,78.0
2025,11,SAR Conun Huenu,219,2,21,69,104,23,8.0,18.0,0.0,0,18.0,2.0,6.0,167.0
2025,12,SAR Conun Huenu,385,6,39,136,176,28,31.0,20.0,0.0,0,31.0,7.0,13.0,283.0
2025,13,SAR Conun Huenu,341,5,23,88,185,40,38.0,18.0,0.0,0,17.0,5.0,9.0,254.0
2025,14,SAR Conun Huenu,274,2,32,55,162,23,25.0,16.0,0.0,0,35.0,3.0,10.0,185.0
2025,15,SAR Conun Huenu,262,1,29,52,157,23,37.0,13.0,0.0,0,30.0,1.0,14.0,167.0
2025,16,SAR Conun Huenu,294,3,38,67,160,26,33.0,12.0,0.0,0,36.0,1.0,9.0,203.0
2025,17,SAR Conun Huenu,277,4,33,61,149,30,43.0,17.0,0.0,0,10.0,5.0,19.0,183.0
2025,18,SAR Conun Huenu,347,1,42,70,201,33,49.0,15.0,0.0,0,35.0,7.0,7.0,234.0
2025,19,SAR Conun Huenu,364,7,22,69,214,52,58.0,18.0,0.0,0,43.0,7.0,18.0,220.0
2025,20,SAR Conun Huenu,392,2,42,97,207,44,68.0,19.0,0.0,0,28.0,2.0,15.0,260.0
2025,21,SAR Conun Huenu,443,3,47,110,234,49,52.0,21.0,0.0,0,56.0,4.0,15.0,295.0
2025,22,SAR Conun Huenu,414,4,38,107,221,44,73.0,17.0,0.0,0,31.0,5.0,10.0,278.0
2025,23,SAR Conun Huenu,477,4,41,144,246,42,70.0,21.0,0.0,0,25.0,5.0,10.0,346.0
2025,24,SAR Conun Huenu,458,4,39,128,246,41,64.0,23.0,0.0,0,27.0,4.0,7.0,333.0
2025,25,SAR Conun Huenu,434,6,39,98,234,57,75.0,18.0,0.0,0,28.0,4.0,9.0,300.0
2025,26,SAR Conun Huenu,321,1,23,45,202,50,62.0,12.0,0.0,0,30.0,5.0,7.0,205.0
2025,27,SAR Conun Huenu,306,1,31,46,195,33,57.0,10.0,0.0,0,48.0,5.0,10.0,176.0
2025,28,SAR Conun Huenu,292,0,21,55,183,33,42.0,17.0,0.0,0,32.0,3.0,9.0,189.0
2025,29,SAR Conun Huenu,376,2,37,102,202,33,61.0,14.0,0.0,0,35.0,3.0,8.0,255.0
2025,30,SAR Conun Huenu,492,6,55,146,241,44,78.0,23.0,0.0,0,53.0,6.0,18.0,314.0
2025,31,SAR Conun Huenu,517,6,64,182,223,42,97.0,14.0,0.0,0,53.0,2.0,10.0,341.0
2025,32,SAR Conun Huenu,496,4,68,161,227,36,80.0,16.0,0.0,0,51.0,6.0,14.0,329.0
2025,33,SAR Conun Huenu,556,10,69,137,299,41,91.0,21.0,0.0,0,73.0,12.0,15.0,344.0
2025,34,SAR Conun Huenu,563,3,78,159,272,51,103.0,21.0,0.0,0,62.0,10.0,13.0,354.0
2025,35,SAR Conun Huenu,555,3,56,169,277,50,77.0,23.0,0.0,0,50.0,5.0,22.0,378.0
2025,36,SAR Conun Huenu,451,2,44,115,236,54,90.0,15.0,0.0,0,27.0,11.0,17.0,291.0
2025,37,SAR Conun Huenu,464,6,42,124,247,45,80.0,29.0,0.0,0,25.0,3.0,17.0,310.0
2025,38,SAR Conun Huenu,395,2,37,57,256,43,65.0,14.0,0.0,0,44.0,10.0,12.0,250.0
2025,39,SAR Conun Huenu,430,0,30,75,270,55,73.0,20.0,0.0,0,32.0,13.0,17.0,275.0
2025,40,SAR Conun Huenu,345,3,41,77,175,49,54.0,11.0,0.0,0,26.0,10.0,17.0,227.0
2025,41,SAR Conun Huenu,390,8,41,91,209,41,59.0,18.0,0.0,0,17.0,5.0,10.0,281.0
2025,42,SAR Conun Huenu,414,1,44,114,213,42,65.0,14.0,0.0,0,40.0,12.0,13.0,270.0
2025,43,SAR Conun Huenu,400,7,40,108,211,34,69.0,18.0,0.0,0,27.0,13.0,6.0,267.0
2025,44,SAR Conun Huenu,332,6,37,79,173,37,51.0,16.0,0.0,0,15.0,17.0,14.0,219.0
2025,45,SAR Conun Huenu,372,4,29,84,213,42,39.0,21.0,0.0,0,24.0,30.0,13.0,245.0
2025,46,SAR Conun Huenu,304,3,33,64,161,43,56.0,21.0,0.0,0,21.0,16.0,7.0,183.0
2025,47,SAR Conun Huenu,307,1,28,71,170,37,45.0,19.0,0.0,0,16.0,16.0,13.0,198.0
2025,48,SAR Conun Huenu,288,2,34,55,169,28,43.0,11.0,0.0,0,31.0,6.0,12.0,185.0
2025,49,SAR Conun Huenu,311,3,29,64,174,41,41.0,20.0,0.0,0,20.0,7.0,7.0,216.0
2025,50,SAR Conun Huenu,343,2,31,68,196,46,51.0,12.0,0.0,0,27.0,12.0,16.0,225.0
2025,51,SAR Conun Huenu,272,5,26,42,173,26,27.0,8.0,0.0,0,15.0,3.0,9.0,210.0
2025,52,SAR Conun Huenu,250,2,22,33,169,24,43.0,6.0,0.0,0,5.0,9.0,8.0,179.0
2025,53,SAR Conun Huenu,142,1,8,14,94,25,20.0,8.0,0.0,0,7.0,7.0,0.0,100.0
2026,1,SAR Conun Huenu,162,3,17,25,92,25,23.0,9.0,0.0,0,18.0,8.0,7.0,97.0
2026,2,SAR Conun Huenu,152,4,8,28,90,22,23.0,7.0,0.0,0,13.0,4.0,3.0,102.0
2026,3,SAR Conun Huenu,129,0,11,16,86,16,19.0,5.0,0.0,0,13.0,4.0,6.0,82.0
2026,4,SAR Conun Huenu,120,0,8,20,75,17,22.0,5.0,0.0,0,11.0,7.0,2.0,73.0
2026,5,SAR Conun Huenu,134,1,8,10,89,26,19.0,9.0,0.0,0,7.0,4.0,4.0,91.0
2026,6,SAR Conun Huenu,135,0,5,18,91,21,16.0,12.0,0.0,0,22.0,1.0,2.0,82.0
2026,7,SAR Conun Huenu,149,1,6,16,92,34,19.0,5.0,0.0,0,16.0,4.0,3.0,102.0
2026,8,SAR Conun Huenu,125,0,3,11,89,22,12.0,8.0,0.0,0,12.0,4.0,4.0,85.0
2026,9,SAR Conun Huenu,137,2,5,24,87,19,24.0,8.0,0.0,0,9.0,3.0,2.0,91.0
2026,53,SAR Conun Huenu,76,1,5,8,52,10,6.0,5.0,0.0,0,1.0,13.0,0.0,51.0
2020,31,SAR Labranza,0,0,0,0,0,0,0.0,0.0,0.0,0,0.0,0.0,0.0,0.0
2020,32,SAR Labranza,2,0,0,0,2,0,0.0,0.0,0.0,0,0.0,0.0,0.0,2.0
2020,33,SAR Labranza,6,0,0,0,4,2,0.0,2.0,0.0,0,0.0,0.0,0.0,4.0
2020,34,SAR Labranza,6,0,0,1,4,1,0.0,0.0,0.0,0,0.0,1.0,0.0,5.0
2020,35,SAR Labranza,9,0,0,1,6,2,0.0,3.0,0.0,0,0.0,0.0,1.0,5.0
2020,36,SAR Labranza,23,1,0,2,17,3,2.0,5.0,0.0,0,0.0,2.0,1.0,13.0
2020,37,SAR Labranza,32,0,3,2,26,1,3.0,7.0,0.0,0,0.0,3.0,1.0,18.0
2020,38,SAR Labranza,43,1,4,7,28,3,6.0,3.0,0.0,0,1.0,3.0,2.0,28.0
2020,39,SAR Labranza,49,2,2,5,34,6,6.0,12.0,0.0,0,3.0,1.0,1.0,26.0
2020,40,SAR Labranza,51,4,7,2,38,0,2.0,8.0,0.0,0,6.0,3.0,0.0,32.0
2020,41,SAR Labranza,40,3,3,8,20,6,7.0,4.0,0.0,0,0.0,0.0,3.0,26.0
2020,42,SAR Labranza,41,0,0,4,36,1,1.0,4.0,1.0,0,2.0,1.0,2.0,30.0
2020,43,SAR Labranza,43,3,3,4,33,0,7.0,7.0,1.0,0,1.0,1.0,0.0,26.0
2020,44,SAR Labranza,41,1,4,8,25,3,2.0,9.0,0.0,0,0.0,1.0,0.0,29.0
2020,45,SAR Labranza,32,2,2,4,17,7,7.0,7.0,0.0,0,1.0,0.0,0.0,17.0
2020,46,SAR Labranza,35,3,7,0,23,2,2.0,3.0,2.0,0,1.0,1.0,2.0,24.0
2020,47,SAR Labranza,40,0,8,5,24,3,5.0,2.0,1.0,0,0.0,1.0,0.0,31.0
2020,48,SAR Labranza,39,2,2,4,23,8,7.0,2.0,1.0,0,1.0,0.0,2.0,26.0
2020,49,SAR Labranza,38,3,7,5,21,2,6.0,5.0,0.0,0,2.0,2.0,0.0,23.0
2020,50,SAR Labranza,48,1,6,5,34,2,7.0,7.0,0.0,0,4.0,6.0,3.0,21.0
2020,51,SAR Labranza,56,2,11,6,32,5,6.0,5.0,1.0,0,0.0,4.0,2.0,38.0
2020,52,SAR Labranza,51,1,7,6,32,5,5.0,12.0,0.0,0,2.0,3.0,5.0,24.0
2020,53,SAR Labranza,44,2,8,5,20,9,2.0,5.0,2.0,0,0.0,4.0,2.0,29.0
2021,1,SAR Labranza,72,5,10,13,38,6,9.0,11.0,0.0,0,7.0,1.0,1.0,43.0
2021,2,SAR Labranza,47,2,4,9,29,3,5.0,2.0,0.0,0,2.0,6.0,3.0,29.0
2021,3,SAR Labranza,48,3,10,4,26,5,7.0,7.0,1.0,0,3.0,0.0,2.0,28.0
2021,4,SAR Labranza,64,1,7,1,45,10,10.0,9.0,1.0,0,4.0,1.0,3.0,36.0
2021,5,SAR Labranza,55,2,8,6,33,6,4.0,7.0,1.0,0,2.0,2.0,4.0,35.0
2021,6,SAR Labranza,63,3,8,6,43,3,4.0,8.0,2.0,0,9.0,1.0,0.0,39.0
2021,7,SAR Labranza,62,4,12,8,36,2,6.0,7.0,3.0,0,5.0,1.0,1.0,39.0
2021,8,SAR Labranza,76,5,5,13,51,2,7.0,5.0,1.0,0,0.0,2.0,0.0,61.0
2021,9,SAR Labranza,98,3,12,9,69,5,8.0,9.0,1.0,0,6.0,2.0,0.0,72.0
2021,10,SAR Labranza,136,4,14,11,96,11,7.0,9.0,32.0,0,2.0,6.0,3.0,77.0
2021,11,SAR Labranza,212,3,17,7,173,12,4.0,6.0,57.0,0,5.0,2.0,0.0,138.0
2021,12,SAR Labranza,236,4,8,16,197,11,5.0,5.0,79.0,0,16.0,4.0,1.0,126.0
2021,13,SAR Labranza,202,4,4,14,172,8,6.0,4.0,88.0,0,9.0,1.0,1.0,93.0
2021,14,SAR Labranza,186,4,5,9,157,11,6.0,10.0,71.0,0,4.0,1.0,0.0,94.0
2021,15,SAR Labranza,172,0,8,15,141,8,10.0,6.0,74.0,0,4.0,0.0,4.0,74.0
2021,16,SAR Labranza,134,1,4,7,113,9,6.0,4.0,51.0,0,18.0,1.0,2.0,52.0
2021,17,SAR Labranza,125,1,3,12,94,15,8.0,8.0,48.0,0,11.0,2.0,6.0,42.0
2021,18,SAR Labranza,120,1,2,8,97,12,1.0,9.0,40.0,0,2.0,1.0,2.0,65.0
2021,19,SAR Labranza,110,1,5,16,84,4,5.0,2.0,37.0,0,10.0,1.0,2.0,53.0
2021,20,SAR Labranza,109,2,2,8,90,7,9.0,6.0,30.0,0,6.0,1.0,1.0,56.0
2021,21,SAR Labranza,99,1,11,6,73,8,6.0,5.0,21.0,0,1.0,1.0,2.0,63.0
2021,22,SAR Labranza,145,4,4,10,121,6,13.0,5.0,32.0,0,19.0,1.0,1.0,74.0
2021,23,SAR Labranza,134,7,5,17,102,3,13.0,8.0,17.0,0,3.0,1.0,2.0,90.0
2021,24,SAR Labranza,133,2,10,10,103,8,12.0,11.0,10.0,0,12.0,0.0,1.0,87.0
2021,25,SAR Labranza,207,2,16,25,155,9,13.0,7.0,29.0,0,8.0,1.0,4.0,145.0
2021,26,SAR Labranza,158,4,8,25,119,2,6.0,3.0,12.0,0,17.0,0.0,1.0,119.0
2021,27,SAR Labranza,123,4,8,15,95,1,16.0,10.0,4.0,0,4.0,2.0,1.0,86.0
2021,28,SAR Labranza,153,2,10,24,109,8,15.0,16.0,14.0,0,2.0,0.0,2.0,104.0
2021,29,SAR Labranza,166,6,13,15,124,8,16.0,12.0,7.0,0,6.0,2.0,2.0,121.0
2021,30,SAR Labranza,135,3,10,15,101,6,28.0,6.0,3.0,0,5.0,0.0,3.0,90.0
2021,31,SAR Labranza,155,2,12,23,106,12,21.0,20.0,3.0,0,5.0,3.0,2.0,101.0
2021,32,SAR Labranza,134,3,17,11,99,4,17.0,7.0,2.0,0,16.0,1.0,0.0,91.0
2021,33,SAR Labranza,132,4,15,21,86,6,21.0,8.0,0.0,0,11.0,0.0,0.0,92.0
2021,34,SAR Labranza,98,2,16,9,65,6,15.0,5.0,1.0,0,1.0,3.0,0.0,73.0
2021,35,SAR Labranza,84,3,14,9,46,12,6.0,8.0,1.0,0,5.0,3.0,1.0,60.0
2021,36,SAR Labranza,95,3,23,16,49,4,8.0,6.0,0.0,0,4.0,2.0,1.0,74.0
2021,37,SAR Labranza,90,5,29,11,44,1,11.0,0.0,0.0,0,1.0,1.0,2.0,75.0
2021,38,SAR Labranza,149,10,33,19,77,10,29.0,6.0,0.0,0,3.0,1.0,1.0,109.0
2021,39,SAR Labranza,121,3,27,17,67,7,18.0,8.0,2.0,0,1.0,4.0,2.0,86.0
2021,40,SAR Labranza,121,5,21,14,74,7,16.0,10.0,0.0,0,2.0,6.0,1.0,86.0
2021,41,SAR Labranza,101,7,24,21,41,8,17.0,5.0,1.0,0,2.0,5.0,1.0,70.0
2021,42,SAR Labranza,138,8,42,18,65,5,19.0,5.0,1.0,0,7.0,1.0,1.0,104.0
2021,43,SAR Labranza,131,4,34,14,66,13,14.0,7.0,8.0,0,3.0,3.0,3.0,93.0
2021,44,SAR Labranza,208,6,49,27,117,9,19.0,4.0,2.0,0,4.0,5.0,2.0,172.0
2021,45,SAR Labranza,188,4,51,32,98,3,27.0,8.0,10.0,0,2.0,3.0,4.0,134.0
2021,46,SAR Labranza,200,9,43,20,116,12,21.0,10.0,15.0,0,3.0,4.0,1.0,146.0
2021,47,SAR Labranza,205,9,42,34,113,7,16.0,12.0,3.0,0,2.0,3.0,5.0,164.0
2021,48,SAR Labranza,239,9,51,24,147,8,22.0,15.0,6.0,0,3.0,8.0,2.0,183.0
2021,49,SAR Labranza,207,9,41,28,116,13,19.0,15.0,9.0,0,3.0,11.0,3.0,147.0
2021,50,SAR Labranza,252,13,55,33,139,12,33.0,6.0,11.0,0,10.0,4.0,2.0,186.0
2021,51,SAR Labranza,204,11,27,22,130,14,17.0,15.0,11.0,0,6.0,3.0,8.0,144.0
2021,52,SAR Labranza,178,7,26,21,110,14,21.0,10.0,6.0,0,10.0,6.0,1.0,124.0
2021,53,SAR Labranza,15,0,5,2,7,1,1.0,0.0,0.0,0,2.0,2.0,1.0,9.0
2022,1,SAR Labranza,262,6,34,29,179,14,18.0,7.0,35.0,0,4.0,3.0,3.0,192.0
2022,2,SAR Labranza,323,8,37,38,225,15,15.0,5.0,73.0,0,13.0,5.0,4.0,208.0
2022,3,SAR Labranza,366,5,30,46,266,19,25.0,5.0,106.0,0,6.0,6.0,1.0,217.0
2022,4,SAR Labranza,386,4,27,59,280,16,8.0,3.0,224.0,0,12.0,1.0,3.0,135.0
2022,5,SAR Labranza,317,7,16,60,216,18,10.0,5.0,163.0,0,11.0,2.0,4.0,122.0
2022,6,SAR Labranza,354,7,22,71,227,27,15.0,9.0,171.0,0,11.0,2.0,2.0,144.0
2022,7,SAR Labranza,336,8,36,65,205,22,24.0,7.0,131.0,0,24.0,1.0,2.0,147.0
2022,8,SAR Labranza,306,4,28,39,209,26,15.0,12.0,137.0,0,12.0,6.0,6.0,118.0
2022,9,SAR Labranza,289,10,15,47,204,13,11.0,3.0,157.0,0,5.0,3.0,3.0,107.0
2022,10,SAR Labranza,356,2,43,122,174,15,14.0,11.0,167.0,0,11.0,2.0,3.0,148.0
2022,11,SAR Labranza,361,5,63,107,171,15,19.0,15.0,91.0,0,4.0,1.0,1.0,230.0
2022,12,SAR Labranza,329,7,47,102,158,15,32.0,8.0,52.0,0,8.0,3.0,6.0,220.0
2022,13,SAR Labranza,244,9,43,58,123,11,34.0,7.0,15.0,0,7.0,2.0,1.0,178.0
2022,14,SAR Labranza,243,11,51,61,112,8,31.0,10.0,12.0,0,10.0,2.0,2.0,176.0
2022,15,SAR Labranza,308,19,64,101,118,6,50.0,13.0,11.0,0,5.0,2.0,10.0,217.0
2022,16,SAR Labranza,340,13,74,112,134,7,48.0,12.0,19.0,0,13.0,2.0,4.0,242.0
2022,17,SAR Labranza,353,13,82,124,126,8,65.0,16.0,12.0,0,14.0,1.0,0.0,245.0
2022,18,SAR Labranza,373,15,74,146,131,7,65.0,10.0,17.0,0,8.0,2.0,2.0,269.0
2022,19,SAR Labranza,461,18,97,145,191,10,103.0,9.0,11.0,0,14.0,3.0,16.0,305.0
2022,20,SAR Labranza,529,13,116,164,219,17,106.0,15.0,13.0,0,8.0,8.0,14.0,365.0
2022,21,SAR Labranza,491,15,91,146,220,19,61.0,14.0,17.0,0,17.0,2.0,11.0,369.0
2022,22,SAR Labranza,485,17,67,138,240,23,86.0,15.0,14.0,0,22.0,1.0,15.0,332.0
2022,23,SAR Labranza,572,19,94,168,267,24,131.0,14.0,29.0,0,20.0,5.0,12.0,361.0
2022,24,SAR Labranza,532,14,108,137,249,24,99.0,11.0,21.0,0,6.0,1.0,9.0,385.0
2022,25,SAR Labranza,479,14,87,110,241,27,81.0,16.0,40.0,0,8.0,2.0,18.0,314.0
2022,26,SAR Labranza,428,9,58,86,255,20,74.0,9.0,25.0,0,19.0,2.0,9.0,290.0
2022,27,SAR Labranza,368,14,53,54,225,22,70.0,12.0,27.0,0,8.0,2.0,6.0,243.0
2022,28,SAR Labranza,319,13,36,45,199,26,59.0,10.0,55.0,0,11.0,2.0,3.0,179.0
2022,29,SAR Labranza,306,8,41,37,197,23,63.0,7.0,44.0,0,17.0,2.0,9.0,164.0
2022,30,SAR Labranza,269,12,32,50,158,17,37.0,9.0,35.0,0,9.0,0.0,4.0,175.0
2022,31,SAR Labranza,384,10,54,114,183,23,31.0,12.0,80.0,0,9.0,2.0,6.0,244.0
2022,32,SAR Labranza,518,8,73,153,253,31,75.0,20.0,83.0,0,13.0,2.0,8.0,317.0
2022,33,SAR Labranza,498,17,54,134,264,29,63.0,21.0,87.0,0,13.0,2.0,7.0,305.0
2022,34,SAR Labranza,473,13,50,110,269,31,59.0,8.0,71.0,0,12.0,3.0,8.0,312.0
2022,35,SAR Labranza,365,12,67,103,170,13,51.0,4.0,29.0,0,8.0,1.0,5.0,267.0
2022,36,SAR Labranza,346,15,62,84,162,23,54.0,15.0,18.0,0,10.0,3.0,6.0,240.0
2022,37,SAR Labranza,374,18,83,87,168,18,69.0,11.0,7.0,0,9.0,1.0,3.0,274.0
2022,38,SAR Labranza,382,10,67,94,185,26,86.0,6.0,16.0,0,10.0,5.0,5.0,254.0
2022,39,SAR Labranza,316,7,45,84,158,22,60.0,15.0,22.0,0,4.0,2.0,3.0,210.0
2022,40,SAR Labranza,339,10,55,94,152,28,59.0,10.0,15.0,0,3.0,1.0,8.0,243.0
2022,41,SAR Labranza,446,14,74,150,185,23,56.0,13.0,13.0,0,14.0,5.0,5.0,340.0
2022,42,SAR Labranza,491,19,70,160,214,28,52.0,13.0,21.0,0,15.0,5.0,13.0,372.0
2022,43,SAR Labranza,566,11,74,204,245,32,66.0,7.0,26.0,0,14.0,5.0,4.0,444.0
2022,44,SAR Labranza,620,19,63,194,314,30,112.0,19.0,31.0,0,69.0,0.0,10.0,379.0
2022,45,SAR Labranza,501,15,55,174,234,23,64.0,15.0,16.0,0,27.0,2.0,9.0,368.0
2022,46,SAR Labranza,447,11,52,168,190,26,74.0,15.0,15.0,0,75.0,5.0,4.0,259.0
2022,47,SAR Labranza,577,14,73,195,257,38,47.0,13.0,13.0,0,65.0,5.0,7.0,427.0
2022,48,SAR Labranza,421,16,60,122,199,24,58.0,20.0,12.0,0,19.0,6.0,8.0,298.0
2022,49,SAR Labranza,398,19,71,98,189,21,59.0,16.0,6.0,0,37.0,4.0,6.0,270.0
2022,50,SAR Labranza,299,7,42,59,160,31,37.0,10.0,10.0,0,26.0,7.0,7.0,202.0
2022,51,SAR Labranza,281,14,43,44,163,17,42.0,13.0,16.0,0,11.0,4.0,3.0,192.0
2022,52,SAR Labranza,251,9,37,31,151,23,22.0,12.0,21.0,0,12.0,7.0,6.0,171.0
2023,1,SAR Labranza,233,10,24,28,138,33,33.0,8.0,25.0,0,14.0,6.0,7.0,140.0
2023,2,SAR Labranza,161,5,21,19,102,14,16.0,7.0,20.0,0,3.0,0.0,2.0,113.0
2023,3,SAR Labranza,159,1,28,17,100,13,15.0,4.0,21.0,0,6.0,1.0,2.0,110.0
2023,4,SAR Labranza,136,7,19,16,75,19,8.0,6.0,20.0,0,8.0,1.0,5.0,88.0
2023,5,SAR Labranza,103,2,7,9,71,14,8.0,4.0,11.0,0,2.0,4.0,2.0,72.0
2023,6,SAR Labranza,118,5,14,19,71,9,7.0,1.0,17.0,0,6.0,0.0,0.0,87.0
2023,7,SAR Labranza,121,7,12,18,67,17,10.0,6.0,16.0,0,5.0,3.0,3.0,78.0
2023,8,SAR Labranza,159,4,15,23,106,11,20.0,5.0,21.0,0,7.0,1.0,3.0,102.0
2023,9,SAR Labranza,144,3,18,22,93,8,11.0,6.0,25.0,0,0.0,3.0,0.0,99.0
2023,10,SAR Labranza,215,5,19,69,107,15,27.0,11.0,28.0,0,4.0,2.0,4.0,139.0
2023,11,SAR Labranza,394,6,37,124,216,11,47.0,17.0,48.0,0,9.0,2.0,2.0,269.0
2023,12,SAR Labranza,306,8,45,74,158,21,52.0,10.0,28.0,0,17.0,2.0,2.0,195.0
2023,13,SAR Labranza,287,10,37,69,153,18,43.0,13.0,13.0,0,16.0,1.0,3.0,198.0
2023,14,SAR Labranza,247,10,42,74,107,14,41.0,12.0,4.0,0,12.0,2.0,1.0,175.0
2023,15,SAR Labranza,283,8,51,95,121,8,51.0,10.0,2.0,0,14.0,1.0,1.0,204.0
2023,16,SAR Labranza,282,9,68,82,109,14,55.0,10.0,2.0,0,15.0,1.0,8.0,191.0
2023,17,SAR Labranza,332,12,99,112,101,8,61.0,9.0,1.0,0,13.0,2.0,3.0,243.0
2023,18,SAR Labranza,505,26,130,199,143,7,104.0,10.0,0.0,0,33.0,4.0,8.0,346.0
2023,19,SAR Labranza,503,22,126,152,187,16,118.0,17.0,1.0,0,6.0,5.0,11.0,345.0
2023,20,SAR Labranza,513,21,116,168,180,28,112.0,25.0,1.0,0,8.0,4.0,12.0,351.0
2023,21,SAR Labranza,424,22,63,156,162,21,100.0,19.0,0.0,0,18.0,3.0,6.0,278.0
2023,22,SAR Labranza,455,13,45,179,202,16,91.0,19.0,0.0,0,48.0,5.0,16.0,276.0
2023,23,SAR Labranza,384,12,54,117,180,21,110.0,11.0,0.0,0,9.0,2.0,4.0,248.0
2023,24,SAR Labranza,352,7,54,103,164,24,100.0,10.0,0.0,0,14.0,0.0,18.0,210.0
2023,25,SAR Labranza,360,13,58,96,167,26,91.0,8.0,0.0,0,10.0,8.0,28.0,215.0
2023,26,SAR Labranza,304,7,38,65,167,27,82.0,21.0,0.0,0,5.0,3.0,10.0,183.0
2023,27,SAR Labranza,261,10,32,61,138,20,54.0,13.0,1.0,0,3.0,5.0,6.0,179.0
2023,28,SAR Labranza,182,8,22,31,104,17,43.0,14.0,0.0,0,7.0,0.0,10.0,108.0
2023,29,SAR Labranza,174,11,14,27,108,14,40.0,6.0,0.0,0,2.0,0.0,6.0,120.0
2023,30,SAR Labranza,210,14,38,61,85,12,52.0,16.0,0.0,0,2.0,3.0,9.0,128.0
2023,31,SAR Labranza,260,12,41,65,129,13,56.0,8.0,0.0,0,5.0,3.0,4.0,184.0
2023,32,SAR Labranza,331,10,40,96,158,27,86.0,13.0,0.0,0,3.0,2.0,8.0,219.0
2023,33,SAR Labranza,402,17,70,104,195,16,121.0,8.0,0.0,0,6.0,2.0,9.0,256.0
2023,34,SAR Labranza,330,10,45,97,154,24,88.0,10.0,0.0,0,5.0,0.0,7.0,220.0
2023,35,SAR Labranza,299,12,39,85,145,18,80.0,6.0,0.0,0,1.0,4.0,9.0,199.0
2023,36,SAR Labranza,316,7,48,89,155,17,80.0,11.0,1.0,0,6.0,3.0,6.0,209.0
2023,37,SAR Labranza,341,11,53,99,158,20,114.0,8.0,0.0,0,0.0,3.0,5.0,211.0
2023,38,SAR Labranza,378,17,48,88,197,28,91.0,21.0,0.0,0,7.0,1.0,5.0,253.0
2023,39,SAR Labranza,370,17,65,71,170,47,99.0,20.0,0.0,0,4.0,1.0,12.0,234.0
2023,40,SAR Labranza,298,17,53,78,132,18,87.0,10.0,0.0,0,3.0,2.0,10.0,186.0
2023,41,SAR Labranza,408,21,59,108,195,25,105.0,14.0,0.0,0,7.0,0.0,18.0,264.0
2023,42,SAR Labranza,368,8,57,95,178,30,105.0,12.0,0.0,0,1.0,2.0,10.0,238.0
2023,43,SAR Labranza,354,11,35,89,179,40,98.0,7.0,4.0,0,14.0,2.0,12.0,217.0
2023,44,SAR Labranza,317,16,43,72,157,29,79.0,9.0,1.0,0,5.0,1.0,12.0,210.0
2023,45,SAR Labranza,295,17,35,68,152,23,70.0,9.0,2.0,0,3.0,0.0,8.0,203.0
2023,46,SAR Labranza,329,14,42,66,176,31,90.0,18.0,3.0,0,12.0,4.0,9.0,193.0
2023,47,SAR Labranza,306,10,45,87,147,17,70.0,8.0,4.0,0,7.0,2.0,13.0,202.0
2023,48,SAR Labranza,293,4,44,75,143,27,68.0,6.0,0.0,0,1.0,2.0,15.0,201.0
2023,49,SAR Labranza,287,16,31,69,142,29,60.0,8.0,1.0,0,10.0,1.0,9.0,198.0
2023,50,SAR Labranza,251,10,36,52,135,18,56.0,7.0,0.0,0,7.0,4.0,11.0,166.0
2023,51,SAR Labranza,228,7,30,36,135,20,49.0,9.0,0.0,0,7.0,2.0,10.0,151.0
2023,52,SAR Labranza,210,3,26,33,128,20,49.0,15.0,0.0,0,2.0,6.0,7.0,131.0
2024,1,SAR Labranza,191,2,9,47,108,25,48.0,13.0,0.0,0,2.0,2.0,3.0,123.0
2024,2,SAR Labranza,143,8,16,23,85,11,17.0,10.0,1.0,0,3.0,1.0,5.0,106.0
2024,3,SAR Labranza,108,6,13,11,70,8,22.0,6.0,2.0,0,5.0,1.0,3.0,69.0
2024,4,SAR Labranza,130,6,10,17,83,14,20.0,7.0,0.0,0,5.0,0.0,4.0,94.0
2024,5,SAR Labranza,125,7,8,25,75,10,8.0,7.0,4.0,0,2.0,3.0,2.0,99.0
2024,6,SAR Labranza,121,5,9,19,78,10,8.0,5.0,1.0,0,1.0,0.0,3.0,103.0
2024,7,SAR Labranza,155,13,11,16,98,17,11.0,10.0,2.0,0,6.0,1.0,2.0,123.0
2024,8,SAR Labranza,160,4,15,18,105,18,12.0,12.0,3.0,0,5.0,2.0,3.0,123.0
2024,9,SAR Labranza,179,10,11,24,118,16,15.0,5.0,0.0,0,5.0,0.0,5.0,149.0
2024,10,SAR Labranza,166,4,13,27,107,15,13.0,12.0,1.0,0,9.0,2.0,6.0,123.0
2024,11,SAR Labranza,240,10,36,70,107,17,23.0,5.0,6.0,0,4.0,4.0,6.0,192.0
2024,12,SAR Labranza,354,15,43,119,163,14,46.0,12.0,3.0,0,8.0,0.0,3.0,282.0
2024,13,SAR Labranza,254,10,27,84,110,23,50.0,13.0,1.0,0,9.0,1.0,5.0,175.0
2024,14,SAR Labranza,313,15,43,79,164,12,60.0,20.0,0.0,0,2.0,2.0,1.0,228.0
2024,15,SAR Labranza,333,6,49,129,138,11,77.0,11.0,0.0,0,18.0,2.0,1.0,224.0
2024,16,SAR Labranza,349,7,49,138,142,13,84.0,12.0,0.0,0,23.0,1.0,5.0,224.0
2024,17,SAR Labranza,414,15,28,150,201,20,116.0,21.0,0.0,0,10.0,6.0,10.0,251.0
2024,18,SAR Labranza,426,13,36,120,236,21,98.0,22.0,0.0,0,40.0,4.0,10.0,252.0
2024,19,SAR Labranza,374,4,36,98,212,24,84.0,20.0,0.0,0,16.0,2.0,9.0,243.0
2024,20,SAR Labranza,486,4,40,148,272,22,106.0,10.0,0.0,0,50.0,0.0,8.0,312.0
2024,21,SAR Labranza,436,6,41,103,252,34,103.0,15.0,0.0,0,27.0,1.0,9.0,281.0
2024,22,SAR Labranza,257,3,20,54,155,25,67.0,15.0,0.0,0,9.0,4.0,11.0,151.0
2024,23,SAR Labranza,234,5,21,71,120,17,50.0,12.0,0.0,0,5.0,1.0,4.0,162.0
2024,24,SAR Labranza,225,2,26,59,116,22,58.0,6.0,0.0,0,8.0,3.0,7.0,143.0
2024,25,SAR Labranza,162,4,19,38,84,17,25.0,9.0,0.0,0,4.0,5.0,6.0,113.0
2024,26,SAR Labranza,161,4,22,29,91,15,31.0,6.0,0.0,0,0.0,4.0,4.0,116.0
2024,27,SAR Labranza,125,6,14,14,81,10,28.0,6.0,0.0,0,1.0,4.0,8.0,78.0
2024,28,SAR Labranza,144,9,10,34,77,14,45.0,11.0,0.0,0,5.0,2.0,4.0,77.0
2024,29,SAR Labranza,184,2,35,39,91,17,47.0,15.0,0.0,0,0.0,1.0,3.0,118.0
2024,30,SAR Labranza,172,8,35,35,76,18,33.0,17.0,0.0,0,2.0,2.0,6.0,112.0
2024,31,SAR Labranza,214,5,51,63,83,12,49.0,13.0,0.0,0,2.0,3.0,7.0,140.0
2024,32,SAR Labranza,289,12,81,78,102,16,71.0,13.0,0.0,0,1.0,2.0,12.0,190.0
2024,33,SAR Labranza,349,8,63,96,144,38,97.0,17.0,0.0,0,15.0,7.0,15.0,198.0
2024,34,SAR Labranza,305,14,47,80,139,25,73.0,10.0,0.0,0,7.0,2.0,8.0,205.0
2024,35,SAR Labranza,330,10,61,87,141,31,76.0,16.0,0.0,0,2.0,4.0,16.0,216.0
2024,36,SAR Labranza,241,10,39,71,99,22,53.0,12.0,0.0,0,0.0,4.0,15.0,157.0
2024,37,SAR Labranza,270,7,47,68,126,22,72.0,13.0,0.0,0,6.0,2.0,14.0,163.0
2024,38,SAR Labranza,378,17,45,96,191,29,104.0,13.0,0.0,0,3.0,3.0,17.0,238.0
2024,39,SAR Labranza,252,12,25,66,124,25,73.0,19.0,0.0,0,3.0,1.0,11.0,145.0
2024,40,SAR Labranza,278,4,29,77,139,29,63.0,17.0,0.0,0,3.0,6.0,11.0,178.0
2024,41,SAR Labranza,297,14,54,80,128,21,89.0,12.0,0.0,0,11.0,7.0,7.0,171.0
2024,42,SAR Labranza,352,6,49,109,156,32,85.0,17.0,0.0,0,6.0,6.0,20.0,218.0
2024,43,SAR Labranza,317,12,39,91,144,31,76.0,10.0,0.0,0,1.0,0.0,12.0,218.0
2024,44,SAR Labranza,351,12,34,87,191,27,81.0,14.0,0.0,0,0.0,8.0,12.0,236.0
2024,45,SAR Labranza,263,8,23,63,147,22,59.0,11.0,0.0,0,0.0,3.0,13.0,177.0
2024,46,SAR Labranza,266,4,29,65,140,28,69.0,13.0,0.0,0,2.0,4.0,10.0,168.0
2024,47,SAR Labranza,262,3,29,64,133,33,66.0,5.0,0.0,0,1.0,1.0,20.0,169.0
2024,48,SAR Labranza,257,6,24,69,136,22,56.0,14.0,0.0,0,0.0,4.0,11.0,172.0
2024,49,SAR Labranza,310,16,32,77,163,22,65.0,14.0,2.0,0,0.0,4.0,9.0,216.0
2024,50,SAR Labranza,267,7,26,63,148,23,64.0,19.0,0.0,0,1.0,8.0,13.0,162.0
2024,51,SAR Labranza,232,9,20,27,148,28,43.0,13.0,1.0,0,1.0,7.0,8.0,159.0
2024,52,SAR Labranza,212,5,20,23,130,34,47.0,11.0,0.0,0,5.0,14.0,12.0,123.0
2025,1,SAR Labranza,87,1,10,15,46,15,15.0,8.0,0.0,0,0.0,4.0,10.0,50.0
2025,2,SAR Labranza,132,0,13,10,84,25,21.0,7.0,0.0,0,0.0,6.0,7.0,91.0
2025,3,SAR Labranza,101,1,13,12,60,15,23.0,5.0,0.0,0,0.0,6.0,4.0,63.0
2025,4,SAR Labranza,76,2,3,7,50,14,11.0,9.0,0.0,0,0.0,0.0,2.0,54.0
2025,5,SAR Labranza,79,2,4,9,46,18,12.0,6.0,0.0,0,4.0,7.0,7.0,43.0
2025,6,SAR Labranza,82,1,8,13,50,10,8.0,6.0,0.0,0,0.0,5.0,5.0,58.0
2025,7,SAR Labranza,65,3,3,12,42,5,7.0,7.0,0.0,0,1.0,2.0,0.0,48.0
2025,8,SAR Labranza,70,1,3,8,49,9,10.0,4.0,0.0,0,0.0,1.0,2.0,53.0
2025,9,SAR Labranza,61,3,0,10,40,8,9.0,5.0,0.0,0,0.0,0.0,4.0,43.0
2025,10,SAR Labranza,88,7,9,14,46,12,9.0,6.0,0.0,0,0.0,4.0,3.0,66.0
2025,11,SAR Labranza,127,3,15,34,59,16,16.0,3.0,0.0,0,0.0,3.0,4.0,101.0
2025,12,SAR Labranza,210,10,19,58,99,24,34.0,14.0,0.0,0,3.0,5.0,13.0,141.0
2025,13,SAR Labranza,187,5,16,41,108,17,33.0,13.0,0.0,0,5.0,1.0,9.0,126.0
2025,14,SAR Labranza,188,9,30,37,93,19,42.0,12.0,0.0,0,3.0,3.0,10.0,118.0
2025,15,SAR Labranza,218,7,28,63,99,21,49.0,16.0,0.0,0,0.0,3.0,8.0,142.0
2025,16,SAR Labranza,260,5,36,75,108,36,60.0,10.0,0.0,0,0.0,6.0,17.0,167.0
2025,17,SAR Labranza,223,3,40,61,95,24,52.0,9.0,0.0,0,3.0,4.0,6.0,149.0
2025,18,SAR Labranza,256,5,40,46,140,25,59.0,19.0,0.0,0,4.0,7.0,6.0,161.0
2025,19,SAR Labranza,251,12,43,55,116,25,70.0,11.0,0.0,0,5.0,7.0,7.0,151.0
2025,20,SAR Labranza,248,8,25,54,133,28,43.0,13.0,0.0,0,4.0,9.0,25.0,154.0
2025,21,SAR Labranza,288,7,27,67,151,36,59.0,15.0,0.0,0,4.0,16.0,20.0,174.0
2025,22,SAR Labranza,249,3,27,53,134,32,49.0,19.0,0.0,0,1.0,7.0,17.0,156.0
2025,23,SAR Labranza,241,4,34,62,110,31,36.0,16.0,0.0,0,5.0,9.0,15.0,160.0
2025,24,SAR Labranza,222,2,36,45,116,23,46.0,13.0,0.0,0,6.0,7.0,6.0,144.0
2025,25,SAR Labranza,215,5,30,49,111,20,51.0,14.0,0.0,0,11.0,10.0,22.0,107.0
2025,26,SAR Labranza,168,2,23,32,94,17,39.0,9.0,0.0,0,4.0,5.0,8.0,103.0
2025,27,SAR Labranza,155,1,10,20,106,18,34.0,12.0,0.0,0,3.0,8.0,7.0,91.0
2025,28,SAR Labranza,157,4,12,37,89,15,32.0,3.0,0.0,0,0.0,5.0,9.0,108.0
2025,29,SAR Labranza,221,5,45,56,95,20,35.0,18.0,0.0,0,3.0,5.0,17.0,143.0
2025,30,SAR Labranza,269,12,43,80,112,22,46.0,12.0,0.0,0,11.0,6.0,16.0,178.0
2025,31,SAR Labranza,300,6,49,91,131,23,68.0,15.0,0.0,0,0.0,6.0,20.0,191.0
2025,32,SAR Labranza,269,7,47,98,97,20,47.0,16.0,0.0,0,7.0,3.0,31.0,165.0
2025,33,SAR Labranza,382,10,64,131,151,26,75.0,12.0,0.0,0,11.0,13.0,21.0,250.0
2025,34,SAR Labranza,293,6,37,88,135,27,69.0,16.0,0.0,0,7.0,11.0,14.0,176.0
2025,35,SAR Labranza,251,9,36,76,115,15,59.0,13.0,0.0,0,14.0,3.0,22.0,140.0
2025,36,SAR Labranza,290,5,38,69,154,24,63.0,9.0,0.0,0,17.0,11.0,15.0,175.0
2025,37,SAR Labranza,237,2,48,53,105,29,44.0,11.0,0.0,0,6.0,10.0,22.0,144.0
2025,38,SAR Labranza,284,6,38,57,145,38,46.0,13.0,0.0,0,11.0,14.0,21.0,179.0
2025,39,SAR Labranza,245,8,37,44,120,36,47.0,9.0,0.0,0,11.0,11.0,27.0,140.0
2025,40,SAR Labranza,224,5,32,46,115,26,47.0,9.0,0.0,0,7.0,7.0,13.0,141.0
2025,41,SAR Labranza,222,7,27,48,110,30,57.0,19.0,0.0,0,9.0,5.0,13.0,119.0
2025,42,SAR Labranza,228,5,36,61,100,26,45.0,11.0,0.0,0,9.0,2.0,12.0,149.0
2025,43,SAR Labranza,256,9,42,64,118,23,58.0,13.0,0.0,0,1.0,11.0,20.0,153.0
2025,44,SAR Labranza,250,3,33,63,128,23,48.0,11.0,0.0,0,4.0,17.0,10.0,160.0
2025,45,SAR Labranza,186,3,22,42,90,29,32.0,12.0,0.0,0,8.0,16.0,11.0,107.0
2025,46,SAR Labranza,223,6,28,60,105,24,46.0,15.0,0.0,0,0.0,7.0,4.0,151.0
2025,47,SAR Labranza,217,7,23,48,119,20,43.0,8.0,0.0,0,8.0,16.0,11.0,131.0
2025,48,SAR Labranza,173,5,17,38,97,16,25.0,10.0,0.0,0,6.0,6.0,12.0,114.0
2025,49,SAR Labranza,199,2,31,42,104,20,48.0,10.0,0.0,0,0.0,9.0,6.0,126.0
2025,50,SAR Labranza,195,4,20,40,110,21,37.0,7.0,0.0,0,6.0,6.0,15.0,124.0
2025,51,SAR Labranza,171,4,20,35,95,17,35.0,6.0,0.0,0,0.0,8.0,12.0,110.0
2025,52,SAR Labranza,153,4,17,17,91,24,33.0,11.0,0.0,0,2.0,9.0,4.0,94.0
2025,53,SAR Labranza,86,3,6,9,58,10,8.0,1.0,1.0,0,2.0,1.0,7.0,66.0
2026,1,SAR Labranza,108,2,9,14,72,11,26.0,6.0,0.0,0,3.0,4.0,8.0,61.0
2026,2,SAR Labranza,93,0,5,14,64,10,7.0,7.0,0.0,0,5.0,9.0,4.0,61.0
2026,3,SAR Labranza,76,3,11,9,41,12,11.0,6.0,0.0,0,8.0,3.0,6.0,42.0
2026,4,SAR Labranza,72,2,4,13,40,13,9.0,11.0,0.0,0,1.0,0.0,6.0,45.0
2026,5,SAR Labranza,87,1,3,17,55,11,14.0,4.0,0.0,0,0.0,8.0,1.0,60.0
2026,6,SAR Labranza,62,0,4,8,42,8,10.0,2.0,0.0,0,0.0,3.0,2.0,45.0
2026,7,SAR Labranza,67,1,8,8,43,7,9.0,4.0,0.0,0,0.0,4.0,12.0,38.0
2026,8,SAR Labranza,92,1,9,14,54,14,13.0,4.0,0.0,0,3.0,1.0,3.0,68.0
2026,9,SAR Labranza,92,3,10,21,50,8,13.0,4.0,0.0,0,2.0,2.0,3.0,68.0
2026,10,SAR Labranza,24,0,5,3,14,2,2.0,1.0,0.0,0,0.0,0.0,2.0,19.0
2026,53,SAR Labranza,66,4,6,10,34,12,12.0,3.0,0.0,0,0.0,4.0,3.0,44.0
2014,1,SAR Miraflores,90,1,17,11,53,8,19.0,5.0,0.0,0,8.0,0.0,2.0,56.0
2014,2,SAR Miraflores,168,6,11,38,93,20,43.0,9.0,0.0,0,6.0,2.0,1.0,107.0
2014,3,SAR Miraflores,145,2,14,21,98,10,19.0,13.0,0.0,0,10.0,2.0,2.0,99.0
2014,4,SAR Miraflores,130,8,20,19,70,13,40.0,9.0,0.0,0,4.0,1.0,2.0,74.0
2014,5,SAR Miraflores,133,10,12,17,82,12,21.0,15.0,0.0,0,5.0,0.0,2.0,90.0
2014,6,SAR Miraflores,144,5,17,17,88,17,12.0,21.0,0.0,0,11.0,0.0,0.0,100.0
2014,7,SAR Miraflores,121,4,11,28,68,10,17.0,12.0,0.0,0,8.0,1.0,3.0,80.0
2014,8,SAR Miraflores,142,11,14,12,92,13,23.0,17.0,0.0,0,9.0,2.0,3.0,88.0
2014,9,SAR Miraflores,143,2,16,7,92,26,34.0,20.0,0.0,0,4.0,1.0,1.0,83.0
2014,10,SAR Miraflores,182,5,15,20,122,20,33.0,24.0,0.0,0,3.0,0.0,1.0,121.0
2014,11,SAR Miraflores,242,10,41,52,126,13,35.0,11.0,0.0,0,14.0,1.0,16.0,165.0
2014,12,SAR Miraflores,321,10,57,43,197,14,80.0,13.0,0.0,0,18.0,2.0,9.0,199.0
2014,13,SAR Miraflores,248,9,33,34,149,23,61.0,34.0,0.0,0,10.0,0.0,3.0,140.0
2014,14,SAR Miraflores,231,11,36,24,146,14,64.0,19.0,0.0,0,6.0,2.0,1.0,139.0
2014,15,SAR Miraflores,276,4,34,33,179,26,65.0,28.0,0.0,0,13.0,1.0,3.0,166.0
2014,16,SAR Miraflores,275,11,40,41,164,19,62.0,32.0,0.0,0,15.0,2.0,3.0,161.0
2014,17,SAR Miraflores,260,6,30,30,175,19,56.0,36.0,0.0,0,18.0,4.0,0.0,146.0
2014,18,SAR Miraflores,261,12,31,32,164,22,65.0,22.0,0.0,0,18.0,3.0,5.0,148.0
2014,19,SAR Miraflores,244,12,40,34,141,17,56.0,17.0,0.0,0,7.0,3.0,0.0,161.0
2014,20,SAR Miraflores,221,2,40,35,128,16,69.0,14.0,0.0,0,13.0,4.0,1.0,120.0
2014,21,SAR Miraflores,300,13,54,49,152,32,80.0,23.0,0.0,0,18.0,2.0,2.0,175.0
2014,22,SAR Miraflores,323,15,39,59,187,23,118.0,20.0,0.0,0,31.0,1.0,5.0,148.0
2014,23,SAR Miraflores,271,7,35,48,167,14,86.0,17.0,0.0,0,26.0,2.0,1.0,139.0
2014,24,SAR Miraflores,384,10,39,82,234,19,98.0,23.0,0.0,0,48.0,2.0,2.0,211.0
2014,25,SAR Miraflores,406,10,64,88,218,26,136.0,26.0,0.0,0,36.0,0.0,8.0,200.0
2014,26,SAR Miraflores,513,17,66,127,266,37,129.0,50.0,0.0,0,82.0,0.0,5.0,247.0
2014,27,SAR Miraflores,457,8,59,76,285,29,139.0,24.0,0.0,0,82.0,2.0,3.0,207.0
2014,28,SAR Miraflores,397,13,52,62,235,35,137.0,35.0,0.0,0,45.0,2.0,4.0,174.0
2014,29,SAR Miraflores,404,17,73,41,232,41,132.0,18.0,0.0,0,69.0,5.0,7.0,173.0
2014,30,SAR Miraflores,272,11,44,30,165,22,96.0,20.0,0.0,0,21.0,2.0,5.0,128.0
2014,31,SAR Miraflores,244,7,30,18,168,21,72.0,28.0,0.0,0,32.0,4.0,1.0,107.0
2014,32,SAR Miraflores,274,7,52,39,151,25,98.0,22.0,0.0,0,21.0,2.0,4.0,127.0
2014,33,SAR Miraflores,309,17,65,58,152,17,142.0,28.0,0.0,0,18.0,0.0,4.0,117.0
2014,34,SAR Miraflores,340,17,57,65,176,25,112.0,29.0,0.0,0,27.0,4.0,3.0,165.0
2014,35,SAR Miraflores,378,16,64,64,208,26,115.0,42.0,0.0,0,19.0,8.0,5.0,189.0
2014,36,SAR Miraflores,272,9,33,48,155,27,82.0,26.0,0.0,0,12.0,8.0,5.0,139.0
2014,37,SAR Miraflores,297,7,39,39,178,34,91.0,29.0,0.0,0,14.0,1.0,2.0,160.0
2014,38,SAR Miraflores,262,8,38,39,152,25,89.0,29.0,0.0,0,15.0,2.0,4.0,123.0
2014,39,SAR Miraflores,307,11,37,46,188,25,65.0,28.0,0.0,0,19.0,5.0,29.0,161.0
2014,40,SAR Miraflores,259,13,36,45,145,20,72.0,23.0,0.0,0,10.0,3.0,5.0,146.0
2014,41,SAR Miraflores,281,8,44,56,150,23,81.0,40.0,0.0,0,6.0,4.0,4.0,146.0
2014,42,SAR Miraflores,239,8,32,51,124,24,88.0,15.0,0.0,0,14.0,0.0,3.0,119.0
2014,43,SAR Miraflores,269,8,29,55,151,26,72.0,32.0,0.0,0,8.0,3.0,2.0,152.0
2014,44,SAR Miraflores,241,6,32,29,158,16,60.0,25.0,0.0,0,9.0,1.0,1.0,145.0
2014,45,SAR Miraflores,239,1,39,28,150,21,72.0,27.0,0.0,0,5.0,1.0,3.0,131.0
2014,46,SAR Miraflores,269,15,36,52,143,23,66.0,20.0,0.0,0,15.0,6.0,5.0,157.0
2014,47,SAR Miraflores,276,9,35,35,174,23,74.0,31.0,0.0,0,17.0,3.0,2.0,149.0
2014,48,SAR Miraflores,215,4,36,33,126,16,55.0,31.0,0.0,0,19.0,3.0,2.0,105.0
2014,49,SAR Miraflores,241,10,34,42,136,19,67.0,25.0,0.0,0,10.0,2.0,1.0,136.0
2014,50,SAR Miraflores,214,6,24,34,136,14,66.0,27.0,0.0,0,5.0,1.0,0.0,115.0
2014,51,SAR Miraflores,227,8,28,35,141,15,57.0,18.0,0.0,0,12.0,2.0,1.0,137.0
2014,52,SAR Miraflores,212,7,16,28,135,26,51.0,22.0,0.0,0,6.0,8.0,1.0,124.0
2014,53,SAR Miraflores,115,6,18,8,78,5,19.0,9.0,0.0,0,8.0,2.0,0.0,77.0
2015,1,SAR Miraflores,158,4,14,21,102,17,38.0,18.0,0.0,0,12.0,2.0,4.0,84.0
2015,2,SAR Miraflores,133,4,14,22,87,6,23.0,11.0,0.0,0,4.0,1.0,0.0,94.0
2015,3,SAR Miraflores,119,3,15,15,77,9,28.0,7.0,0.0,0,4.0,5.0,1.0,74.0
2015,4,SAR Miraflores,134,6,14,20,81,13,28.0,20.0,0.0,0,5.0,3.0,1.0,77.0
2015,5,SAR Miraflores,146,6,14,14,100,12,23.0,12.0,0.0,0,6.0,1.0,1.0,103.0
2015,6,SAR Miraflores,147,2,16,18,102,9,24.0,17.0,0.0,0,11.0,0.0,3.0,92.0
2015,7,SAR Miraflores,145,3,8,12,104,18,20.0,20.0,0.0,0,3.0,1.0,2.0,99.0
2015,8,SAR Miraflores,137,6,12,16,86,17,18.0,17.0,0.0,0,7.0,4.0,1.0,90.0
2015,9,SAR Miraflores,144,6,12,20,86,20,26.0,19.0,0.0,0,6.0,1.0,3.0,89.0
2015,10,SAR Miraflores,217,10,33,49,105,20,54.0,18.0,0.0,0,2.0,3.0,4.0,136.0
2015,11,SAR Miraflores,314,12,39,48,189,26,77.0,20.0,0.0,0,17.0,2.0,2.0,196.0
2015,12,SAR Miraflores,313,19,34,39,186,35,77.0,23.0,0.0,0,18.0,2.0,3.0,190.0
2015,13,SAR Miraflores,302,17,42,34,182,27,89.0,24.0,0.0,0,20.0,2.0,6.0,161.0
2015,14,SAR Miraflores,283,22,40,33,164,24,89.0,29.0,0.0,0,9.0,2.0,0.0,154.0
2015,15,SAR Miraflores,327,21,54,46,193,13,61.0,15.0,0.0,0,22.0,4.0,5.0,220.0
2015,16,SAR Miraflores,356,25,55,51,192,33,84.0,35.0,0.0,0,9.0,5.0,8.0,215.0
2015,17,SAR Miraflores,318,16,63,54,159,26,80.0,30.0,0.0,0,14.0,2.0,4.0,188.0
2015,18,SAR Miraflores,375,17,68,59,206,25,94.0,30.0,0.0,0,8.0,2.0,6.0,235.0
2015,19,SAR Miraflores,408,21,103,63,197,24,103.0,29.0,0.0,0,8.0,8.0,5.0,255.0
2015,20,SAR Miraflores,435,32,96,73,204,30,102.0,28.0,0.0,0,20.0,14.0,12.0,259.0
2015,21,SAR Miraflores,357,31,63,57,175,31,92.0,19.0,0.0,0,18.0,4.0,10.0,214.0
2015,22,SAR Miraflores,346,15,65,58,181,27,93.0,36.0,0.0,0,12.0,5.0,5.0,195.0
2015,23,SAR Miraflores,378,31,68,66,185,28,104.0,35.0,0.0,0,19.0,5.0,13.0,202.0
2015,24,SAR Miraflores,439,23,74,68,248,26,118.0,40.0,0.0,0,14.0,7.0,14.0,246.0
2015,25,SAR Miraflores,447,23,63,78,243,40,136.0,34.0,0.0,0,17.0,5.0,10.0,245.0
2015,26,SAR Miraflores,458,33,75,69,245,36,151.0,38.0,0.0,0,14.0,5.0,16.0,234.0
2015,27,SAR Miraflores,477,27,103,69,244,34,172.0,33.0,0.0,0,33.0,6.0,11.0,222.0
2015,28,SAR Miraflores,546,48,131,58,248,61,214.0,28.0,0.0,0,26.0,11.0,25.0,242.0
2015,29,SAR Miraflores,456,42,76,45,248,45,144.0,31.0,0.0,0,27.0,0.0,21.0,233.0
2015,30,SAR Miraflores,443,33,66,52,245,47,152.0,42.0,0.0,0,22.0,3.0,20.0,204.0
2015,31,SAR Miraflores,421,37,73,71,201,39,154.0,38.0,0.0,0,19.0,3.0,17.0,190.0
2015,32,SAR Miraflores,593,37,129,113,271,43,210.0,32.0,0.0,0,38.0,7.0,19.0,287.0
2015,33,SAR Miraflores,776,58,133,155,365,65,278.0,57.0,0.0,0,46.0,8.0,26.0,361.0
2015,34,SAR Miraflores,614,22,91,110,328,63,201.0,39.0,0.0,0,62.0,12.0,36.0,264.0
2015,35,SAR Miraflores,604,32,81,140,294,57,205.0,43.0,0.0,0,73.0,8.0,25.0,250.0
2015,36,SAR Miraflores,624,34,87,131,319,53,206.0,43.0,0.0,0,64.0,5.0,17.0,289.0
2015,37,SAR Miraflores,581,35,83,105,303,55,221.0,35.0,0.0,0,48.0,7.0,21.0,249.0
2015,38,SAR Miraflores,631,33,73,81,363,81,180.0,43.0,0.0,0,62.0,12.0,64.0,270.0
2015,39,SAR Miraflores,495,26,75,77,268,49,145.0,38.0,0.0,0,49.0,5.0,28.0,230.0
2015,40,SAR Miraflores,534,26,92,93,274,49,176.0,28.0,0.0,0,57.0,10.0,26.0,237.0
2015,41,SAR Miraflores,521,23,73,78,293,54,159.0,32.0,0.0,0,71.0,8.0,23.0,228.0
2015,42,SAR Miraflores,430,20,63,66,243,38,123.0,27.0,0.0,0,44.0,8.0,10.0,218.0
2015,43,SAR Miraflores,464,35,66,74,245,44,126.0,33.0,0.0,0,52.0,9.0,14.0,230.0
2015,44,SAR Miraflores,483,24,80,92,243,44,129.0,46.0,0.0,0,44.0,10.0,16.0,238.0
2015,45,SAR Miraflores,374,11,60,56,208,39,96.0,37.0,0.0,0,26.0,8.0,9.0,198.0
2015,46,SAR Miraflores,399,17,67,71,209,35,128.0,35.0,0.0,0,26.0,11.0,12.0,187.0
2015,47,SAR Miraflores,414,22,63,75,224,30,91.0,39.0,0.0,0,26.0,6.0,12.0,240.0
2015,48,SAR Miraflores,369,16,68,74,171,40,104.0,28.0,0.0,0,14.0,8.0,16.0,199.0
2015,49,SAR Miraflores,411,16,79,70,201,45,106.0,34.0,0.0,0,8.0,8.0,17.0,238.0
2015,50,SAR Miraflores,353,10,51,48,216,28,90.0,39.0,0.0,0,23.0,11.0,5.0,185.0
2015,51,SAR Miraflores,330,14,49,36,200,31,82.0,38.0,0.0,0,17.0,6.0,10.0,177.0
2015,52,SAR Miraflores,212,10,22,18,131,31,48.0,26.0,0.0,0,8.0,7.0,11.0,112.0
2015,53,SAR Miraflores,95,9,9,9,53,15,17.0,10.0,0.0,0,9.0,3.0,0.0,56.0
2016,1,SAR Miraflores,251,6,26,26,156,37,53.0,35.0,0.0,0,15.0,8.0,7.0,133.0
2016,2,SAR Miraflores,174,7,16,32,105,14,33.0,18.0,0.0,0,11.0,11.0,5.0,96.0
2016,3,SAR Miraflores,191,13,22,15,123,18,30.0,27.0,0.0,0,4.0,5.0,10.0,115.0
2016,4,SAR Miraflores,157,4,21,9,95,28,30.0,19.0,0.0,0,8.0,5.0,9.0,86.0
2016,5,SAR Miraflores,156,12,17,13,99,15,27.0,17.0,0.0,0,8.0,3.0,2.0,99.0
2016,6,SAR Miraflores,168,9,27,21,89,22,28.0,15.0,0.0,0,12.0,5.0,10.0,98.0
2016,7,SAR Miraflores,193,4,20,17,135,17,33.0,18.0,0.0,0,14.0,6.0,8.0,114.0
2016,8,SAR Miraflores,205,47,14,17,105,22,38.0,17.0,0.0,0,9.0,5.0,6.0,130.0
2016,9,SAR Miraflores,197,10,21,28,118,20,37.0,20.0,0.0,0,12.0,4.0,8.0,116.0
2016,10,SAR Miraflores,282,14,29,42,163,34,70.0,27.0,0.0,0,10.0,3.0,10.0,162.0
2016,11,SAR Miraflores,340,10,43,59,189,39,86.0,27.0,0.0,0,14.0,7.0,20.0,186.0
2016,12,SAR Miraflores,337,16,53,52,168,48,91.0,33.0,0.0,0,18.0,8.0,14.0,173.0
2016,13,SAR Miraflores,306,18,38,32,172,46,88.0,34.0,0.0,0,19.0,8.0,16.0,141.0
2016,14,SAR Miraflores,336,21,66,42,175,32,91.0,33.0,0.0,0,13.0,8.0,10.0,181.0
2016,15,SAR Miraflores,355,12,56,50,196,41,64.0,41.0,0.0,0,21.0,11.0,16.0,202.0
2016,16,SAR Miraflores,337,17,68,64,163,25,85.0,34.0,0.0,0,20.0,5.0,22.0,171.0
2016,17,SAR Miraflores,346,14,66,70,165,31,88.0,23.0,0.0,0,25.0,6.0,27.0,177.0
2016,18,SAR Miraflores,380,14,67,64,201,34,82.0,40.0,0.0,0,35.0,9.0,16.0,198.0
2016,19,SAR Miraflores,424,21,86,73,203,41,102.0,27.0,0.0,0,44.0,8.0,22.0,221.0
2016,20,SAR Miraflores,408,29,89,72,182,36,114.0,41.0,0.0,0,26.0,12.0,18.0,197.0
2016,21,SAR Miraflores,415,20,71,85,200,39,131.0,37.0,0.0,0,24.0,6.0,19.0,198.0
2016,22,SAR Miraflores,438,17,97,86,198,40,108.0,41.0,0.0,0,34.0,8.0,18.0,229.0
2016,23,SAR Miraflores,591,39,144,122,242,44,195.0,46.0,0.0,0,29.0,7.0,28.0,286.0
2016,24,SAR Miraflores,581,40,136,116,244,45,183.0,38.0,0.0,0,41.0,1.0,29.0,289.0
2016,25,SAR Miraflores,508,21,97,92,248,50,148.0,51.0,0.0,0,44.0,16.0,28.0,221.0
2016,26,SAR Miraflores,399,11,80,86,176,46,131.0,31.0,0.0,0,33.0,2.0,24.0,178.0
2016,27,SAR Miraflores,460,25,63,73,240,59,125.0,52.0,0.0,0,39.0,12.0,33.0,199.0
2016,28,SAR Miraflores,541,32,79,58,313,59,164.0,55.0,0.0,0,53.0,12.0,24.0,233.0
2016,29,SAR Miraflores,460,20,43,34,302,61,150.0,47.0,0.0,0,52.0,12.0,26.0,173.0
2016,30,SAR Miraflores,467,17,43,42,306,59,136.0,44.0,0.0,0,55.0,6.0,34.0,192.0
2016,31,SAR Miraflores,444,13,49,48,274,60,110.0,49.0,0.0,0,52.0,3.0,27.0,203.0
2016,32,SAR Miraflores,458,20,50,82,251,55,146.0,31.0,0.0,0,60.0,13.0,32.0,176.0
2016,33,SAR Miraflores,476,15,55,78,263,65,110.0,38.0,0.0,0,73.0,12.0,24.0,219.0
2016,34,SAR Miraflores,530,12,86,91,276,65,181.0,39.0,0.0,0,64.0,11.0,25.0,210.0
2016,35,SAR Miraflores,404,15,57,64,208,60,109.0,30.0,0.0,0,60.0,10.0,17.0,178.0
2016,36,SAR Miraflores,388,13,72,70,185,48,116.0,24.0,0.0,0,50.0,7.0,25.0,166.0
2016,37,SAR Miraflores,431,19,45,70,239,58,104.0,37.0,0.0,0,56.0,9.0,21.0,204.0
2016,38,SAR Miraflores,523,16,79,77,292,59,138.0,36.0,0.0,0,69.0,8.0,25.0,247.0
2016,39,SAR Miraflores,448,12,63,64,250,59,111.0,41.0,0.0,0,56.0,10.0,29.0,201.0
2016,40,SAR Miraflores,439,10,59,80,244,46,102.0,37.0,0.0,0,65.0,12.0,25.0,198.0
2016,41,SAR Miraflores,420,17,66,70,216,51,119.0,41.0,0.0,0,36.0,10.0,25.0,189.0
2016,42,SAR Miraflores,455,72,54,52,225,52,130.0,30.0,0.0,0,40.0,10.0,18.0,227.0
2016,43,SAR Miraflores,356,24,51,62,177,42,112.0,33.0,0.0,0,23.0,8.0,10.0,170.0
2016,44,SAR Miraflores,381,17,52,58,203,51,109.0,48.0,0.0,0,17.0,4.0,21.0,182.0
2016,45,SAR Miraflores,347,17,47,57,171,55,77.0,23.0,0.0,0,23.0,12.0,21.0,191.0
2016,46,SAR Miraflores,305,15,35,55,153,47,63.0,39.0,0.0,0,11.0,5.0,25.0,162.0
2016,47,SAR Miraflores,296,13,36,44,169,34,67.0,33.0,0.0,0,18.0,4.0,19.0,155.0
2016,48,SAR Miraflores,305,13,60,48,153,31,55.0,27.0,0.0,0,17.0,8.0,20.0,178.0
2016,49,SAR Miraflores,343,13,48,58,186,38,59.0,40.0,0.0,0,24.0,10.0,11.0,199.0
2016,50,SAR Miraflores,340,8,63,40,181,48,97.0,34.0,0.0,0,12.0,13.0,14.0,170.0
2016,51,SAR Miraflores,307,11,44,41,163,48,64.0,40.0,0.0,0,9.0,13.0,12.0,169.0
2016,52,SAR Miraflores,348,14,42,39,220,33,64.0,37.0,0.0,0,16.0,10.0,19.0,202.0
2017,1,SAR Miraflores,323,5,44,28,191,55,66.0,37.0,0.0,0,12.0,7.0,27.0,174.0
2017,2,SAR Miraflores,196,5,18,7,122,44,30.0,27.0,0.0,0,17.0,6.0,19.0,97.0
2017,3,SAR Miraflores,177,3,23,16,97,38,34.0,18.0,0.0,0,8.0,5.0,20.0,92.0
2017,4,SAR Miraflores,153,5,18,16,82,32,29.0,14.0,0.0,0,9.0,3.0,15.0,83.0
2017,5,SAR Miraflores,142,6,12,13,86,25,27.0,21.0,0.0,0,3.0,6.0,12.0,73.0
2017,6,SAR Miraflores,150,6,16,18,87,23,26.0,20.0,0.0,0,9.0,2.0,8.0,85.0
2017,7,SAR Miraflores,154,7,15,9,92,31,29.0,15.0,0.0,0,5.0,5.0,10.0,90.0
2017,8,SAR Miraflores,151,3,15,20,84,29,21.0,22.0,0.0,0,8.0,6.0,11.0,83.0
2017,9,SAR Miraflores,155,4,14,15,91,31,33.0,24.0,0.0,0,4.0,4.0,5.0,85.0
2017,10,SAR Miraflores,207,2,22,32,114,37,44.0,33.0,0.0,0,15.0,6.0,19.0,90.0
2017,11,SAR Miraflores,373,51,67,55,154,46,49.0,42.0,0.0,0,25.0,7.0,33.0,217.0
2017,12,SAR Miraflores,365,20,66,53,185,41,73.0,34.0,0.0,0,24.0,16.0,10.0,208.0
2017,13,SAR Miraflores,358,14,66,47,189,42,76.0,27.0,0.0,0,24.0,8.0,12.0,211.0
2017,14,SAR Miraflores,329,17,65,40,180,27,63.0,37.0,0.0,0,29.0,2.0,16.0,182.0
2017,15,SAR Miraflores,365,8,58,52,190,57,64.0,46.0,0.0,0,22.0,9.0,23.0,201.0
2017,16,SAR Miraflores,308,11,48,38,176,35,78.0,29.0,0.0,0,25.0,10.0,18.0,148.0
2017,17,SAR Miraflores,340,15,45,63,171,46,82.0,34.0,0.0,0,31.0,12.0,23.0,158.0
2017,18,SAR Miraflores,306,14,81,40,138,33,75.0,28.0,0.0,0,24.0,6.0,21.0,152.0
2017,19,SAR Miraflores,333,13,58,62,154,46,76.0,34.0,0.0,0,36.0,7.0,21.0,159.0
2017,20,SAR Miraflores,416,21,111,61,187,36,72.0,32.0,0.0,0,26.0,5.0,38.0,243.0
2017,21,SAR Miraflores,460,18,75,97,230,40,102.0,35.0,0.0,0,48.0,2.0,23.0,250.0
2017,22,SAR Miraflores,487,18,74,96,256,43,121.0,36.0,0.0,0,54.0,10.0,33.0,233.0
2017,23,SAR Miraflores,605,25,80,147,287,66,143.0,49.0,0.0,0,96.0,5.0,41.0,271.0
2017,24,SAR Miraflores,525,15,72,92,285,61,137.0,39.0,0.0,0,87.0,7.0,46.0,209.0
2017,25,SAR Miraflores,583,17,77,90,333,66,157.0,49.0,0.0,0,88.0,6.0,39.0,244.0
2017,26,SAR Miraflores,589,23,88,67,322,89,164.0,44.0,0.0,0,86.0,8.0,54.0,233.0
2017,27,SAR Miraflores,526,25,102,99,222,78,143.0,70.0,0.0,0,63.0,12.0,51.0,187.0
2017,28,SAR Miraflores,477,21,79,60,254,63,128.0,42.0,0.0,0,56.0,7.0,37.0,207.0
2017,29,SAR Miraflores,438,22,64,41,247,64,107.0,64.0,0.0,0,47.0,9.0,36.0,175.0
2017,30,SAR Miraflores,380,17,44,33,218,68,97.0,48.0,0.0,0,32.0,9.0,32.0,162.0
2017,31,SAR Miraflores,348,13,27,28,207,73,96.0,39.0,0.0,0,28.0,15.0,33.0,137.0
2017,32,SAR Miraflores,327,10,50,43,177,47,80.0,35.0,0.0,0,21.0,6.0,28.0,157.0
2017,33,SAR Miraflores,373,19,65,42,195,52,101.0,37.0,0.0,0,30.0,10.0,43.0,152.0
2017,34,SAR Miraflores,383,15,48,62,196,62,91.0,34.0,0.0,0,29.0,10.0,37.0,182.0
2017,35,SAR Miraflores,354,11,40,65,197,41,88.0,26.0,0.0,0,25.0,12.0,26.0,177.0
2017,36,SAR Miraflores,392,18,45,69,203,57,112.0,41.0,0.0,0,23.0,7.0,26.0,183.0
2017,37,SAR Miraflores,438,16,58,47,240,77,99.0,52.0,0.0,0,23.0,10.0,41.0,213.0
2017,38,SAR Miraflores,491,15,60,53,276,87,135.0,55.0,0.0,0,44.0,11.0,36.0,210.0
2017,39,SAR Miraflores,395,11,43,42,232,67,106.0,33.0,0.0,0,44.0,11.0,31.0,170.0
2017,40,SAR Miraflores,320,6,44,49,178,43,76.0,42.0,0.0,0,28.0,5.0,29.0,140.0
2017,41,SAR Miraflores,405,32,73,65,183,52,103.0,29.0,0.0,0,22.0,7.0,25.0,219.0
2017,42,SAR Miraflores,419,10,69,56,241,43,102.0,43.0,0.0,0,37.0,14.0,20.0,203.0
2017,43,SAR Miraflores,370,14,60,69,170,57,96.0,34.0,0.0,0,39.0,8.0,26.0,167.0
2017,44,SAR Miraflores,433,10,55,70,237,61,96.0,43.0,0.0,0,48.0,8.0,15.0,223.0
2017,45,SAR Miraflores,346,14,44,66,179,43,77.0,38.0,0.0,0,29.0,4.0,15.0,183.0
2017,46,SAR Miraflores,375,20,56,63,177,59,87.0,33.0,0.0,0,29.0,12.0,27.0,187.0
2017,47,SAR Miraflores,374,6,64,54,208,42,81.0,35.0,0.0,0,29.0,5.0,20.0,204.0
2017,48,SAR Miraflores,370,15,39,91,162,63,65.0,60.0,0.0,0,19.0,11.0,17.0,198.0
2017,49,SAR Miraflores,321,11,44,57,160,49,88.0,35.0,0.0,0,24.0,9.0,14.0,151.0
2017,50,SAR Miraflores,295,13,38,36,165,43,52.0,43.0,0.0,0,17.0,10.0,23.0,150.0
2017,51,SAR Miraflores,314,9,38,31,187,49,63.0,43.0,0.0,0,20.0,12.0,18.0,158.0
2017,52,SAR Miraflores,290,14,41,39,152,44,45.0,37.0,0.0,0,19.0,14.0,23.0,152.0
2018,1,SAR Miraflores,282,8,19,20,180,55,47.0,36.0,0.0,0,21.0,5.0,16.0,157.0
2018,2,SAR Miraflores,234,9,25,21,139,40,39.0,23.0,0.0,0,16.0,9.0,15.0,132.0
2018,3,SAR Miraflores,227,6,23,20,140,38,30.0,32.0,0.0,0,6.0,9.0,14.0,136.0
2018,4,SAR Miraflores,193,8,23,14,120,28,36.0,26.0,0.0,0,3.0,9.0,9.0,110.0
2018,5,SAR Miraflores,201,8,17,21,119,36,35.0,27.0,0.0,0,4.0,11.0,12.0,112.0
2018,6,SAR Miraflores,161,8,15,15,88,35,35.0,18.0,0.0,0,2.0,10.0,8.0,88.0
2018,7,SAR Miraflores,118,6,17,8,67,20,26.0,10.0,0.0,0,9.0,7.0,4.0,62.0
2018,8,SAR Miraflores,182,7,12,12,128,23,33.0,21.0,0.0,0,8.0,3.0,10.0,107.0
2018,9,SAR Miraflores,186,8,9,16,125,28,29.0,22.0,0.0,0,9.0,8.0,14.0,104.0
2018,10,SAR Miraflores,188,8,23,15,113,29,29.0,18.0,0.0,0,18.0,7.0,9.0,107.0
2018,11,SAR Miraflores,373,13,48,62,213,37,71.0,30.0,0.0,0,55.0,7.0,17.0,193.0
2018,12,SAR Miraflores,390,16,51,41,239,43,77.0,29.0,0.0,0,44.0,9.0,20.0,211.0
2018,13,SAR Miraflores,415,15,46,37,263,54,80.0,37.0,0.0,0,45.0,6.0,21.0,226.0
2018,14,SAR Miraflores,327,13,41,34,185,54,44.0,16.0,0.0,0,38.0,11.0,27.0,191.0
2018,15,SAR Miraflores,287,11,42,31,170,33,46.0,18.0,0.0,0,19.0,10.0,12.0,182.0
2018,16,SAR Miraflores,299,13,48,39,150,49,46.0,33.0,0.0,0,9.0,7.0,24.0,180.0
2018,17,SAR Miraflores,286,15,48,46,143,34,55.0,25.0,0.0,0,12.0,9.0,27.0,158.0
2018,18,SAR Miraflores,354,15,67,44,178,50,65.0,29.0,0.0,0,26.0,6.0,17.0,211.0
2018,19,SAR Miraflores,260,6,52,32,141,29,63.0,21.0,0.0,0,16.0,5.0,12.0,143.0
2018,20,SAR Miraflores,269,17,47,30,136,39,58.0,16.0,0.0,0,18.0,7.0,20.0,150.0
2018,21,SAR Miraflores,366,20,53,65,178,50,76.0,30.0,0.0,0,30.0,6.0,24.0,200.0
2018,22,SAR Miraflores,353,23,63,54,166,47,72.0,34.0,0.0,0,18.0,11.0,33.0,185.0
2018,23,SAR Miraflores,374,19,46,48,200,61,79.0,36.0,0.0,0,28.0,11.0,38.0,182.0
2018,24,SAR Miraflores,423,21,70,61,218,53,96.0,31.0,0.0,0,42.0,9.0,36.0,209.0
2018,25,SAR Miraflores,463,27,103,59,213,61,101.0,30.0,0.0,0,48.0,4.0,37.0,243.0
2018,26,SAR Miraflores,533,34,126,66,248,59,123.0,27.0,0.0,0,60.0,13.0,39.0,271.0
2018,27,SAR Miraflores,542,29,95,92,250,76,125.0,36.0,0.0,0,70.0,2.0,50.0,259.0
2018,28,SAR Miraflores,526,34,80,72,259,81,149.0,28.0,0.0,0,70.0,8.0,37.0,234.0
2018,29,SAR Miraflores,557,33,74,45,327,78,126.0,41.0,0.0,0,75.0,6.0,41.0,268.0
2018,30,SAR Miraflores,476,27,39,35,276,99,116.0,36.0,0.0,0,61.0,7.0,36.0,220.0
2018,31,SAR Miraflores,429,19,36,33,265,76,85.0,25.0,0.0,0,82.0,13.0,38.0,186.0
2018,32,SAR Miraflores,449,14,55,51,239,90,93.0,40.0,0.0,0,43.0,15.0,43.0,215.0
2018,33,SAR Miraflores,540,16,71,89,273,91,115.0,36.0,0.0,0,73.0,9.0,40.0,267.0
2018,34,SAR Miraflores,569,14,75,84,313,83,110.0,38.0,0.0,0,87.0,15.0,37.0,282.0
2018,35,SAR Miraflores,530,10,72,78,277,93,78.0,40.0,0.0,0,63.0,11.0,39.0,299.0
2018,36,SAR Miraflores,516,21,66,73,274,82,101.0,30.0,0.0,0,54.0,7.0,58.0,266.0
2018,37,SAR Miraflores,517,26,58,86,268,79,121.0,28.0,0.0,0,60.0,7.0,45.0,256.0
2018,38,SAR Miraflores,501,21,55,65,297,63,106.0,48.0,0.0,0,62.0,12.0,38.0,235.0
2018,39,SAR Miraflores,416,14,37,48,230,87,92.0,36.0,0.0,0,45.0,14.0,46.0,183.0
2018,40,SAR Miraflores,337,15,62,37,170,53,54.0,34.0,0.0,0,31.0,3.0,35.0,180.0
2018,41,SAR Miraflores,428,10,55,76,221,66,100.0,29.0,0.0,0,45.0,6.0,32.0,216.0
2018,42,SAR Miraflores,421,9,49,57,246,60,63.0,38.0,0.0,0,53.0,8.0,35.0,224.0
2018,43,SAR Miraflores,376,11,38,50,223,54,70.0,32.0,0.0,0,28.0,6.0,29.0,211.0
2018,44,SAR Miraflores,412,16,38,60,228,70,77.0,33.0,0.0,0,33.0,6.0,37.0,226.0
2018,45,SAR Miraflores,346,13,33,46,206,48,77.0,28.0,0.0,0,21.0,8.0,20.0,192.0
2018,46,SAR Miraflores,250,16,34,30,121,49,57.0,24.0,0.0,0,18.0,7.0,15.0,129.0
2018,47,SAR Miraflores,293,9,39,54,146,45,45.0,23.0,0.0,0,24.0,7.0,19.0,175.0
2018,48,SAR Miraflores,329,17,46,41,168,57,60.0,33.0,0.0,0,25.0,11.0,19.0,181.0
2018,49,SAR Miraflores,282,9,34,49,138,52,49.0,28.0,0.0,0,12.0,7.0,22.0,164.0
2018,50,SAR Miraflores,321,15,34,58,159,55,64.0,38.0,0.0,0,24.0,12.0,12.0,171.0
2018,51,SAR Miraflores,289,15,19,31,181,43,47.0,35.0,0.0,0,18.0,12.0,16.0,161.0
2018,52,SAR Miraflores,302,13,27,26,187,49,53.0,38.0,0.0,0,13.0,13.0,24.0,161.0
2019,1,SAR Miraflores,277,10,26,23,164,54,56.0,31.0,0.0,0,19.0,9.0,17.0,145.0
2019,2,SAR Miraflores,239,9,15,13,152,50,36.0,28.0,0.0,0,15.0,9.0,23.0,128.0
2019,3,SAR Miraflores,201,8,16,15,123,39,43.0,17.0,0.0,0,8.0,7.0,18.0,108.0
2019,4,SAR Miraflores,181,7,16,11,119,28,39.0,18.0,0.0,0,9.0,8.0,19.0,88.0
2019,5,SAR Miraflores,155,7,16,8,89,35,13.0,18.0,0.0,0,8.0,8.0,14.0,94.0
2019,6,SAR Miraflores,138,6,12,8,79,33,14.0,25.0,0.0,0,8.0,7.0,12.0,72.0
2019,7,SAR Miraflores,175,4,14,7,116,34,17.0,25.0,0.0,0,13.0,9.0,15.0,96.0
2019,8,SAR Miraflores,164,7,10,12,105,30,23.0,18.0,0.0,0,11.0,7.0,16.0,89.0
2019,9,SAR Miraflores,160,8,8,18,91,35,29.0,20.0,0.0,0,7.0,7.0,13.0,84.0
2019,10,SAR Miraflores,191,7,22,9,118,35,28.0,19.0,0.0,0,7.0,7.0,14.0,116.0
2019,11,SAR Miraflores,222,22,26,36,104,34,47.0,11.0,0.0,0,21.0,7.0,22.0,114.0
2019,12,SAR Miraflores,270,18,38,31,134,49,55.0,24.0,0.0,0,13.0,4.0,18.0,156.0
2019,13,SAR Miraflores,255,15,28,40,112,60,51.0,23.0,0.0,0,9.0,10.0,26.0,136.0
2019,14,SAR Miraflores,249,13,27,28,132,49,46.0,25.0,0.0,0,17.0,9.0,27.0,125.0
2019,15,SAR Miraflores,254,13,35,20,130,56,44.0,33.0,0.0,0,19.0,10.0,22.0,126.0
2019,16,SAR Miraflores,326,23,57,35,170,41,56.0,35.0,0.0,0,19.0,10.0,24.0,182.0
2019,17,SAR Miraflores,325,16,59,48,169,33,62.0,26.0,0.0,0,21.0,5.0,29.0,182.0
2019,18,SAR Miraflores,360,17,56,57,182,48,64.0,28.0,0.0,0,25.0,11.0,26.0,206.0
2019,19,SAR Miraflores,334,14,46,61,181,32,51.0,23.0,0.0,0,67.0,6.0,17.0,170.0
2019,20,SAR Miraflores,490,20,64,110,233,63,78.0,36.0,0.0,0,80.0,9.0,27.0,260.0
2019,21,SAR Miraflores,635,20,66,98,380,71,111.0,34.0,0.0,0,151.0,7.0,47.0,285.0
2019,22,SAR Miraflores,569,14,71,92,321,71,127.0,36.0,0.0,0,120.0,4.0,36.0,246.0
2019,23,SAR Miraflores,534,22,65,73,301,73,101.0,30.0,0.0,0,128.0,5.0,46.0,224.0
2019,24,SAR Miraflores,523,22,73,77,291,60,84.0,28.0,0.0,0,110.0,9.0,65.0,227.0
2019,25,SAR Miraflores,486,22,74,64,275,51,83.0,24.0,0.0,0,89.0,9.0,27.0,254.0
2019,26,SAR Miraflores,375,31,62,37,192,53,66.0,37.0,0.0,0,52.0,11.0,38.0,171.0
2019,27,SAR Miraflores,417,30,64,61,202,60,73.0,30.0,0.0,0,58.0,7.0,31.0,218.0
2019,28,SAR Miraflores,353,20,55,55,166,57,73.0,22.0,0.0,0,33.0,13.0,50.0,162.0
2019,29,SAR Miraflores,381,19,57,38,204,63,87.0,24.0,0.0,0,42.0,7.0,38.0,183.0
2019,30,SAR Miraflores,283,14,38,21,161,49,44.0,29.0,0.0,0,18.0,8.0,33.0,151.0
2019,31,SAR Miraflores,250,12,22,24,150,42,44.0,22.0,0.0,0,24.0,8.0,19.0,133.0
2019,32,SAR Miraflores,230,7,31,28,120,44,39.0,16.0,0.0,0,20.0,8.0,24.0,123.0
2019,33,SAR Miraflores,328,22,50,60,147,49,61.0,35.0,0.0,0,18.0,6.0,23.0,185.0
2019,34,SAR Miraflores,129,10,26,18,49,26,22.0,24.0,0.0,0,8.0,5.0,22.0,48.0
2019,35,SAR Miraflores,235,14,36,39,110,36,52.0,32.0,0.0,0,14.0,5.0,24.0,108.0
2019,36,SAR Miraflores,402,20,51,72,150,109,51.0,19.0,0.0,0,32.0,6.0,28.0,266.0
2019,37,SAR Miraflores,427,18,65,91,198,55,75.0,28.0,0.0,0,45.0,6.0,38.0,235.0
2019,38,SAR Miraflores,428,20,59,79,207,63,88.0,30.0,0.0,0,43.0,6.0,27.0,234.0
2019,39,SAR Miraflores,328,13,34,50,186,45,71.0,17.0,0.0,0,31.0,9.0,31.0,169.0
2019,40,SAR Miraflores,309,12,31,44,168,54,60.0,18.0,0.0,0,45.0,7.0,32.0,147.0
2019,41,SAR Miraflores,326,13,44,76,146,47,49.0,15.0,0.0,0,28.0,7.0,19.0,208.0
2019,42,SAR Miraflores,315,18,39,55,158,45,47.0,21.0,0.0,0,27.0,10.0,30.0,180.0
2019,43,SAR Miraflores,279,20,41,32,131,55,67.0,21.0,0.0,0,21.0,7.0,28.0,135.0
2019,44,SAR Miraflores,215,9,27,16,108,55,45.0,15.0,0.0,0,20.0,4.0,31.0,100.0
2019,45,SAR Miraflores,185,11,24,17,83,50,26.0,19.0,0.0,0,15.0,9.0,26.0,90.0
2019,46,SAR Miraflores,150,7,24,23,70,26,22.0,22.0,0.0,0,4.0,5.0,16.0,81.0
2019,47,SAR Miraflores,152,13,21,19,77,22,24.0,17.0,0.0,0,13.0,6.0,16.0,76.0
2019,48,SAR Miraflores,156,15,14,19,79,29,26.0,20.0,0.0,0,8.0,12.0,10.0,80.0
2019,49,SAR Miraflores,152,11,22,18,72,29,26.0,20.0,0.0,0,7.0,6.0,14.0,79.0
2019,50,SAR Miraflores,229,10,40,30,122,27,38.0,20.0,0.0,0,14.0,5.0,17.0,135.0
2019,51,SAR Miraflores,190,7,19,18,122,24,31.0,14.0,0.0,0,25.0,7.0,12.0,101.0
2019,52,SAR Miraflores,218,11,16,24,122,45,39.0,25.0,0.0,0,2.0,8.0,21.0,123.0
2020,1,SAR Miraflores,130,4,14,13,62,37,26.0,15.0,0.0,0,7.0,5.0,19.0,58.0
2020,2,SAR Miraflores,160,7,11,9,95,38,30.0,17.0,0.0,0,5.0,8.0,19.0,81.0
2020,3,SAR Miraflores,142,6,19,14,68,35,26.0,22.0,0.0,0,4.0,7.0,9.0,74.0
2020,4,SAR Miraflores,120,4,14,10,65,27,17.0,19.0,0.0,0,5.0,8.0,10.0,61.0
2020,5,SAR Miraflores,97,1,11,6,52,27,18.0,10.0,0.0,0,7.0,3.0,7.0,52.0
2020,6,SAR Miraflores,104,5,10,8,56,25,10.0,9.0,0.0,0,2.0,1.0,14.0,68.0
2020,7,SAR Miraflores,113,8,10,10,62,23,11.0,13.0,0.0,0,4.0,4.0,8.0,73.0
2020,8,SAR Miraflores,102,5,8,9,60,20,12.0,9.0,0.0,0,10.0,5.0,9.0,57.0
2020,9,SAR Miraflores,120,4,6,7,72,31,24.0,15.0,0.0,0,5.0,2.0,7.0,67.0
2020,10,SAR Miraflores,159,4,14,16,96,29,23.0,15.0,0.0,0,9.0,5.0,12.0,95.0
2020,11,SAR Miraflores,186,12,16,19,110,29,27.0,12.0,0.0,0,22.0,0.0,16.0,109.0
2020,12,SAR Miraflores,309,3,14,20,239,33,30.0,18.0,0.0,0,35.0,5.0,5.0,216.0
2020,13,SAR Miraflores,190,4,5,6,142,33,28.0,15.0,0.0,0,38.0,10.0,6.0,93.0
2020,14,SAR Miraflores,89,2,2,1,74,10,10.0,9.0,1.0,0,7.0,5.0,4.0,53.0
2020,15,SAR Miraflores,61,1,2,1,45,12,12.0,8.0,1.0,0,4.0,4.0,2.0,30.0
2020,16,SAR Miraflores,50,1,3,1,35,10,3.0,4.0,2.0,0,5.0,3.0,8.0,25.0
2020,17,SAR Miraflores,38,2,0,2,27,7,4.0,8.0,1.0,0,1.0,5.0,2.0,17.0
2020,18,SAR Miraflores,26,1,1,0,19,5,4.0,6.0,0.0,0,0.0,1.0,2.0,13.0
2020,19,SAR Miraflores,43,1,0,1,27,14,9.0,11.0,2.0,0,0.0,1.0,4.0,16.0
2020,20,SAR Miraflores,41,1,0,1,31,8,3.0,7.0,0.0,0,6.0,4.0,2.0,19.0
2020,21,SAR Miraflores,42,0,0,2,29,11,5.0,6.0,0.0,0,2.0,7.0,5.0,17.0
2020,22,SAR Miraflores,40,1,1,2,27,9,6.0,11.0,0.0,0,0.0,1.0,2.0,20.0
2020,23,SAR Miraflores,38,0,3,1,28,6,4.0,8.0,0.0,0,2.0,3.0,2.0,19.0
2020,24,SAR Miraflores,35,1,1,3,21,9,4.0,6.0,0.0,0,3.0,2.0,1.0,19.0
2020,25,SAR Miraflores,39,1,3,1,28,6,4.0,7.0,0.0,0,5.0,2.0,2.0,19.0
2020,26,SAR Miraflores,32,0,1,0,23,8,7.0,9.0,1.0,0,2.0,1.0,2.0,10.0
2020,27,SAR Miraflores,38,0,2,1,25,10,5.0,9.0,0.0,0,0.0,2.0,3.0,19.0
2020,28,SAR Miraflores,45,0,1,1,35,8,4.0,13.0,1.0,0,4.0,8.0,5.0,10.0
2020,29,SAR Miraflores,54,0,1,2,43,8,7.0,11.0,0.0,0,11.0,1.0,3.0,21.0
2020,30,SAR Miraflores,49,0,0,5,33,11,3.0,12.0,0.0,0,13.0,1.0,3.0,17.0
2020,31,SAR Miraflores,35,1,0,0,23,11,6.0,6.0,0.0,0,5.0,3.0,4.0,11.0
2020,32,SAR Miraflores,45,0,3,4,32,6,5.0,3.0,0.0,0,8.0,2.0,3.0,24.0
2020,33,SAR Miraflores,44,1,0,0,37,6,4.0,9.0,0.0,0,5.0,2.0,3.0,21.0
2020,34,SAR Miraflores,46,0,2,4,26,14,7.0,12.0,0.0,0,4.0,1.0,3.0,19.0
2020,35,SAR Miraflores,38,0,2,0,27,9,5.0,6.0,0.0,0,6.0,2.0,2.0,17.0
2020,36,SAR Miraflores,59,2,0,4,40,13,10.0,9.0,0.0,0,8.0,3.0,4.0,25.0
2020,37,SAR Miraflores,75,1,3,1,54,16,6.0,13.0,0.0,0,9.0,5.0,5.0,37.0
2020,38,SAR Miraflores,62,1,0,2,45,14,5.0,17.0,0.0,0,4.0,4.0,1.0,31.0
2020,39,SAR Miraflores,82,2,1,2,59,18,9.0,12.0,1.0,0,7.0,7.0,6.0,40.0
2020,40,SAR Miraflores,77,0,3,2,50,22,4.0,15.0,0.0,0,10.0,5.0,8.0,35.0
2020,41,SAR Miraflores,67,1,2,4,48,12,2.0,12.0,0.0,0,12.0,5.0,5.0,31.0
2020,42,SAR Miraflores,69,0,1,1,56,11,11.0,11.0,0.0,0,11.0,3.0,6.0,27.0
2020,43,SAR Miraflores,66,1,1,3,46,15,12.0,9.0,0.0,0,13.0,4.0,4.0,24.0
2020,44,SAR Miraflores,82,1,2,5,63,11,6.0,14.0,3.0,0,11.0,2.0,5.0,41.0
2020,45,SAR Miraflores,91,0,0,3,73,15,0.0,17.0,2.0,0,10.0,11.0,5.0,46.0
2020,46,SAR Miraflores,54,0,3,2,37,12,4.0,9.0,1.0,0,15.0,2.0,2.0,21.0
2020,47,SAR Miraflores,56,0,1,0,46,9,1.0,9.0,1.0,0,9.0,4.0,10.0,22.0
2020,48,SAR Miraflores,33,0,1,0,25,7,3.0,5.0,2.0,0,3.0,3.0,5.0,12.0
2020,49,SAR Miraflores,49,0,1,1,40,7,2.0,6.0,1.0,0,13.0,1.0,6.0,20.0
2020,50,SAR Miraflores,52,0,0,4,40,8,4.0,5.0,1.0,0,12.0,9.0,2.0,19.0
2020,51,SAR Miraflores,48,0,2,0,38,8,7.0,3.0,0.0,0,10.0,6.0,2.0,20.0
2020,52,SAR Miraflores,56,2,1,3,38,12,9.0,7.0,0.0,0,11.0,6.0,1.0,22.0
2020,53,SAR Miraflores,38,0,2,3,27,6,6.0,4.0,0.0,0,1.0,7.0,3.0,17.0
2021,1,SAR Miraflores,69,2,0,3,53,11,5.0,12.0,1.0,0,8.0,3.0,5.0,35.0
2021,2,SAR Miraflores,67,2,0,2,57,6,5.0,3.0,0.0,0,13.0,7.0,1.0,38.0
2021,3,SAR Miraflores,65,0,4,2,48,11,7.0,14.0,2.0,0,6.0,4.0,4.0,28.0
2021,4,SAR Miraflores,69,0,4,6,48,11,3.0,12.0,1.0,0,9.0,2.0,9.0,33.0
2021,5,SAR Miraflores,56,2,3,3,34,14,2.0,6.0,0.0,0,11.0,2.0,10.0,25.0
2021,6,SAR Miraflores,60,0,0,1,52,7,3.0,6.0,1.0,0,12.0,7.0,4.0,27.0
2021,7,SAR Miraflores,65,1,5,5,44,10,2.0,5.0,0.0,0,7.0,4.0,12.0,35.0
2021,8,SAR Miraflores,65,0,0,1,48,16,5.0,7.0,3.0,0,13.0,5.0,4.0,28.0
2021,9,SAR Miraflores,74,1,2,4,57,10,4.0,1.0,2.0,0,18.0,5.0,6.0,38.0
2021,10,SAR Miraflores,89,0,3,1,75,10,8.0,6.0,2.0,0,18.0,6.0,8.0,41.0
2021,11,SAR Miraflores,83,0,0,2,69,12,7.0,13.0,4.0,0,18.0,6.0,5.0,30.0
2021,12,SAR Miraflores,89,1,0,1,75,12,8.0,1.0,6.0,0,21.0,4.0,7.0,42.0
2021,13,SAR Miraflores,55,0,0,3,40,12,2.0,11.0,4.0,0,7.0,1.0,10.0,20.0
2021,14,SAR Miraflores,69,0,2,2,53,12,4.0,3.0,5.0,0,12.0,7.0,7.0,31.0
2021,15,SAR Miraflores,70,1,3,1,52,13,7.0,4.0,9.0,0,12.0,6.0,7.0,25.0
2021,16,SAR Miraflores,70,1,2,2,54,11,3.0,4.0,16.0,0,10.0,2.0,12.0,23.0
2021,17,SAR Miraflores,57,0,1,2,44,10,4.0,8.0,10.0,0,4.0,2.0,4.0,25.0
2021,18,SAR Miraflores,53,1,2,5,32,13,3.0,5.0,12.0,0,6.0,3.0,5.0,19.0
2021,19,SAR Miraflores,50,0,2,2,38,8,1.0,7.0,15.0,0,10.0,3.0,6.0,8.0
2021,20,SAR Miraflores,67,1,1,5,48,12,2.0,13.0,11.0,0,1.0,4.0,6.0,30.0
2021,21,SAR Miraflores,51,0,1,3,34,13,7.0,11.0,4.0,0,4.0,4.0,2.0,19.0
2021,22,SAR Miraflores,53,0,2,4,36,11,4.0,10.0,8.0,0,5.0,5.0,1.0,20.0
2021,23,SAR Miraflores,60,0,2,1,50,7,2.0,13.0,4.0,0,8.0,1.0,1.0,31.0
2021,24,SAR Miraflores,79,1,1,3,68,6,4.0,6.0,4.0,0,9.0,7.0,5.0,44.0
2021,25,SAR Miraflores,72,1,0,2,65,4,5.0,7.0,8.0,0,18.0,1.0,4.0,29.0
2021,26,SAR Miraflores,73,0,2,8,55,8,4.0,10.0,7.0,0,10.0,2.0,2.0,38.0
2021,27,SAR Miraflores,92,2,2,3,75,10,10.0,15.0,5.0,0,5.0,5.0,3.0,49.0
2021,28,SAR Miraflores,96,1,3,8,66,18,10.0,18.0,8.0,0,4.0,3.0,5.0,48.0
2021,29,SAR Miraflores,85,1,3,7,63,11,9.0,11.0,1.0,0,1.0,4.0,5.0,54.0
2021,30,SAR Miraflores,86,0,2,6,71,7,15.0,8.0,2.0,0,4.0,3.0,3.0,51.0
2021,31,SAR Miraflores,97,1,4,5,72,15,20.0,9.0,3.0,0,5.0,3.0,10.0,47.0
2021,32,SAR Miraflores,99,1,8,3,81,6,11.0,18.0,1.0,0,4.0,4.0,0.0,61.0
2021,33,SAR Miraflores,86,2,2,2,63,17,18.0,17.0,0.0,0,5.0,7.0,2.0,37.0
2021,34,SAR Miraflores,87,1,7,6,63,10,16.0,14.0,0.0,0,8.0,2.0,4.0,43.0
2021,35,SAR Miraflores,79,2,8,3,51,15,12.0,15.0,1.0,0,0.0,4.0,5.0,42.0
2021,36,SAR Miraflores,90,6,19,9,42,14,11.0,10.0,0.0,0,4.0,6.0,3.0,56.0
2021,37,SAR Miraflores,86,1,13,5,53,14,15.0,13.0,1.0,0,1.0,10.0,4.0,42.0
2021,38,SAR Miraflores,76,0,5,3,51,17,8.0,16.0,0.0,0,2.0,3.0,6.0,41.0
2021,39,SAR Miraflores,82,3,10,3,51,15,11.0,13.0,1.0,0,1.0,4.0,3.0,49.0
2021,40,SAR Miraflores,81,3,13,5,51,9,13.0,14.0,1.0,0,6.0,3.0,4.0,40.0
2021,41,SAR Miraflores,88,2,13,5,44,24,20.0,15.0,0.0,0,2.0,5.0,5.0,41.0
2021,42,SAR Miraflores,82,0,8,4,55,15,16.0,10.0,3.0,0,1.0,6.0,3.0,43.0
2021,43,SAR Miraflores,87,3,5,7,55,17,15.0,15.0,5.0,0,1.0,8.0,2.0,41.0
2021,44,SAR Miraflores,100,2,16,10,62,10,14.0,5.0,6.0,0,2.0,6.0,4.0,63.0
2021,45,SAR Miraflores,113,2,6,8,82,15,17.0,11.0,11.0,0,6.0,5.0,5.0,58.0
2021,46,SAR Miraflores,121,3,14,8,81,15,22.0,12.0,7.0,0,4.0,7.0,2.0,67.0
2021,47,SAR Miraflores,126,3,21,11,75,16,21.0,11.0,8.0,0,6.0,1.0,1.0,78.0
2021,48,SAR Miraflores,121,6,20,6,74,15,13.0,13.0,7.0,0,4.0,2.0,5.0,77.0
2021,49,SAR Miraflores,81,0,13,8,48,12,13.0,12.0,1.0,0,1.0,3.0,4.0,47.0
2021,50,SAR Miraflores,85,3,8,4,60,10,9.0,10.0,0.0,0,2.0,5.0,3.0,56.0
2021,51,SAR Miraflores,69,3,7,6,40,13,9.0,9.0,0.0,0,0.0,5.0,6.0,40.0
2021,52,SAR Miraflores,82,3,11,4,51,13,16.0,13.0,1.0,0,2.0,4.0,4.0,42.0
2021,53,SAR Miraflores,21,0,1,3,12,5,2.0,4.0,0.0,0,2.0,3.0,2.0,8.0
2022,1,SAR Miraflores,98,4,11,6,58,19,12.0,10.0,2.0,0,4.0,8.0,2.0,60.0
2022,2,SAR Miraflores,134,3,11,10,89,21,15.0,10.0,0.0,0,18.0,7.0,5.0,79.0
2022,3,SAR Miraflores,146,3,12,7,99,25,18.0,7.0,0.0,0,26.0,7.0,7.0,81.0
2022,4,SAR Miraflores,136,4,3,13,101,15,11.0,5.0,5.0,0,20.0,2.0,2.0,91.0
2022,5,SAR Miraflores,123,5,4,15,83,16,17.0,6.0,5.0,0,25.0,2.0,1.0,67.0
2022,6,SAR Miraflores,98,3,2,5,75,13,5.0,7.0,3.0,0,24.0,3.0,4.0,52.0
2022,7,SAR Miraflores,145,2,2,18,94,29,11.0,13.0,15.0,0,21.0,4.0,10.0,71.0
2022,8,SAR Miraflores,110,1,4,6,73,26,7.0,9.0,16.0,0,25.0,5.0,10.0,38.0
2022,9,SAR Miraflores,77,1,2,10,49,15,7.0,8.0,10.0,0,5.0,1.0,3.0,43.0
2022,10,SAR Miraflores,50,2,2,10,27,9,3.0,6.0,9.0,0,3.0,1.0,3.0,25.0
2022,11,SAR Miraflores,61,0,13,11,30,7,7.0,6.0,6.0,0,2.0,2.0,4.0,34.0
2022,12,SAR Miraflores,60,2,9,6,32,11,4.0,10.0,3.0,0,4.0,3.0,7.0,29.0
2022,13,SAR Miraflores,154,7,14,34,86,13,11.0,10.0,12.0,0,2.0,8.0,6.0,105.0
2022,14,SAR Miraflores,152,2,32,14,93,11,22.0,15.0,12.0,0,7.0,2.0,5.0,89.0
2022,15,SAR Miraflores,171,2,35,27,94,13,31.0,19.0,8.0,0,7.0,3.0,5.0,98.0
2022,16,SAR Miraflores,189,8,28,39,100,14,18.0,12.0,5.0,0,8.0,5.0,8.0,133.0
2022,17,SAR Miraflores,226,6,38,43,126,13,25.0,15.0,6.0,0,7.0,4.0,8.0,161.0
2022,18,SAR Miraflores,238,7,28,57,125,21,28.0,22.0,1.0,0,20.0,2.0,7.0,158.0
2022,19,SAR Miraflores,280,15,35,50,150,30,35.0,22.0,2.0,0,13.0,6.0,13.0,189.0
2022,20,SAR Miraflores,258,11,34,40,145,28,41.0,25.0,8.0,0,17.0,6.0,17.0,144.0
2022,21,SAR Miraflores,254,6,47,55,124,22,35.0,25.0,6.0,0,4.0,14.0,11.0,159.0
2022,22,SAR Miraflores,284,8,36,59,154,27,66.0,18.0,9.0,0,18.0,5.0,10.0,158.0
2022,23,SAR Miraflores,241,6,28,52,137,18,43.0,17.0,11.0,0,14.0,1.0,10.0,145.0
2022,24,SAR Miraflores,277,8,26,51,171,21,38.0,14.0,22.0,0,9.0,7.0,18.0,169.0
2022,25,SAR Miraflores,253,9,38,33,151,22,35.0,22.0,24.0,0,10.0,3.0,8.0,151.0
2022,26,SAR Miraflores,247,5,21,23,179,19,41.0,10.0,35.0,0,18.0,6.0,9.0,128.0
2022,27,SAR Miraflores,221,4,18,12,156,31,37.0,12.0,33.0,0,11.0,3.0,15.0,110.0
2022,28,SAR Miraflores,187,1,16,15,128,27,25.0,13.0,33.0,0,11.0,4.0,11.0,90.0
2022,29,SAR Miraflores,157,3,14,8,114,18,23.0,11.0,22.0,0,11.0,1.0,13.0,76.0
2022,30,SAR Miraflores,188,3,11,19,129,26,24.0,13.0,34.0,0,8.0,3.0,5.0,101.0
2022,31,SAR Miraflores,196,4,21,35,121,15,23.0,9.0,33.0,0,6.0,4.0,4.0,117.0
2022,32,SAR Miraflores,226,5,30,41,126,24,19.0,17.0,30.0,0,4.0,7.0,6.0,143.0
2022,33,SAR Miraflores,257,5,21,44,174,13,32.0,17.0,45.0,0,6.0,4.0,8.0,145.0
2022,34,SAR Miraflores,202,5,17,37,130,13,15.0,19.0,29.0,0,11.0,3.0,5.0,120.0
2022,35,SAR Miraflores,230,6,28,37,146,13,21.0,13.0,34.0,0,7.0,5.0,11.0,139.0
2022,36,SAR Miraflores,190,3,26,21,122,18,18.0,17.0,21.0,0,8.0,4.0,7.0,115.0
2022,37,SAR Miraflores,195,8,25,40,98,24,32.0,16.0,15.0,0,7.0,5.0,4.0,116.0
2022,38,SAR Miraflores,179,3,22,31,105,18,26.0,12.0,9.0,0,8.0,5.0,10.0,109.0
2022,39,SAR Miraflores,203,4,19,35,126,19,25.0,13.0,12.0,0,11.0,5.0,12.0,125.0
2022,40,SAR Miraflores,194,7,19,45,96,27,25.0,17.0,16.0,0,7.0,4.0,9.0,116.0
2022,41,SAR Miraflores,234,2,24,63,126,19,37.0,16.0,14.0,0,10.0,3.0,9.0,145.0
2022,42,SAR Miraflores,262,4,23,54,158,23,36.0,10.0,15.0,0,22.0,8.0,18.0,153.0
2022,43,SAR Miraflores,272,5,22,79,131,35,26.0,14.0,21.0,0,13.0,9.0,11.0,178.0
2022,44,SAR Miraflores,365,5,21,83,209,47,40.0,10.0,27.0,0,36.0,6.0,22.0,224.0
2022,45,SAR Miraflores,324,6,22,55,205,36,34.0,14.0,24.0,0,34.0,6.0,14.0,198.0
2022,46,SAR Miraflores,248,1,15,63,146,23,22.0,14.0,16.0,0,25.0,3.0,14.0,154.0
2022,47,SAR Miraflores,276,8,18,61,164,25,28.0,14.0,19.0,0,20.0,12.0,9.0,174.0
2022,48,SAR Miraflores,233,2,24,45,129,33,20.0,15.0,20.0,0,25.0,5.0,9.0,139.0
2022,49,SAR Miraflores,254,7,17,46,150,34,33.0,16.0,18.0,0,23.0,10.0,9.0,145.0
2022,50,SAR Miraflores,196,7,14,14,136,25,17.0,14.0,22.0,0,13.0,5.0,5.0,120.0
2022,51,SAR Miraflores,146,2,4,16,106,18,21.0,9.0,21.0,0,8.0,3.0,11.0,73.0
2022,52,SAR Miraflores,179,1,27,16,111,24,18.0,14.0,36.0,0,3.0,6.0,12.0,90.0
2023,1,SAR Miraflores,209,4,15,7,135,48,20.0,16.0,47.0,0,9.0,6.0,3.0,108.0
2023,2,SAR Miraflores,169,3,14,7,109,36,12.0,5.0,42.0,0,5.0,6.0,8.0,91.0
2023,3,SAR Miraflores,177,1,3,8,128,37,9.0,9.0,54.0,0,4.0,4.0,7.0,90.0
2023,4,SAR Miraflores,132,1,5,13,87,26,5.0,10.0,22.0,0,2.0,4.0,5.0,84.0
2023,5,SAR Miraflores,113,2,4,3,84,20,5.0,9.0,31.0,0,2.0,2.0,2.0,62.0
2023,6,SAR Miraflores,98,2,3,4,69,20,5.0,8.0,19.0,0,3.0,7.0,5.0,51.0
2023,7,SAR Miraflores,117,3,7,6,87,14,6.0,15.0,17.0,0,1.0,0.0,4.0,74.0
2023,8,SAR Miraflores,146,2,1,9,111,23,10.0,10.0,32.0,0,0.0,6.0,6.0,82.0
2023,9,SAR Miraflores,124,2,9,5,90,18,12.0,6.0,22.0,0,2.0,0.0,8.0,74.0
2023,10,SAR Miraflores,169,3,6,17,116,27,8.0,8.0,46.0,0,0.0,5.0,5.0,97.0
2023,11,SAR Miraflores,354,8,25,80,221,20,29.0,14.0,48.0,0,7.0,11.0,6.0,239.0
2023,12,SAR Miraflores,323,1,27,46,222,27,36.0,24.0,42.0,0,3.0,5.0,7.0,206.0
2023,13,SAR Miraflores,242,6,25,30,156,25,30.0,16.0,23.0,0,6.0,2.0,4.0,161.0
2023,14,SAR Miraflores,215,4,18,35,125,33,31.0,15.0,7.0,0,2.0,4.0,12.0,144.0
2023,15,SAR Miraflores,235,4,33,38,135,25,24.0,26.0,5.0,0,4.0,0.0,4.0,172.0
2023,16,SAR Miraflores,239,8,43,54,118,16,39.0,17.0,1.0,0,6.0,8.0,6.0,162.0
2023,17,SAR Miraflores,286,7,58,73,128,20,39.0,20.0,0.0,0,5.0,5.0,18.0,199.0
2023,18,SAR Miraflores,414,30,88,97,172,27,88.0,19.0,0.0,0,11.0,6.0,14.0,276.0
2023,19,SAR Miraflores,489,28,69,118,249,25,70.0,23.0,0.0,0,20.0,8.0,31.0,337.0
2023,20,SAR Miraflores,477,16,69,103,250,39,64.0,33.0,0.0,0,32.0,13.0,37.0,298.0
2023,21,SAR Miraflores,406,11,55,90,212,38,59.0,25.0,0.0,0,24.0,4.0,36.0,258.0
2023,22,SAR Miraflores,399,20,35,64,248,32,81.0,17.0,0.0,0,28.0,3.0,23.0,247.0
2023,23,SAR Miraflores,350,7,27,61,222,33,58.0,27.0,0.0,0,13.0,9.0,25.0,218.0
2023,24,SAR Miraflores,359,6,26,70,220,37,67.0,22.0,0.0,0,11.0,5.0,28.0,226.0
2023,25,SAR Miraflores,307,6,22,48,198,33,58.0,13.0,0.0,0,17.0,8.0,18.0,193.0
2023,26,SAR Miraflores,252,6,19,32,165,30,37.0,22.0,0.0,0,10.0,8.0,21.0,154.0
2023,27,SAR Miraflores,236,4,24,15,148,45,48.0,19.0,0.0,0,20.0,11.0,11.0,127.0
2023,28,SAR Miraflores,205,3,10,24,140,28,50.0,17.0,0.0,0,13.0,6.0,10.0,109.0
2023,29,SAR Miraflores,196,1,12,32,126,25,38.0,15.0,0.0,0,7.0,6.0,16.0,114.0
2023,30,SAR Miraflores,178,3,12,36,102,25,40.0,19.0,0.0,0,15.0,4.0,10.0,90.0
2023,31,SAR Miraflores,240,6,20,37,145,32,51.0,18.0,1.0,0,15.0,2.0,9.0,144.0
2023,32,SAR Miraflores,279,5,24,45,170,35,47.0,24.0,0.0,0,13.0,7.0,28.0,160.0
2023,33,SAR Miraflores,282,12,20,38,180,32,50.0,20.0,0.0,0,12.0,3.0,25.0,172.0
2023,34,SAR Miraflores,292,10,26,47,177,32,49.0,18.0,0.0,0,13.0,5.0,22.0,185.0
2023,35,SAR Miraflores,316,6,24,55,191,40,50.0,22.0,0.0,0,11.0,7.0,26.0,200.0
2023,36,SAR Miraflores,352,9,26,62,209,46,62.0,22.0,0.0,0,25.0,2.0,35.0,206.0
2023,37,SAR Miraflores,319,6,26,48,200,39,63.0,28.0,0.0,0,27.0,9.0,21.0,171.0
2023,38,SAR Miraflores,331,10,29,46,210,36,67.0,29.0,0.0,0,21.0,6.0,15.0,193.0
2023,39,SAR Miraflores,375,9,30,50,232,54,72.0,25.0,0.0,0,22.0,5.0,23.0,228.0
2023,40,SAR Miraflores,307,3,24,55,181,44,74.0,21.0,0.0,0,29.0,3.0,21.0,159.0
2023,41,SAR Miraflores,313,6,22,45,198,42,57.0,29.0,0.0,0,10.0,8.0,16.0,193.0
2023,42,SAR Miraflores,299,6,19,43,192,39,53.0,23.0,0.0,0,18.0,9.0,11.0,185.0
2023,43,SAR Miraflores,345,3,37,55,205,45,63.0,29.0,1.0,0,25.0,9.0,19.0,199.0
2023,44,SAR Miraflores,333,9,19,66,201,38,53.0,22.0,1.0,0,27.0,10.0,20.0,200.0
2023,45,SAR Miraflores,326,6,16,54,213,37,60.0,21.0,3.0,0,25.0,11.0,8.0,198.0
2023,46,SAR Miraflores,272,4,20,48,164,36,37.0,19.0,6.0,0,28.0,6.0,16.0,160.0
2023,47,SAR Miraflores,253,7,13,48,149,36,28.0,14.0,3.0,0,23.0,11.0,20.0,154.0
2023,48,SAR Miraflores,235,4,12,40,139,40,20.0,20.0,2.0,0,20.0,5.0,17.0,151.0
2023,49,SAR Miraflores,246,7,18,49,145,27,37.0,20.0,0.0,0,18.0,9.0,17.0,145.0
2023,50,SAR Miraflores,261,7,20,31,174,29,32.0,18.0,1.0,0,17.0,7.0,17.0,169.0
2023,51,SAR Miraflores,228,3,13,28,146,38,34.0,17.0,3.0,0,16.0,14.0,15.0,129.0
2023,52,SAR Miraflores,238,3,9,23,159,44,34.0,18.0,4.0,0,10.0,13.0,16.0,143.0
2024,1,SAR Miraflores,241,5,12,20,156,48,29.0,25.0,0.0,0,21.0,12.0,10.0,144.0
2024,2,SAR Miraflores,154,3,9,14,96,32,25.0,11.0,3.0,0,12.0,7.0,11.0,85.0
2024,3,SAR Miraflores,139,2,3,7,105,22,18.0,9.0,1.0,0,10.0,8.0,7.0,86.0
2024,4,SAR Miraflores,101,1,3,6,71,20,8.0,9.0,2.0,0,8.0,5.0,5.0,64.0
2024,5,SAR Miraflores,133,1,5,10,97,20,13.0,9.0,2.0,0,10.0,5.0,4.0,90.0
2024,6,SAR Miraflores,125,2,6,8,82,27,12.0,13.0,4.0,0,8.0,9.0,3.0,76.0
2024,7,SAR Miraflores,164,1,3,13,111,36,18.0,8.0,4.0,0,13.0,4.0,8.0,109.0
2024,8,SAR Miraflores,144,4,5,3,94,38,14.0,13.0,4.0,0,16.0,4.0,7.0,86.0
2024,9,SAR Miraflores,171,3,4,11,114,39,11.0,12.0,12.0,0,21.0,5.0,3.0,107.0
2024,10,SAR Miraflores,178,2,9,17,124,26,8.0,10.0,10.0,0,33.0,4.0,3.0,110.0
2024,11,SAR Miraflores,192,3,11,34,112,32,10.0,9.0,6.0,0,29.0,7.0,5.0,126.0
2024,12,SAR Miraflores,242,4,14,54,145,25,18.0,24.0,7.0,0,22.0,4.0,5.0,162.0
2024,13,SAR Miraflores,226,6,13,44,137,26,29.0,21.0,1.0,0,14.0,5.0,8.0,148.0
2024,14,SAR Miraflores,256,2,19,51,148,36,39.0,15.0,1.0,0,39.0,5.0,12.0,145.0
2024,15,SAR Miraflores,263,9,21,62,142,29,47.0,11.0,0.0,0,48.0,6.0,14.0,137.0
2024,16,SAR Miraflores,355,7,20,89,205,34,52.0,20.0,0.0,0,57.0,7.0,10.0,209.0
2024,17,SAR Miraflores,406,7,21,102,237,39,48.0,18.0,0.0,0,89.0,5.0,18.0,228.0
2024,18,SAR Miraflores,436,5,19,86,278,48,62.0,12.0,0.0,0,95.0,7.0,16.0,244.0
2024,19,SAR Miraflores,434,4,16,49,325,40,46.0,23.0,0.0,0,111.0,10.0,28.0,216.0
2024,20,SAR Miraflores,456,7,17,65,322,45,68.0,29.0,0.0,0,132.0,8.0,28.0,191.0
2024,21,SAR Miraflores,352,3,12,32,267,38,58.0,21.0,0.0,0,86.0,5.0,24.0,158.0
2024,22,SAR Miraflores,285,1,6,22,229,27,42.0,12.0,0.0,0,73.0,11.0,17.0,130.0
2024,23,SAR Miraflores,247,3,13,23,171,37,36.0,18.0,0.0,0,64.0,3.0,13.0,113.0
2024,24,SAR Miraflores,215,2,15,22,154,22,32.0,19.0,0.0,0,46.0,10.0,9.0,99.0
2024,25,SAR Miraflores,142,0,10,16,95,21,13.0,7.0,0.0,0,23.0,4.0,14.0,81.0
2024,26,SAR Miraflores,138,2,6,20,88,22,24.0,11.0,0.0,0,14.0,5.0,9.0,75.0
2024,27,SAR Miraflores,128,1,6,10,78,33,18.0,21.0,0.0,0,17.0,5.0,13.0,54.0
2024,28,SAR Miraflores,133,2,6,12,85,28,17.0,10.0,0.0,0,7.0,5.0,11.0,83.0
2024,29,SAR Miraflores,139,3,13,20,85,18,23.0,13.0,0.0,0,9.0,4.0,7.0,83.0
2024,30,SAR Miraflores,159,4,19,29,88,19,30.0,8.0,0.0,0,10.0,6.0,10.0,95.0
2024,31,SAR Miraflores,255,6,32,52,138,27,34.0,20.0,0.0,0,22.0,5.0,12.0,162.0
2024,32,SAR Miraflores,251,7,22,34,146,42,56.0,27.0,0.0,0,20.0,5.0,9.0,134.0
2024,33,SAR Miraflores,247,5,21,33,148,40,36.0,34.0,0.0,0,28.0,13.0,19.0,117.0
2024,34,SAR Miraflores,308,6,40,47,172,43,58.0,17.0,0.0,0,17.0,7.0,27.0,182.0
2024,35,SAR Miraflores,306,6,37,49,161,53,77.0,27.0,0.0,0,20.0,6.0,32.0,144.0
2024,36,SAR Miraflores,312,5,23,55,188,41,73.0,20.0,0.0,0,19.0,7.0,25.0,168.0
2024,37,SAR Miraflores,329,1,20,62,191,55,72.0,21.0,0.0,0,29.0,8.0,9.0,190.0
2024,38,SAR Miraflores,314,2,26,51,182,53,82.0,17.0,0.0,0,26.0,7.0,16.0,166.0
2024,39,SAR Miraflores,293,4,19,36,183,51,60.0,22.0,0.0,0,26.0,6.0,21.0,158.0
2024,40,SAR Miraflores,275,5,17,47,165,41,50.0,24.0,0.0,0,19.0,5.0,20.0,157.0
2024,41,SAR Miraflores,287,1,20,49,172,45,52.0,22.0,0.0,0,26.0,5.0,23.0,159.0
2024,42,SAR Miraflores,296,5,17,58,181,35,52.0,18.0,0.0,0,22.0,14.0,19.0,171.0
2024,43,SAR Miraflores,259,2,12,43,169,33,61.0,15.0,0.0,0,25.0,4.0,22.0,132.0
2024,44,SAR Miraflores,267,3,18,49,152,45,49.0,21.0,0.0,0,31.0,6.0,21.0,139.0
2024,45,SAR Miraflores,269,3,16,37,181,32,48.0,21.0,0.0,0,40.0,8.0,21.0,131.0
2024,46,SAR Miraflores,301,4,18,55,185,39,54.0,21.0,0.0,0,33.0,6.0,14.0,173.0
2024,47,SAR Miraflores,282,3,20,51,172,36,66.0,17.0,0.0,0,32.0,5.0,17.0,145.0
2024,48,SAR Miraflores,322,3,15,57,204,43,55.0,16.0,0.0,0,29.0,5.0,19.0,198.0
2024,49,SAR Miraflores,315,8,18,57,189,43,46.0,19.0,0.0,0,43.0,10.0,25.0,172.0
2024,50,SAR Miraflores,262,1,9,35,180,37,45.0,11.0,0.0,0,29.0,11.0,19.0,147.0
2024,51,SAR Miraflores,279,3,10,30,187,49,42.0,18.0,0.0,0,34.0,16.0,11.0,158.0
2024,52,SAR Miraflores,227,5,11,13,154,44,43.0,15.0,0.0,0,28.0,10.0,20.0,111.0
2025,1,SAR Miraflores,108,0,3,5,72,28,22.0,11.0,0.0,0,9.0,5.0,4.0,57.0
2025,2,SAR Miraflores,165,3,15,11,111,25,24.0,13.0,0.0,0,13.0,11.0,15.0,89.0
2025,3,SAR Miraflores,124,2,4,5,87,26,22.0,12.0,0.0,0,9.0,5.0,7.0,69.0
2025,4,SAR Miraflores,114,3,3,7,70,31,6.0,16.0,0.0,0,8.0,2.0,12.0,70.0
2025,5,SAR Miraflores,91,1,2,9,60,19,13.0,9.0,0.0,0,11.0,6.0,2.0,50.0
2025,6,SAR Miraflores,93,1,2,7,62,21,9.0,13.0,0.0,0,10.0,1.0,8.0,52.0
2025,7,SAR Miraflores,84,2,2,4,53,23,19.0,7.0,0.0,0,7.0,4.0,7.0,40.0
2025,8,SAR Miraflores,110,0,5,14,67,24,16.0,10.0,0.0,0,8.0,6.0,8.0,62.0
2025,9,SAR Miraflores,102,2,4,7,64,25,11.0,10.0,0.0,0,21.0,4.0,7.0,49.0
2025,10,SAR Miraflores,98,0,4,12,62,20,15.0,7.0,0.0,0,17.0,3.0,5.0,51.0
2025,11,SAR Miraflores,134,4,13,15,79,23,22.0,12.0,0.0,0,18.0,3.0,6.0,73.0
2025,12,SAR Miraflores,189,0,8,39,121,21,25.0,6.0,0.0,0,28.0,7.0,10.0,113.0
2025,13,SAR Miraflores,206,4,11,28,128,35,43.0,15.0,0.0,0,23.0,8.0,9.0,108.0
2025,14,SAR Miraflores,177,3,9,14,124,27,28.0,9.0,0.0,0,10.0,7.0,6.0,117.0
2025,15,SAR Miraflores,213,2,8,35,130,38,39.0,17.0,0.0,0,19.0,4.0,16.0,118.0
2025,16,SAR Miraflores,234,6,13,33,145,37,46.0,8.0,0.0,0,23.0,3.0,13.0,141.0
2025,17,SAR Miraflores,209,3,9,27,145,25,27.0,17.0,0.0,0,25.0,2.0,20.0,118.0
2025,18,SAR Miraflores,238,3,17,32,156,30,47.0,13.0,0.0,0,24.0,2.0,17.0,135.0
2025,19,SAR Miraflores,269,1,16,30,184,38,50.0,26.0,0.0,0,23.0,4.0,16.0,150.0
2025,20,SAR Miraflores,274,3,11,51,167,42,46.0,13.0,0.0,0,14.0,7.0,29.0,165.0
2025,21,SAR Miraflores,245,1,13,37,153,41,48.0,12.0,0.0,0,15.0,8.0,13.0,149.0
2025,22,SAR Miraflores,280,3,17,37,184,39,60.0,22.0,0.0,0,31.0,9.0,13.0,145.0
2025,23,SAR Miraflores,318,4,19,54,195,46,58.0,25.0,0.0,0,35.0,2.0,30.0,168.0
2025,24,SAR Miraflores,295,5,16,35,183,56,61.0,18.0,0.0,0,33.0,6.0,17.0,160.0
2025,25,SAR Miraflores,291,2,14,31,190,54,66.0,24.0,0.0,0,30.0,6.0,20.0,145.0
2025,26,SAR Miraflores,255,4,7,21,180,43,55.0,20.0,0.0,0,37.0,6.0,22.0,115.0
2025,27,SAR Miraflores,251,4,9,18,181,39,42.0,16.0,0.0,0,27.0,5.0,26.0,135.0
2025,28,SAR Miraflores,221,1,8,24,148,40,46.0,21.0,0.0,0,20.0,11.0,25.0,98.0
2025,29,SAR Miraflores,228,4,16,41,138,29,44.0,17.0,0.0,0,31.0,5.0,18.0,113.0
2025,30,SAR Miraflores,287,3,26,61,159,38,68.0,16.0,0.0,0,22.0,4.0,14.0,163.0
2025,31,SAR Miraflores,313,6,26,67,167,47,71.0,26.0,0.0,0,29.0,5.0,29.0,153.0
2025,32,SAR Miraflores,349,5,38,90,178,38,66.0,22.0,0.0,0,57.0,4.0,25.0,175.0
2025,33,SAR Miraflores,343,3,32,78,177,53,74.0,13.0,0.0,0,40.0,7.0,26.0,183.0
2025,34,SAR Miraflores,352,10,37,59,203,43,58.0,17.0,0.0,0,46.0,11.0,22.0,198.0
2025,35,SAR Miraflores,365,12,30,80,192,51,80.0,20.0,0.0,0,38.0,8.0,30.0,189.0
2025,36,SAR Miraflores,328,6,22,53,205,42,55.0,33.0,0.0,0,40.0,10.0,20.0,170.0
2025,37,SAR Miraflores,278,3,23,26,190,36,43.0,15.0,0.0,0,36.0,7.0,18.0,159.0
2025,38,SAR Miraflores,260,9,24,27,152,48,50.0,19.0,0.0,0,24.0,6.0,28.0,133.0
2025,39,SAR Miraflores,320,6,14,29,210,61,74.0,20.0,0.0,0,29.0,1.0,25.0,171.0
2025,40,SAR Miraflores,244,5,15,22,150,52,49.0,26.0,0.0,0,18.0,7.0,18.0,126.0
2025,41,SAR Miraflores,280,6,16,38,177,43,47.0,25.0,0.0,0,20.0,8.0,37.0,143.0
2025,42,SAR Miraflores,248,1,22,45,142,38,41.0,18.0,0.0,0,28.0,7.0,24.0,130.0
2025,43,SAR Miraflores,286,1,14,44,177,50,50.0,20.0,0.0,0,24.0,6.0,30.0,156.0
2025,44,SAR Miraflores,284,2,15,38,176,53,52.0,20.0,0.0,0,24.0,7.0,30.0,151.0
2025,45,SAR Miraflores,256,2,9,33,173,39,60.0,17.0,0.0,0,24.0,5.0,20.0,130.0
2025,46,SAR Miraflores,254,5,10,33,159,47,60.0,22.0,0.0,0,15.0,10.0,18.0,129.0
2025,47,SAR Miraflores,224,1,11,30,149,33,48.0,22.0,0.0,0,16.0,4.0,14.0,120.0
2025,48,SAR Miraflores,228,2,13,28,143,42,49.0,15.0,0.0,0,23.0,10.0,19.0,112.0
2025,49,SAR Miraflores,252,3,11,38,156,44,42.0,24.0,0.0,0,23.0,14.0,19.0,130.0
2025,50,SAR Miraflores,235,4,9,26,151,45,51.0,19.0,0.0,0,22.0,9.0,21.0,113.0
2025,51,SAR Miraflores,255,3,9,26,171,46,40.0,22.0,0.0,0,30.0,15.0,18.0,130.0
2025,52,SAR Miraflores,197,3,11,20,126,37,30.0,13.0,0.0,0,20.0,5.0,20.0,109.0
2025,53,SAR Miraflores,92,0,3,9,59,21,14.0,8.0,0.0,0,7.0,1.0,10.0,52.0
2026,1,SAR Miraflores,168,1,7,12,112,36,17.0,8.0,0.0,0,13.0,7.0,18.0,105.0
2026,2,SAR Miraflores,127,1,5,7,81,33,20.0,12.0,0.0,0,11.0,4.0,19.0,61.0
2026,3,SAR Miraflores,122,2,3,10,80,27,21.0,12.0,0.0,0,6.0,6.0,9.0,68.0
2026,4,SAR Miraflores,118,1,2,5,76,34,18.0,16.0,0.0,0,5.0,3.0,14.0,62.0
2026,5,SAR Miraflores,88,1,4,6,58,19,11.0,15.0,0.0,0,5.0,3.0,6.0,48.0
2026,6,SAR Miraflores,103,0,2,9,67,25,17.0,13.0,0.0,0,7.0,6.0,7.0,53.0
2026,7,SAR Miraflores,86,0,4,6,54,22,16.0,8.0,0.0,0,5.0,6.0,4.0,47.0
2026,8,SAR Miraflores,120,0,4,6,77,33,17.0,7.0,0.0,0,11.0,5.0,15.0,65.0
2026,9,SAR Miraflores,132,2,7,13,80,30,20.0,18.0,0.0,0,5.0,2.0,11.0,76.0
2026,53,SAR Miraflores,68,2,1,7,48,10,9.0,4.0,0.0,0,5.0,3.0,9.0,38.0
2014,1,SAR Pedro de Valdivia,11,0,3,2,6,0,5.0,0.0,0.0,0,0.0,0.0,0.0,6.0
2014,2,SAR Pedro de Valdivia,69,5,13,11,39,1,20.0,6.0,0.0,0,1.0,1.0,1.0,40.0
2014,3,SAR Pedro de Valdivia,47,2,9,9,24,3,14.0,0.0,0.0,0,2.0,0.0,0.0,31.0
2014,4,SAR Pedro de Valdivia,41,1,7,3,28,2,6.0,1.0,0.0,0,0.0,0.0,0.0,34.0
2014,5,SAR Pedro de Valdivia,29,3,5,7,13,1,10.0,0.0,0.0,0,0.0,0.0,0.0,19.0
2014,6,SAR Pedro de Valdivia,54,3,5,7,36,3,15.0,2.0,0.0,0,1.0,2.0,1.0,33.0
2014,7,SAR Pedro de Valdivia,35,1,6,9,17,2,9.0,4.0,0.0,0,0.0,0.0,0.0,22.0
2014,8,SAR Pedro de Valdivia,50,1,6,3,37,3,15.0,3.0,0.0,0,1.0,2.0,1.0,28.0
2014,9,SAR Pedro de Valdivia,76,3,12,14,44,3,16.0,3.0,0.0,0,1.0,1.0,1.0,54.0
2014,10,SAR Pedro de Valdivia,68,6,18,12,30,2,24.0,1.0,0.0,0,0.0,0.0,1.0,42.0
2014,11,SAR Pedro de Valdivia,152,8,32,40,69,3,56.0,0.0,0.0,0,0.0,0.0,1.0,95.0
2014,12,SAR Pedro de Valdivia,115,9,29,27,48,2,19.0,4.0,0.0,0,8.0,0.0,0.0,84.0
2014,13,SAR Pedro de Valdivia,156,4,30,33,82,7,55.0,7.0,0.0,0,5.0,0.0,1.0,88.0
2014,14,SAR Pedro de Valdivia,138,7,31,31,62,7,61.0,1.0,0.0,0,1.0,1.0,1.0,73.0
2014,15,SAR Pedro de Valdivia,66,3,11,14,34,4,20.0,4.0,0.0,0,1.0,0.0,0.0,41.0
2014,16,SAR Pedro de Valdivia,78,9,23,10,33,3,39.0,1.0,0.0,0,0.0,1.0,2.0,35.0
2014,17,SAR Pedro de Valdivia,106,6,30,22,43,5,54.0,1.0,0.0,0,0.0,0.0,1.0,50.0
2014,18,SAR Pedro de Valdivia,94,8,18,22,41,5,39.0,5.0,0.0,0,0.0,0.0,0.0,50.0
2014,19,SAR Pedro de Valdivia,78,3,15,14,43,3,24.0,1.0,0.0,0,8.0,2.0,0.0,43.0
2014,20,SAR Pedro de Valdivia,114,13,33,22,45,1,47.0,1.0,0.0,0,0.0,0.0,2.0,64.0
2014,21,SAR Pedro de Valdivia,94,5,33,19,36,1,42.0,2.0,0.0,0,0.0,0.0,0.0,50.0
2014,22,SAR Pedro de Valdivia,40,2,8,15,15,0,23.0,0.0,0.0,0,0.0,0.0,0.0,17.0
2014,23,SAR Pedro de Valdivia,93,3,21,25,43,1,37.0,0.0,0.0,0,0.0,1.0,3.0,52.0
2014,24,SAR Pedro de Valdivia,85,3,16,16,50,0,29.0,2.0,0.0,0,0.0,0.0,1.0,53.0
2014,25,SAR Pedro de Valdivia,53,4,11,12,24,2,26.0,0.0,0.0,0,0.0,0.0,0.0,27.0
2014,26,SAR Pedro de Valdivia,112,5,30,24,49,4,48.0,8.0,0.0,0,0.0,0.0,1.0,55.0
2014,27,SAR Pedro de Valdivia,141,6,33,42,52,8,79.0,4.0,0.0,0,0.0,0.0,0.0,58.0
2014,28,SAR Pedro de Valdivia,162,7,42,36,77,0,69.0,7.0,0.0,0,1.0,0.0,0.0,85.0
2014,29,SAR Pedro de Valdivia,101,7,27,21,39,7,45.0,4.0,0.0,0,0.0,0.0,1.0,51.0
2014,30,SAR Pedro de Valdivia,113,7,25,15,59,7,44.0,3.0,0.0,0,0.0,2.0,0.0,64.0
2014,31,SAR Pedro de Valdivia,38,3,8,5,19,3,16.0,3.0,0.0,0,0.0,0.0,0.0,19.0
2014,32,SAR Pedro de Valdivia,82,4,19,14,42,3,19.0,8.0,0.0,0,0.0,0.0,0.0,55.0
2014,33,SAR Pedro de Valdivia,69,3,16,20,24,6,16.0,3.0,0.0,0,0.0,0.0,1.0,49.0
2014,34,SAR Pedro de Valdivia,123,10,27,29,53,4,47.0,7.0,0.0,0,1.0,2.0,5.0,61.0
2014,35,SAR Pedro de Valdivia,123,6,29,34,43,11,46.0,4.0,0.0,0,0.0,0.0,0.0,73.0
2014,36,SAR Pedro de Valdivia,30,2,7,6,14,1,7.0,0.0,0.0,0,1.0,0.0,0.0,22.0
2014,37,SAR Pedro de Valdivia,37,2,5,10,15,5,12.0,1.0,0.0,0,1.0,0.0,0.0,23.0
2014,38,SAR Pedro de Valdivia,42,5,10,11,16,0,20.0,0.0,0.0,0,0.0,0.0,0.0,22.0
2014,39,SAR Pedro de Valdivia,42,9,9,9,13,2,18.0,0.0,0.0,0,0.0,0.0,0.0,24.0
2014,40,SAR Pedro de Valdivia,83,4,24,15,39,1,20.0,2.0,0.0,0,1.0,0.0,0.0,60.0
2014,41,SAR Pedro de Valdivia,15,0,3,3,9,0,1.0,1.0,0.0,0,1.0,0.0,0.0,12.0
2014,42,SAR Pedro de Valdivia,51,3,12,11,25,0,11.0,3.0,0.0,0,1.0,0.0,0.0,36.0
2014,43,SAR Pedro de Valdivia,55,2,11,14,27,1,15.0,2.0,0.0,0,0.0,0.0,0.0,38.0
2014,44,SAR Pedro de Valdivia,46,4,6,15,21,0,7.0,1.0,0.0,0,2.0,0.0,0.0,36.0
2014,45,SAR Pedro de Valdivia,76,1,15,20,40,0,14.0,3.0,0.0,0,2.0,1.0,0.0,56.0
2014,46,SAR Pedro de Valdivia,75,3,17,17,34,4,25.0,1.0,0.0,0,1.0,3.0,2.0,43.0
2014,47,SAR Pedro de Valdivia,68,5,17,19,23,4,19.0,6.0,0.0,0,3.0,0.0,0.0,40.0
2014,48,SAR Pedro de Valdivia,51,3,11,14,22,1,10.0,0.0,0.0,0,0.0,0.0,0.0,41.0
2014,49,SAR Pedro de Valdivia,62,13,9,5,30,5,12.0,2.0,0.0,0,0.0,1.0,1.0,46.0
2014,50,SAR Pedro de Valdivia,118,7,33,23,52,3,30.0,9.0,0.0,0,3.0,5.0,4.0,67.0
2014,51,SAR Pedro de Valdivia,112,7,33,19,50,3,23.0,6.0,0.0,0,1.0,4.0,3.0,75.0
2014,52,SAR Pedro de Valdivia,51,10,11,7,18,5,10.0,1.0,0.0,0,3.0,0.0,2.0,35.0
2014,53,SAR Pedro de Valdivia,48,4,6,5,33,0,12.0,1.0,0.0,0,2.0,0.0,1.0,32.0
2015,1,SAR Pedro de Valdivia,49,2,15,7,24,1,11.0,3.0,0.0,0,0.0,2.0,3.0,30.0
2015,2,SAR Pedro de Valdivia,93,33,14,7,38,1,14.0,3.0,0.0,0,0.0,0.0,1.0,75.0
2015,3,SAR Pedro de Valdivia,31,6,6,5,12,2,2.0,1.0,0.0,0,0.0,0.0,1.0,27.0
2015,4,SAR Pedro de Valdivia,51,3,9,10,27,2,8.0,0.0,0.0,0,1.0,0.0,1.0,41.0
2015,5,SAR Pedro de Valdivia,32,4,4,5,17,2,5.0,1.0,0.0,0,0.0,2.0,0.0,24.0
2015,6,SAR Pedro de Valdivia,67,6,11,11,33,6,15.0,2.0,0.0,0,0.0,0.0,1.0,49.0
2015,7,SAR Pedro de Valdivia,39,4,9,14,12,0,17.0,0.0,0.0,0,0.0,1.0,0.0,21.0
2015,8,SAR Pedro de Valdivia,66,3,7,8,45,3,4.0,2.0,0.0,0,2.0,0.0,2.0,56.0
2015,9,SAR Pedro de Valdivia,94,7,18,19,42,8,12.0,2.0,0.0,0,1.0,4.0,1.0,74.0
2015,10,SAR Pedro de Valdivia,130,14,19,28,64,5,25.0,3.0,0.0,0,1.0,1.0,0.0,100.0
2015,11,SAR Pedro de Valdivia,147,17,33,31,64,2,43.0,1.0,0.0,0,2.0,2.0,0.0,99.0
2015,12,SAR Pedro de Valdivia,130,9,35,31,45,10,53.0,1.0,0.0,0,3.0,1.0,1.0,71.0
2015,13,SAR Pedro de Valdivia,156,11,34,20,84,7,55.0,2.0,0.0,0,1.0,0.0,0.0,98.0
2015,14,SAR Pedro de Valdivia,83,3,15,13,43,9,17.0,2.0,0.0,0,4.0,0.0,2.0,58.0
2015,15,SAR Pedro de Valdivia,129,10,37,22,52,8,44.0,4.0,0.0,0,2.0,1.0,1.0,77.0
2015,16,SAR Pedro de Valdivia,194,24,49,34,81,6,20.0,4.0,0.0,0,24.0,1.0,3.0,142.0
2015,17,SAR Pedro de Valdivia,134,11,32,29,57,5,29.0,2.0,0.0,0,0.0,6.0,1.0,96.0
2015,18,SAR Pedro de Valdivia,151,17,36,29,60,9,40.0,2.0,0.0,0,6.0,0.0,2.0,101.0
2015,19,SAR Pedro de Valdivia,133,13,30,23,62,5,49.0,4.0,0.0,0,5.0,2.0,0.0,73.0
2015,20,SAR Pedro de Valdivia,140,10,43,24,57,6,38.0,4.0,0.0,0,14.0,2.0,0.0,82.0
2015,21,SAR Pedro de Valdivia,125,13,32,23,54,3,40.0,1.0,0.0,0,1.0,2.0,1.0,80.0
2015,22,SAR Pedro de Valdivia,138,13,21,32,65,7,41.0,5.0,0.0,0,7.0,2.0,4.0,79.0
2015,23,SAR Pedro de Valdivia,146,5,37,42,58,4,57.0,5.0,0.0,0,2.0,1.0,3.0,78.0
2015,24,SAR Pedro de Valdivia,125,8,31,16,64,6,29.0,1.0,0.0,0,7.0,0.0,1.0,87.0
2015,25,SAR Pedro de Valdivia,110,10,28,22,46,4,40.0,3.0,0.0,0,3.0,0.0,0.0,64.0
2015,26,SAR Pedro de Valdivia,192,24,48,37,72,11,92.0,6.0,0.0,0,2.0,1.0,4.0,87.0
2015,27,SAR Pedro de Valdivia,158,13,36,27,69,13,49.0,8.0,0.0,0,8.0,1.0,4.0,88.0
2015,28,SAR Pedro de Valdivia,204,16,56,40,86,6,78.0,8.0,0.0,0,11.0,0.0,5.0,102.0
2015,29,SAR Pedro de Valdivia,143,12,25,22,74,10,65.0,7.0,0.0,0,5.0,0.0,3.0,63.0
2015,30,SAR Pedro de Valdivia,94,3,27,7,51,6,43.0,2.0,0.0,0,5.0,2.0,3.0,39.0
2015,31,SAR Pedro de Valdivia,126,8,23,19,72,4,43.0,4.0,0.0,0,11.0,1.0,1.0,66.0
2015,32,SAR Pedro de Valdivia,182,12,36,48,76,10,53.0,15.0,0.0,0,4.0,3.0,4.0,103.0
2015,33,SAR Pedro de Valdivia,152,8,25,45,68,6,53.0,7.0,0.0,0,5.0,2.0,6.0,79.0
2015,34,SAR Pedro de Valdivia,149,7,34,38,65,5,66.0,3.0,0.0,0,4.0,1.0,9.0,66.0
2015,35,SAR Pedro de Valdivia,105,4,14,42,44,1,43.0,2.0,0.0,0,3.0,2.0,0.0,55.0
2015,36,SAR Pedro de Valdivia,132,3,18,38,70,3,60.0,6.0,0.0,0,5.0,1.0,2.0,58.0
2015,37,SAR Pedro de Valdivia,150,12,29,34,65,10,54.0,6.0,0.0,0,8.0,1.0,0.0,81.0
2015,38,SAR Pedro de Valdivia,134,4,28,18,75,9,52.0,7.0,0.0,0,3.0,3.0,3.0,66.0
2015,39,SAR Pedro de Valdivia,165,8,26,43,76,12,48.0,9.0,0.0,0,13.0,2.0,4.0,89.0
2015,40,SAR Pedro de Valdivia,91,6,19,17,42,7,22.0,10.0,0.0,0,4.0,1.0,1.0,53.0
2015,41,SAR Pedro de Valdivia,141,8,23,28,70,12,41.0,13.0,0.0,0,2.0,3.0,1.0,81.0
2015,42,SAR Pedro de Valdivia,66,2,16,19,25,4,20.0,2.0,0.0,0,2.0,1.0,0.0,41.0
2015,43,SAR Pedro de Valdivia,137,6,30,23,70,8,47.0,7.0,0.0,0,3.0,1.0,3.0,76.0
2015,44,SAR Pedro de Valdivia,161,11,33,45,63,9,33.0,4.0,0.0,0,14.0,2.0,1.0,107.0
2015,45,SAR Pedro de Valdivia,127,8,23,36,54,6,45.0,1.0,0.0,0,6.0,2.0,2.0,71.0
2015,46,SAR Pedro de Valdivia,155,6,31,42,68,8,50.0,10.0,0.0,0,0.0,2.0,4.0,89.0
2015,47,SAR Pedro de Valdivia,161,9,32,32,81,7,50.0,5.0,0.0,0,0.0,2.0,1.0,103.0
2015,48,SAR Pedro de Valdivia,98,5,19,25,42,7,15.0,4.0,0.0,0,0.0,1.0,1.0,77.0
2015,49,SAR Pedro de Valdivia,109,5,17,20,61,6,26.0,2.0,0.0,0,0.0,7.0,2.0,72.0
2015,50,SAR Pedro de Valdivia,116,7,24,19,61,5,18.0,5.0,0.0,0,0.0,3.0,1.0,89.0
2015,51,SAR Pedro de Valdivia,68,1,17,10,36,4,18.0,6.0,0.0,0,0.0,0.0,4.0,40.0
2015,52,SAR Pedro de Valdivia,84,3,14,9,55,3,11.0,2.0,0.0,0,1.0,1.0,3.0,66.0
2015,53,SAR Pedro de Valdivia,17,0,2,2,10,3,6.0,0.0,0.0,0,0.0,0.0,4.0,7.0
2016,1,SAR Pedro de Valdivia,54,6,13,8,26,1,9.0,1.0,0.0,0,1.0,3.0,0.0,40.0
2016,2,SAR Pedro de Valdivia,61,3,11,8,36,3,6.0,2.0,0.0,0,2.0,3.0,1.0,47.0
2016,3,SAR Pedro de Valdivia,62,3,9,10,33,7,11.0,4.0,0.0,0,2.0,1.0,2.0,42.0
2016,4,SAR Pedro de Valdivia,67,6,7,20,31,3,7.0,5.0,0.0,0,1.0,0.0,0.0,54.0
2016,5,SAR Pedro de Valdivia,53,2,9,10,26,6,16.0,4.0,0.0,0,0.0,0.0,2.0,31.0
2016,6,SAR Pedro de Valdivia,62,4,4,9,43,2,7.0,4.0,0.0,0,0.0,2.0,3.0,46.0
2016,7,SAR Pedro de Valdivia,58,2,9,9,35,3,8.0,4.0,0.0,0,0.0,3.0,0.0,43.0
2016,8,SAR Pedro de Valdivia,81,5,15,11,45,5,12.0,5.0,0.0,0,4.0,2.0,2.0,56.0
2016,9,SAR Pedro de Valdivia,90,3,17,11,56,3,11.0,7.0,0.0,0,3.0,1.0,0.0,68.0
2016,10,SAR Pedro de Valdivia,116,13,17,17,59,10,28.0,2.0,0.0,0,4.0,0.0,2.0,80.0
2016,11,SAR Pedro de Valdivia,141,12,39,30,53,7,22.0,5.0,0.0,0,0.0,2.0,0.0,112.0
2016,12,SAR Pedro de Valdivia,125,8,21,23,63,10,27.0,3.0,0.0,0,3.0,3.0,1.0,88.0
2016,13,SAR Pedro de Valdivia,117,4,22,16,64,11,25.0,10.0,0.0,0,1.0,2.0,2.0,77.0
2016,14,SAR Pedro de Valdivia,118,6,28,23,49,12,22.0,8.0,0.0,0,4.0,3.0,1.0,80.0
2016,15,SAR Pedro de Valdivia,117,7,15,30,59,6,27.0,6.0,0.0,0,0.0,4.0,3.0,77.0
2016,16,SAR Pedro de Valdivia,124,7,25,30,57,5,29.0,6.0,0.0,0,3.0,3.0,2.0,81.0
2016,17,SAR Pedro de Valdivia,147,14,36,43,50,4,29.0,5.0,0.0,0,5.0,3.0,2.0,103.0
2016,18,SAR Pedro de Valdivia,147,7,47,25,65,3,40.0,6.0,0.0,0,5.0,1.0,1.0,94.0
2016,19,SAR Pedro de Valdivia,138,3,44,35,53,3,42.0,1.0,0.0,0,12.0,1.0,0.0,82.0
2016,20,SAR Pedro de Valdivia,141,3,36,27,69,6,34.0,4.0,0.0,0,6.0,3.0,1.0,93.0
2016,21,SAR Pedro de Valdivia,161,8,42,40,64,7,58.0,3.0,0.0,0,7.0,2.0,1.0,90.0
2016,22,SAR Pedro de Valdivia,164,4,36,38,76,10,57.0,9.0,0.0,0,17.0,1.0,2.0,78.0
2016,23,SAR Pedro de Valdivia,187,11,40,44,87,5,56.0,5.0,0.0,0,13.0,0.0,1.0,112.0
2016,24,SAR Pedro de Valdivia,157,4,33,45,67,8,45.0,4.0,0.0,0,18.0,2.0,2.0,86.0
2016,25,SAR Pedro de Valdivia,193,7,55,50,70,11,50.0,5.0,0.0,0,10.0,4.0,2.0,122.0
2016,26,SAR Pedro de Valdivia,137,4,26,33,62,12,68.0,1.0,0.0,0,22.0,2.0,1.0,43.0
2016,27,SAR Pedro de Valdivia,128,5,28,19,66,10,32.0,5.0,0.0,0,8.0,1.0,3.0,79.0
2016,28,SAR Pedro de Valdivia,110,1,16,13,75,5,57.0,1.0,0.0,0,4.0,0.0,0.0,48.0
2016,29,SAR Pedro de Valdivia,165,7,22,19,112,5,34.0,6.0,0.0,0,18.0,9.0,0.0,98.0
2016,30,SAR Pedro de Valdivia,141,4,17,23,91,6,24.0,4.0,0.0,0,11.0,1.0,2.0,99.0
2016,31,SAR Pedro de Valdivia,144,4,24,29,82,5,20.0,1.0,0.0,0,11.0,1.0,5.0,106.0
2016,32,SAR Pedro de Valdivia,193,14,32,41,97,9,30.0,11.0,0.0,0,17.0,3.0,4.0,128.0
2016,33,SAR Pedro de Valdivia,189,8,34,48,87,12,33.0,11.0,0.0,0,19.0,1.0,1.0,124.0
2016,34,SAR Pedro de Valdivia,188,12,30,37,92,17,31.0,5.0,0.0,0,18.0,0.0,1.0,133.0
2016,35,SAR Pedro de Valdivia,189,11,48,37,84,9,32.0,11.0,0.0,0,15.0,2.0,2.0,127.0
2016,36,SAR Pedro de Valdivia,156,6,33,35,76,6,21.0,5.0,0.0,0,30.0,2.0,2.0,96.0
2016,37,SAR Pedro de Valdivia,146,7,38,18,79,4,14.0,5.0,0.0,0,21.0,3.0,0.0,103.0
2016,38,SAR Pedro de Valdivia,135,4,29,26,71,5,14.0,7.0,0.0,0,11.0,4.0,0.0,99.0
2016,39,SAR Pedro de Valdivia,125,7,28,18,67,5,7.0,4.0,0.0,0,13.0,2.0,0.0,99.0
2016,40,SAR Pedro de Valdivia,136,6,25,26,68,11,24.0,13.0,0.0,0,14.0,4.0,0.0,81.0
2016,41,SAR Pedro de Valdivia,99,7,24,16,47,5,23.0,1.0,0.0,0,6.0,4.0,1.0,64.0
2016,42,SAR Pedro de Valdivia,107,5,24,27,43,8,11.0,4.0,0.0,0,6.0,0.0,3.0,83.0
2016,43,SAR Pedro de Valdivia,93,7,20,15,45,6,12.0,5.0,0.0,0,5.0,2.0,1.0,68.0
2016,44,SAR Pedro de Valdivia,84,3,12,14,49,6,8.0,5.0,0.0,0,10.0,2.0,1.0,58.0
2016,45,SAR Pedro de Valdivia,75,4,17,13,35,6,24.0,3.0,0.0,0,1.0,1.0,1.0,45.0
2016,46,SAR Pedro de Valdivia,94,1,16,21,51,5,19.0,7.0,0.0,0,3.0,2.0,0.0,63.0
2016,47,SAR Pedro de Valdivia,120,3,22,21,70,4,17.0,5.0,0.0,0,2.0,1.0,2.0,93.0
2016,48,SAR Pedro de Valdivia,104,7,29,18,48,2,15.0,4.0,0.0,0,0.0,2.0,0.0,83.0
2016,49,SAR Pedro de Valdivia,109,3,31,27,44,4,17.0,7.0,0.0,0,3.0,2.0,2.0,78.0
2016,50,SAR Pedro de Valdivia,94,2,25,13,47,7,6.0,3.0,0.0,0,1.0,1.0,2.0,81.0
2016,51,SAR Pedro de Valdivia,58,0,12,3,39,4,6.0,4.0,0.0,0,0.0,1.0,1.0,46.0
2016,52,SAR Pedro de Valdivia,93,3,20,6,57,7,10.0,2.0,0.0,0,1.0,4.0,2.0,74.0
2017,1,SAR Pedro de Valdivia,71,3,8,12,43,5,11.0,2.0,0.0,0,2.0,2.0,1.0,53.0
2017,2,SAR Pedro de Valdivia,61,3,13,10,27,8,8.0,5.0,0.0,0,3.0,0.0,2.0,43.0
2017,3,SAR Pedro de Valdivia,56,0,12,4,34,6,7.0,2.0,0.0,0,3.0,1.0,6.0,37.0
2017,4,SAR Pedro de Valdivia,53,4,6,2,36,5,10.0,6.0,0.0,0,3.0,0.0,1.0,33.0
2017,5,SAR Pedro de Valdivia,40,3,5,7,22,3,2.0,2.0,0.0,0,1.0,0.0,0.0,35.0
2017,6,SAR Pedro de Valdivia,43,3,3,8,24,5,9.0,2.0,0.0,0,1.0,0.0,1.0,30.0
2017,7,SAR Pedro de Valdivia,33,1,5,7,20,0,5.0,1.0,0.0,0,3.0,1.0,0.0,23.0
2017,8,SAR Pedro de Valdivia,49,3,11,4,28,3,4.0,2.0,0.0,0,0.0,0.0,1.0,42.0
2017,9,SAR Pedro de Valdivia,47,1,9,6,26,5,5.0,4.0,0.0,0,1.0,2.0,0.0,35.0
2017,10,SAR Pedro de Valdivia,79,5,13,18,40,3,12.0,5.0,0.0,0,0.0,0.0,0.0,62.0
2017,11,SAR Pedro de Valdivia,142,8,30,33,60,11,15.0,5.0,0.0,0,2.0,1.0,0.0,119.0
2017,12,SAR Pedro de Valdivia,171,11,29,36,86,9,19.0,10.0,0.0,0,1.0,3.0,0.0,138.0
2017,13,SAR Pedro de Valdivia,140,9,35,15,72,9,24.0,6.0,0.0,0,2.0,1.0,1.0,106.0
2017,14,SAR Pedro de Valdivia,124,7,32,21,56,8,35.0,3.0,0.0,0,0.0,1.0,3.0,82.0
2017,15,SAR Pedro de Valdivia,132,6,31,37,53,5,30.0,5.0,0.0,0,2.0,1.0,0.0,94.0
2017,16,SAR Pedro de Valdivia,120,4,29,26,53,8,19.0,4.0,0.0,0,0.0,4.0,1.0,92.0
2017,17,SAR Pedro de Valdivia,103,5,21,28,43,6,21.0,4.0,0.0,0,1.0,4.0,0.0,73.0
2017,18,SAR Pedro de Valdivia,142,6,32,33,66,5,45.0,8.0,0.0,0,0.0,4.0,1.0,84.0
2017,19,SAR Pedro de Valdivia,137,7,22,38,63,7,28.0,7.0,0.0,0,0.0,2.0,0.0,100.0
2017,20,SAR Pedro de Valdivia,151,10,34,40,58,9,30.0,7.0,0.0,0,3.0,2.0,6.0,103.0
2017,21,SAR Pedro de Valdivia,201,3,50,48,91,9,60.0,11.0,0.0,0,4.0,4.0,1.0,121.0
2017,22,SAR Pedro de Valdivia,176,6,29,41,93,7,70.0,5.0,0.0,0,7.0,1.0,1.0,92.0
2017,23,SAR Pedro de Valdivia,221,2,30,62,116,11,57.0,9.0,0.0,0,6.0,6.0,1.0,142.0
2017,24,SAR Pedro de Valdivia,207,5,25,63,110,4,84.0,3.0,0.0,0,3.0,2.0,0.0,115.0
2017,25,SAR Pedro de Valdivia,244,6,48,58,117,15,97.0,8.0,0.0,0,10.0,0.0,2.0,127.0
2017,26,SAR Pedro de Valdivia,279,13,51,63,140,12,77.0,19.0,0.0,0,13.0,4.0,1.0,165.0
2017,27,SAR Pedro de Valdivia,183,7,41,40,83,12,53.0,12.0,0.0,0,12.0,1.0,3.0,102.0
2017,28,SAR Pedro de Valdivia,189,9,57,40,69,14,71.0,11.0,0.0,0,3.0,4.0,6.0,94.0
2017,29,SAR Pedro de Valdivia,184,7,46,32,83,16,62.0,9.0,0.0,0,3.0,0.0,2.0,108.0
2017,30,SAR Pedro de Valdivia,145,13,30,20,67,15,63.0,8.0,0.0,0,4.0,3.0,5.0,62.0
2017,31,SAR Pedro de Valdivia,123,5,14,27,67,10,35.0,6.0,0.0,0,2.0,3.0,1.0,76.0
2017,32,SAR Pedro de Valdivia,109,3,18,23,50,15,35.0,6.0,0.0,0,0.0,1.0,0.0,67.0
2017,33,SAR Pedro de Valdivia,135,10,31,22,66,6,35.0,7.0,0.0,0,6.0,3.0,3.0,81.0
2017,34,SAR Pedro de Valdivia,164,7,29,41,74,13,43.0,10.0,0.0,0,6.0,3.0,3.0,99.0
2017,35,SAR Pedro de Valdivia,162,6,29,39,84,4,40.0,8.0,0.0,0,1.0,5.0,4.0,104.0
2017,36,SAR Pedro de Valdivia,151,5,25,43,71,7,54.0,4.0,0.0,0,2.0,2.0,2.0,87.0
2017,37,SAR Pedro de Valdivia,139,4,30,24,72,9,31.0,6.0,0.0,0,0.0,5.0,1.0,96.0
2017,38,SAR Pedro de Valdivia,190,3,33,40,101,13,58.0,6.0,0.0,0,1.0,7.0,1.0,117.0
2017,39,SAR Pedro de Valdivia,138,4,16,32,73,13,30.0,5.0,0.0,0,0.0,2.0,1.0,100.0
2017,40,SAR Pedro de Valdivia,143,7,23,35,66,12,29.0,4.0,0.0,0,5.0,4.0,2.0,99.0
2017,41,SAR Pedro de Valdivia,146,3,39,27,69,8,31.0,4.0,0.0,0,0.0,4.0,0.0,107.0
2017,42,SAR Pedro de Valdivia,145,2,34,31,74,4,27.0,5.0,0.0,0,2.0,6.0,2.0,103.0
2017,43,SAR Pedro de Valdivia,145,4,37,33,62,9,42.0,4.0,0.0,0,0.0,7.0,0.0,92.0
2017,44,SAR Pedro de Valdivia,157,4,31,33,81,8,41.0,7.0,0.0,0,1.0,6.0,1.0,101.0
2017,45,SAR Pedro de Valdivia,130,10,17,17,79,7,24.0,4.0,0.0,0,1.0,3.0,0.0,98.0
2017,46,SAR Pedro de Valdivia,127,5,28,41,51,2,22.0,6.0,0.0,0,1.0,2.0,1.0,95.0
2017,47,SAR Pedro de Valdivia,126,8,31,29,51,7,33.0,4.0,0.0,0,0.0,4.0,1.0,84.0
2017,48,SAR Pedro de Valdivia,97,5,22,18,46,6,13.0,4.0,0.0,0,1.0,8.0,0.0,71.0
2017,49,SAR Pedro de Valdivia,99,3,17,21,52,6,14.0,9.0,0.0,0,2.0,7.0,1.0,66.0
2017,50,SAR Pedro de Valdivia,102,6,19,30,44,3,29.0,6.0,0.0,0,0.0,7.0,1.0,59.0
2017,51,SAR Pedro de Valdivia,77,2,14,11,40,10,24.0,4.0,0.0,0,1.0,2.0,0.0,46.0
2017,52,SAR Pedro de Valdivia,79,2,18,16,36,7,11.0,8.0,0.0,0,0.0,3.0,2.0,55.0
2018,1,SAR Pedro de Valdivia,77,4,11,15,39,8,7.0,5.0,0.0,0,0.0,4.0,2.0,59.0
2018,2,SAR Pedro de Valdivia,62,2,10,11,35,4,8.0,0.0,0.0,0,0.0,2.0,1.0,51.0
2018,3,SAR Pedro de Valdivia,55,4,10,4,35,2,7.0,4.0,0.0,0,0.0,1.0,0.0,43.0
2018,4,SAR Pedro de Valdivia,42,2,7,7,23,3,6.0,1.0,0.0,0,0.0,2.0,0.0,33.0
2018,5,SAR Pedro de Valdivia,45,2,8,10,14,11,4.0,1.0,0.0,0,0.0,0.0,1.0,39.0
2018,6,SAR Pedro de Valdivia,28,0,2,2,22,2,4.0,2.0,0.0,0,0.0,0.0,0.0,22.0
2018,7,SAR Pedro de Valdivia,82,3,18,6,47,8,14.0,4.0,0.0,0,1.0,4.0,1.0,58.0
2018,8,SAR Pedro de Valdivia,59,2,16,8,27,6,8.0,5.0,0.0,0,0.0,1.0,1.0,44.0
2018,9,SAR Pedro de Valdivia,47,5,5,5,27,5,4.0,5.0,0.0,0,0.0,2.0,0.0,36.0
2018,10,SAR Pedro de Valdivia,82,2,18,14,39,9,14.0,7.0,0.0,0,1.0,0.0,0.0,60.0
2018,11,SAR Pedro de Valdivia,153,3,32,42,69,7,15.0,6.0,0.0,0,2.0,4.0,1.0,125.0
2018,12,SAR Pedro de Valdivia,139,7,36,37,54,5,27.0,4.0,0.0,0,0.0,4.0,3.0,101.0
2018,13,SAR Pedro de Valdivia,124,7,18,23,58,18,24.0,8.0,0.0,0,0.0,2.0,3.0,87.0
2018,14,SAR Pedro de Valdivia,97,7,22,9,56,3,28.0,5.0,0.0,0,0.0,2.0,1.0,61.0
2018,15,SAR Pedro de Valdivia,102,4,18,16,56,8,23.0,4.0,0.0,0,0.0,1.0,2.0,72.0
2018,16,SAR Pedro de Valdivia,115,11,30,20,49,5,25.0,7.0,0.0,0,0.0,0.0,0.0,83.0
2018,17,SAR Pedro de Valdivia,120,10,35,23,47,5,39.0,5.0,0.0,0,1.0,1.0,0.0,74.0
2018,18,SAR Pedro de Valdivia,113,5,33,22,47,6,26.0,8.0,0.0,0,0.0,3.0,1.0,75.0
2018,19,SAR Pedro de Valdivia,103,7,27,17,48,4,28.0,3.0,0.0,0,0.0,2.0,0.0,70.0
2018,20,SAR Pedro de Valdivia,91,2,27,13,46,3,20.0,3.0,0.0,0,0.0,1.0,1.0,66.0
2018,21,SAR Pedro de Valdivia,134,4,34,28,54,14,27.0,7.0,0.0,0,3.0,6.0,2.0,89.0
2018,22,SAR Pedro de Valdivia,124,4,25,30,60,5,32.0,3.0,0.0,0,1.0,3.0,2.0,83.0
2018,23,SAR Pedro de Valdivia,163,6,32,35,86,4,34.0,5.0,0.0,0,3.0,3.0,2.0,116.0
2018,24,SAR Pedro de Valdivia,192,7,48,32,94,11,35.0,10.0,0.0,0,3.0,3.0,3.0,138.0
2018,25,SAR Pedro de Valdivia,225,12,68,43,89,13,40.0,7.0,0.0,0,3.0,2.0,9.0,164.0
2018,26,SAR Pedro de Valdivia,235,18,65,42,98,12,64.0,7.0,0.0,0,5.0,2.0,4.0,153.0
2018,27,SAR Pedro de Valdivia,259,11,67,50,118,13,67.0,21.0,0.0,0,4.0,2.0,7.0,158.0
2018,28,SAR Pedro de Valdivia,173,10,36,25,88,14,37.0,8.0,0.0,0,3.0,2.0,1.0,122.0
2018,29,SAR Pedro de Valdivia,197,15,32,17,115,18,32.0,9.0,0.0,0,0.0,3.0,7.0,146.0
2018,30,SAR Pedro de Valdivia,194,9,21,26,116,22,41.0,5.0,0.0,0,13.0,2.0,8.0,125.0
2018,31,SAR Pedro de Valdivia,122,5,11,18,76,12,21.0,4.0,0.0,0,4.0,3.0,0.0,90.0
2018,32,SAR Pedro de Valdivia,150,6,29,24,88,3,15.0,5.0,0.0,0,1.0,6.0,2.0,121.0
2018,33,SAR Pedro de Valdivia,247,4,48,57,130,8,33.0,9.0,0.0,0,9.0,3.0,5.0,188.0
2018,34,SAR Pedro de Valdivia,245,9,41,70,117,8,36.0,4.0,0.0,0,15.0,5.0,1.0,184.0
2018,35,SAR Pedro de Valdivia,197,6,24,40,112,15,28.0,8.0,0.0,0,6.0,4.0,0.0,151.0
2018,36,SAR Pedro de Valdivia,173,6,33,32,90,12,46.0,6.0,0.0,0,14.0,4.0,4.0,99.0
2018,37,SAR Pedro de Valdivia,166,3,32,28,95,8,46.0,7.0,0.0,0,0.0,3.0,4.0,106.0
2018,38,SAR Pedro de Valdivia,123,7,21,24,64,7,22.0,10.0,0.0,0,0.0,6.0,1.0,84.0
2018,39,SAR Pedro de Valdivia,142,5,21,27,78,11,28.0,13.0,0.0,0,0.0,4.0,1.0,96.0
2018,40,SAR Pedro de Valdivia,132,6,25,20,76,5,20.0,8.0,0.0,0,1.0,8.0,0.0,95.0
2018,41,SAR Pedro de Valdivia,133,4,24,36,65,4,41.0,4.0,0.0,0,0.0,1.0,0.0,87.0
2018,42,SAR Pedro de Valdivia,156,3,27,27,88,11,25.0,7.0,0.0,0,1.0,5.0,3.0,115.0
2018,43,SAR Pedro de Valdivia,153,3,27,28,88,7,38.0,10.0,0.0,0,0.0,4.0,0.0,101.0
2018,44,SAR Pedro de Valdivia,144,2,33,30,71,8,33.0,5.0,0.0,0,1.0,3.0,2.0,100.0
2018,45,SAR Pedro de Valdivia,132,4,23,32,65,8,23.0,9.0,0.0,0,0.0,2.0,1.0,97.0
2018,46,SAR Pedro de Valdivia,122,5,26,30,53,8,26.0,3.0,0.0,0,0.0,5.0,0.0,88.0
2018,47,SAR Pedro de Valdivia,126,1,25,37,54,9,20.0,6.0,0.0,0,1.0,4.0,1.0,94.0
2018,48,SAR Pedro de Valdivia,119,8,29,21,50,11,40.0,5.0,0.0,0,0.0,2.0,2.0,70.0
2018,49,SAR Pedro de Valdivia,108,2,18,23,56,9,19.0,7.0,0.0,0,0.0,4.0,3.0,75.0
2018,50,SAR Pedro de Valdivia,86,2,23,18,37,6,11.0,4.0,0.0,0,4.0,5.0,2.0,60.0
2018,51,SAR Pedro de Valdivia,94,5,22,12,43,12,14.0,2.0,0.0,0,0.0,5.0,3.0,70.0
2018,52,SAR Pedro de Valdivia,91,3,18,16,46,8,20.0,3.0,0.0,0,2.0,5.0,0.0,61.0
2019,1,SAR Pedro de Valdivia,94,5,15,2,63,9,10.0,4.0,0.0,0,3.0,7.0,2.0,68.0
2019,2,SAR Pedro de Valdivia,85,7,11,7,54,6,13.0,6.0,0.0,0,0.0,3.0,2.0,61.0
2019,3,SAR Pedro de Valdivia,43,2,4,4,31,2,1.0,4.0,0.0,0,0.0,2.0,0.0,36.0
2019,4,SAR Pedro de Valdivia,44,1,5,4,30,4,8.0,5.0,0.0,0,0.0,0.0,1.0,30.0
2019,5,SAR Pedro de Valdivia,37,3,4,6,20,4,4.0,4.0,0.0,0,0.0,1.0,1.0,27.0
2019,6,SAR Pedro de Valdivia,33,0,4,3,22,4,2.0,2.0,0.0,0,0.0,1.0,0.0,28.0
2019,7,SAR Pedro de Valdivia,33,2,4,4,17,6,4.0,3.0,0.0,0,0.0,0.0,0.0,26.0
2019,8,SAR Pedro de Valdivia,40,2,2,6,30,0,5.0,2.0,0.0,0,0.0,3.0,1.0,29.0
2019,9,SAR Pedro de Valdivia,47,4,5,7,30,1,7.0,3.0,0.0,0,0.0,1.0,0.0,36.0
2019,10,SAR Pedro de Valdivia,49,3,6,6,27,7,7.0,3.0,0.0,0,1.0,0.0,1.0,37.0
2019,11,SAR Pedro de Valdivia,95,7,18,23,37,10,10.0,9.0,0.0,0,0.0,0.0,1.0,75.0
2019,12,SAR Pedro de Valdivia,105,7,25,22,47,4,13.0,4.0,0.0,0,0.0,3.0,1.0,84.0
2019,13,SAR Pedro de Valdivia,105,8,22,23,45,7,19.0,5.0,0.0,0,0.0,1.0,0.0,80.0
2019,14,SAR Pedro de Valdivia,108,6,27,19,50,6,22.0,6.0,0.0,0,1.0,4.0,0.0,75.0
2019,15,SAR Pedro de Valdivia,117,7,31,12,60,7,18.0,5.0,0.0,0,0.0,2.0,1.0,91.0
2019,16,SAR Pedro de Valdivia,135,7,32,32,59,5,29.0,4.0,0.0,0,0.0,6.0,0.0,96.0
2019,17,SAR Pedro de Valdivia,133,8,25,25,63,12,23.0,12.0,0.0,0,1.0,2.0,1.0,94.0
2019,18,SAR Pedro de Valdivia,121,5,25,22,63,6,31.0,1.0,0.0,0,0.0,3.0,3.0,83.0
2019,19,SAR Pedro de Valdivia,132,5,31,28,64,4,16.0,5.0,0.0,0,0.0,3.0,3.0,105.0
2019,20,SAR Pedro de Valdivia,174,3,35,47,77,12,25.0,6.0,0.0,0,8.0,4.0,5.0,126.0
2019,21,SAR Pedro de Valdivia,210,3,43,45,109,10,50.0,8.0,0.0,0,6.0,1.0,1.0,144.0
2019,22,SAR Pedro de Valdivia,216,5,23,52,121,15,47.0,8.0,0.0,0,13.0,2.0,5.0,141.0
2019,23,SAR Pedro de Valdivia,180,7,24,42,96,11,26.0,7.0,0.0,0,6.0,3.0,2.0,136.0
2019,24,SAR Pedro de Valdivia,206,6,41,44,103,12,26.0,12.0,0.0,0,4.0,2.0,3.0,159.0
2019,25,SAR Pedro de Valdivia,343,9,75,84,157,18,62.0,22.0,0.0,0,17.0,4.0,9.0,229.0
2019,26,SAR Pedro de Valdivia,241,8,48,58,108,19,57.0,12.0,0.0,0,4.0,4.0,4.0,160.0
2019,27,SAR Pedro de Valdivia,216,9,37,37,113,20,46.0,7.0,0.0,0,5.0,2.0,13.0,143.0
2019,28,SAR Pedro de Valdivia,253,13,54,49,107,30,65.0,14.0,0.0,0,10.0,4.0,5.0,155.0
2019,29,SAR Pedro de Valdivia,225,13,44,32,117,19,51.0,12.0,0.0,0,7.0,4.0,11.0,140.0
2019,30,SAR Pedro de Valdivia,179,10,33,18,100,18,41.0,14.0,0.0,0,1.0,3.0,11.0,109.0
2019,31,SAR Pedro de Valdivia,159,5,27,23,85,19,33.0,12.0,0.0,0,5.0,4.0,11.0,94.0
2019,32,SAR Pedro de Valdivia,170,7,38,22,88,15,33.0,10.0,0.0,0,8.0,5.0,1.0,113.0
2019,33,SAR Pedro de Valdivia,214,16,47,54,84,13,68.0,19.0,0.0,0,0.0,1.0,6.0,120.0
2019,34,SAR Pedro de Valdivia,235,12,48,57,102,16,36.0,15.0,0.0,0,3.0,5.0,8.0,168.0
2019,35,SAR Pedro de Valdivia,241,16,49,67,91,18,51.0,20.0,0.0,0,9.0,4.0,6.0,151.0
2019,36,SAR Pedro de Valdivia,302,19,48,78,137,20,67.0,7.0,0.0,0,6.0,13.0,12.0,197.0
2019,37,SAR Pedro de Valdivia,360,11,57,96,172,24,79.0,7.0,0.0,0,19.0,5.0,14.0,236.0
2019,38,SAR Pedro de Valdivia,320,13,56,52,164,35,60.0,19.0,0.0,0,16.0,9.0,13.0,203.0
2019,39,SAR Pedro de Valdivia,272,6,27,47,174,18,64.0,15.0,0.0,0,4.0,3.0,10.0,176.0
2019,40,SAR Pedro de Valdivia,239,13,33,46,126,21,54.0,18.0,0.0,0,10.0,3.0,6.0,148.0
2019,41,SAR Pedro de Valdivia,258,12,56,64,114,12,49.0,12.0,0.0,0,4.0,10.0,8.0,175.0
2019,42,SAR Pedro de Valdivia,221,11,51,52,93,14,29.0,8.0,0.0,0,10.0,5.0,5.0,164.0
2019,43,SAR Pedro de Valdivia,225,16,56,37,108,8,45.0,13.0,0.0,0,4.0,5.0,6.0,152.0
2019,44,SAR Pedro de Valdivia,180,14,29,28,90,19,32.0,21.0,0.0,0,6.0,9.0,8.0,104.0
2019,45,SAR Pedro de Valdivia,144,7,29,19,71,18,23.0,10.0,0.0,0,2.0,3.0,6.0,100.0
2019,46,SAR Pedro de Valdivia,141,9,26,26,65,15,33.0,7.0,0.0,0,2.0,5.0,5.0,89.0
2019,47,SAR Pedro de Valdivia,127,7,29,21,57,13,25.0,11.0,0.0,0,4.0,1.0,5.0,81.0
2019,48,SAR Pedro de Valdivia,159,4,30,55,57,13,45.0,6.0,0.0,0,0.0,5.0,1.0,102.0
2019,49,SAR Pedro de Valdivia,141,14,21,25,66,15,21.0,9.0,0.0,0,1.0,5.0,7.0,98.0
2019,50,SAR Pedro de Valdivia,198,9,43,40,86,20,46.0,9.0,0.0,0,6.0,2.0,10.0,125.0
2019,51,SAR Pedro de Valdivia,160,0,33,26,92,9,26.0,15.0,0.0,0,2.0,5.0,5.0,107.0
2019,52,SAR Pedro de Valdivia,151,10,27,21,84,9,27.0,14.0,0.0,0,5.0,5.0,4.0,96.0
2020,1,SAR Pedro de Valdivia,36,2,5,5,20,4,8.0,1.0,0.0,0,0.0,2.0,0.0,25.0
2020,5,SAR Pedro de Valdivia,78,4,12,8,45,9,13.0,10.0,0.0,0,7.0,1.0,2.0,45.0
2020,6,SAR Pedro de Valdivia,79,4,12,10,41,12,14.0,7.0,0.0,0,3.0,2.0,2.0,51.0
2020,7,SAR Pedro de Valdivia,73,2,12,18,33,8,9.0,5.0,0.0,0,2.0,0.0,6.0,51.0
2020,8,SAR Pedro de Valdivia,103,2,13,20,56,12,13.0,10.0,0.0,0,9.0,3.0,3.0,65.0
2020,9,SAR Pedro de Valdivia,105,8,10,14,68,5,17.0,12.0,0.0,0,6.0,1.0,6.0,63.0
2020,10,SAR Pedro de Valdivia,100,5,15,6,64,10,6.0,6.0,0.0,0,1.0,3.0,1.0,83.0
2020,11,SAR Pedro de Valdivia,91,5,18,17,43,8,15.0,4.0,0.0,0,3.0,2.0,4.0,63.0
2020,12,SAR Pedro de Valdivia,59,1,7,2,48,1,9.0,5.0,0.0,0,5.0,0.0,2.0,38.0
2020,13,SAR Pedro de Valdivia,20,0,1,2,14,3,5.0,2.0,0.0,0,0.0,0.0,1.0,12.0
2020,14,SAR Pedro de Valdivia,25,2,2,2,14,5,4.0,7.0,0.0,0,0.0,0.0,2.0,12.0
2020,15,SAR Pedro de Valdivia,25,0,0,2,21,2,6.0,6.0,1.0,0,1.0,0.0,0.0,11.0
2020,16,SAR Pedro de Valdivia,25,2,3,1,16,3,6.0,5.0,0.0,0,0.0,0.0,1.0,13.0
2020,17,SAR Pedro de Valdivia,25,2,2,1,14,6,1.0,3.0,1.0,0,0.0,3.0,5.0,12.0
2020,18,SAR Pedro de Valdivia,29,1,1,2,15,10,3.0,8.0,0.0,0,0.0,3.0,5.0,10.0
2020,19,SAR Pedro de Valdivia,27,0,0,3,20,4,4.0,5.0,0.0,0,3.0,1.0,0.0,14.0
2020,20,SAR Pedro de Valdivia,21,0,0,1,17,3,1.0,4.0,0.0,0,0.0,0.0,0.0,16.0
2020,21,SAR Pedro de Valdivia,20,1,2,0,13,4,4.0,2.0,0.0,0,0.0,1.0,1.0,12.0
2020,22,SAR Pedro de Valdivia,12,0,1,1,9,1,0.0,0.0,0.0,0,0.0,0.0,2.0,10.0
2020,23,SAR Pedro de Valdivia,16,0,0,2,9,5,0.0,5.0,0.0,0,0.0,2.0,4.0,5.0
2020,24,SAR Pedro de Valdivia,19,0,2,2,12,3,3.0,1.0,0.0,0,0.0,0.0,3.0,12.0
2020,25,SAR Pedro de Valdivia,28,2,1,1,16,8,4.0,7.0,0.0,0,0.0,1.0,3.0,13.0
2020,26,SAR Pedro de Valdivia,14,0,0,2,7,5,4.0,2.0,0.0,0,0.0,0.0,3.0,5.0
2020,27,SAR Pedro de Valdivia,26,0,0,4,16,6,3.0,8.0,0.0,0,0.0,4.0,1.0,10.0
2020,28,SAR Pedro de Valdivia,12,0,3,3,5,1,1.0,2.0,0.0,0,0.0,0.0,0.0,9.0
2020,29,SAR Pedro de Valdivia,12,2,0,4,6,0,1.0,0.0,0.0,0,0.0,1.0,0.0,10.0
2020,30,SAR Pedro de Valdivia,21,0,2,3,13,3,2.0,2.0,0.0,0,0.0,1.0,4.0,12.0
2020,31,SAR Pedro de Valdivia,22,0,0,1,17,4,3.0,7.0,0.0,0,0.0,0.0,3.0,9.0
2020,32,SAR Pedro de Valdivia,17,0,4,2,10,1,2.0,2.0,0.0,0,0.0,0.0,0.0,13.0
2020,33,SAR Pedro de Valdivia,22,0,3,1,15,3,4.0,4.0,0.0,0,0.0,1.0,0.0,13.0
2020,34,SAR Pedro de Valdivia,15,0,1,1,9,4,4.0,3.0,0.0,0,0.0,1.0,1.0,6.0
2020,35,SAR Pedro de Valdivia,27,4,3,2,15,3,4.0,4.0,0.0,0,0.0,1.0,0.0,18.0
2020,36,SAR Pedro de Valdivia,29,1,0,3,20,5,3.0,3.0,0.0,0,0.0,6.0,1.0,16.0
2020,37,SAR Pedro de Valdivia,29,1,2,0,23,3,4.0,7.0,0.0,0,0.0,1.0,1.0,16.0
2020,38,SAR Pedro de Valdivia,43,1,5,0,33,4,7.0,8.0,0.0,0,0.0,6.0,2.0,20.0
2020,39,SAR Pedro de Valdivia,41,2,0,5,25,9,5.0,8.0,0.0,0,2.0,2.0,2.0,22.0
2020,40,SAR Pedro de Valdivia,36,0,1,4,26,5,3.0,5.0,0.0,0,1.0,2.0,3.0,22.0
2020,41,SAR Pedro de Valdivia,35,2,4,1,25,3,9.0,2.0,0.0,0,0.0,1.0,1.0,22.0
2020,42,SAR Pedro de Valdivia,39,3,1,2,21,12,5.0,6.0,0.0,0,0.0,4.0,3.0,21.0
2020,43,SAR Pedro de Valdivia,54,2,3,1,44,4,5.0,3.0,3.0,0,6.0,5.0,0.0,32.0
2020,44,SAR Pedro de Valdivia,28,2,2,1,15,8,1.0,9.0,1.0,0,1.0,4.0,1.0,11.0
2020,45,SAR Pedro de Valdivia,25,0,1,1,19,4,6.0,7.0,0.0,0,0.0,1.0,0.0,11.0
2020,46,SAR Pedro de Valdivia,36,0,4,3,26,3,5.0,6.0,3.0,0,1.0,1.0,2.0,18.0
2020,47,SAR Pedro de Valdivia,45,1,2,4,33,5,7.0,5.0,5.0,0,0.0,5.0,3.0,20.0
2020,48,SAR Pedro de Valdivia,28,1,2,2,21,2,4.0,1.0,3.0,0,2.0,2.0,3.0,13.0
2020,49,SAR Pedro de Valdivia,30,4,1,1,18,6,4.0,5.0,0.0,0,0.0,1.0,3.0,17.0
2020,50,SAR Pedro de Valdivia,26,2,2,2,18,2,6.0,3.0,2.0,0,0.0,1.0,1.0,13.0
2020,51,SAR Pedro de Valdivia,27,1,3,2,14,7,6.0,5.0,0.0,0,0.0,2.0,3.0,11.0
2020,52,SAR Pedro de Valdivia,27,1,3,3,17,3,5.0,4.0,2.0,0,0.0,4.0,2.0,10.0
2020,53,SAR Pedro de Valdivia,39,0,5,1,30,3,12.0,5.0,2.0,0,3.0,0.0,0.0,17.0
2021,1,SAR Pedro de Valdivia,36,0,2,4,27,3,13.0,0.0,4.0,0,0.0,5.0,2.0,12.0
2021,2,SAR Pedro de Valdivia,31,1,4,3,18,5,6.0,3.0,4.0,0,0.0,3.0,1.0,14.0
2021,3,SAR Pedro de Valdivia,41,0,1,3,29,8,3.0,6.0,5.0,0,2.0,6.0,0.0,19.0
2021,4,SAR Pedro de Valdivia,32,3,2,1,21,5,9.0,4.0,3.0,0,2.0,1.0,3.0,10.0
2021,5,SAR Pedro de Valdivia,37,0,4,2,25,6,6.0,3.0,8.0,0,0.0,2.0,1.0,17.0
2021,6,SAR Pedro de Valdivia,35,2,6,0,20,7,8.0,5.0,2.0,0,0.0,3.0,1.0,16.0
2021,7,SAR Pedro de Valdivia,44,1,6,8,25,4,6.0,9.0,2.0,0,2.0,5.0,1.0,19.0
2021,8,SAR Pedro de Valdivia,32,2,2,3,21,4,2.0,5.0,1.0,0,1.0,3.0,2.0,18.0
2021,9,SAR Pedro de Valdivia,38,3,5,1,23,6,9.0,5.0,4.0,0,3.0,2.0,1.0,14.0
2021,10,SAR Pedro de Valdivia,50,0,0,4,42,4,5.0,1.0,9.0,0,0.0,2.0,3.0,30.0
2021,11,SAR Pedro de Valdivia,41,0,4,3,28,6,2.0,3.0,3.0,0,10.0,5.0,2.0,16.0
2021,12,SAR Pedro de Valdivia,38,0,7,5,23,3,6.0,6.0,8.0,0,1.0,0.0,1.0,16.0
2021,13,SAR Pedro de Valdivia,39,0,2,6,27,4,5.0,4.0,10.0,0,0.0,4.0,3.0,13.0
2021,14,SAR Pedro de Valdivia,59,0,2,9,45,3,9.0,7.0,10.0,0,3.0,14.0,1.0,15.0
2021,15,SAR Pedro de Valdivia,48,0,3,3,37,5,8.0,3.0,8.0,0,9.0,1.0,5.0,14.0
2021,16,SAR Pedro de Valdivia,63,0,3,8,48,4,10.0,7.0,12.0,0,8.0,4.0,3.0,19.0
2021,17,SAR Pedro de Valdivia,47,1,4,0,35,7,9.0,3.0,11.0,0,4.0,1.0,8.0,11.0
2021,18,SAR Pedro de Valdivia,63,2,8,0,45,8,8.0,7.0,11.0,0,2.0,5.0,6.0,24.0
2021,19,SAR Pedro de Valdivia,56,0,3,8,41,4,5.0,4.0,11.0,0,6.0,5.0,4.0,21.0
2021,20,SAR Pedro de Valdivia,73,5,7,5,51,5,5.0,8.0,11.0,0,2.0,3.0,5.0,39.0
2021,21,SAR Pedro de Valdivia,71,1,6,8,49,7,7.0,9.0,7.0,0,2.0,7.0,2.0,37.0
2021,22,SAR Pedro de Valdivia,67,0,4,7,47,9,9.0,6.0,7.0,0,2.0,3.0,4.0,36.0
2021,23,SAR Pedro de Valdivia,73,0,5,5,56,7,9.0,4.0,6.0,0,10.0,0.0,2.0,42.0
2021,24,SAR Pedro de Valdivia,84,3,4,12,61,4,11.0,9.0,9.0,0,2.0,2.0,0.0,51.0
2021,25,SAR Pedro de Valdivia,90,2,4,5,73,6,10.0,13.0,4.0,0,7.0,1.0,0.0,55.0
2021,26,SAR Pedro de Valdivia,86,1,6,12,56,11,13.0,9.0,2.0,0,4.0,1.0,2.0,55.0
2021,27,SAR Pedro de Valdivia,106,0,14,14,70,8,21.0,17.0,2.0,0,3.0,2.0,2.0,59.0
2021,28,SAR Pedro de Valdivia,97,3,9,8,67,10,22.0,15.0,7.0,0,0.0,4.0,0.0,49.0
2021,29,SAR Pedro de Valdivia,97,4,5,16,68,4,16.0,11.0,1.0,0,5.0,3.0,1.0,60.0
2021,30,SAR Pedro de Valdivia,81,1,8,9,61,2,10.0,11.0,2.0,0,2.0,2.0,0.0,54.0
2021,31,SAR Pedro de Valdivia,81,2,7,8,54,10,7.0,16.0,1.0,0,4.0,2.0,3.0,48.0
2021,32,SAR Pedro de Valdivia,89,6,10,11,53,9,4.0,10.0,1.0,0,3.0,5.0,5.0,61.0
2021,33,SAR Pedro de Valdivia,74,1,8,11,47,7,11.0,10.0,1.0,0,7.0,5.0,0.0,40.0
2021,34,SAR Pedro de Valdivia,71,4,13,9,38,7,12.0,3.0,1.0,0,2.0,4.0,6.0,43.0
2021,35,SAR Pedro de Valdivia,53,0,10,11,27,5,8.0,7.0,0.0,0,4.0,0.0,4.0,30.0
2021,36,SAR Pedro de Valdivia,79,2,9,11,51,6,12.0,10.0,0.0,0,4.0,2.0,0.0,51.0
2021,37,SAR Pedro de Valdivia,70,1,22,7,35,5,14.0,10.0,0.0,0,2.0,2.0,1.0,41.0
2021,38,SAR Pedro de Valdivia,82,6,21,9,42,4,14.0,3.0,0.0,0,5.0,4.0,6.0,50.0
2021,39,SAR Pedro de Valdivia,64,3,16,6,36,3,14.0,5.0,0.0,0,1.0,5.0,3.0,36.0
2021,40,SAR Pedro de Valdivia,87,2,28,7,45,5,19.0,8.0,1.0,0,1.0,4.0,0.0,54.0
2021,41,SAR Pedro de Valdivia,88,2,20,15,46,5,13.0,7.0,1.0,0,7.0,3.0,1.0,56.0
2021,42,SAR Pedro de Valdivia,83,2,25,17,36,3,4.0,7.0,0.0,0,2.0,5.0,2.0,63.0
2021,43,SAR Pedro de Valdivia,98,3,27,11,50,7,16.0,10.0,1.0,0,4.0,3.0,1.0,63.0
2021,44,SAR Pedro de Valdivia,138,7,48,21,57,5,18.0,10.0,3.0,0,5.0,1.0,2.0,99.0
2021,45,SAR Pedro de Valdivia,134,7,34,16,70,7,13.0,6.0,5.0,0,2.0,10.0,6.0,92.0
2021,46,SAR Pedro de Valdivia,141,10,32,20,71,8,15.0,7.0,3.0,0,3.0,8.0,5.0,100.0
2021,47,SAR Pedro de Valdivia,220,6,65,27,109,13,35.0,8.0,7.0,0,11.0,16.0,3.0,140.0
2021,48,SAR Pedro de Valdivia,156,6,43,25,71,11,21.0,9.0,1.0,0,5.0,8.0,4.0,108.0
2021,49,SAR Pedro de Valdivia,159,9,36,25,76,13,33.0,10.0,7.0,0,3.0,10.0,7.0,89.0
2021,50,SAR Pedro de Valdivia,168,12,34,16,97,9,31.0,11.0,7.0,0,1.0,6.0,2.0,110.0
2021,51,SAR Pedro de Valdivia,200,11,41,29,109,10,31.0,11.0,14.0,0,4.0,9.0,6.0,125.0
2021,52,SAR Pedro de Valdivia,175,10,34,18,100,13,20.0,9.0,5.0,0,4.0,8.0,1.0,128.0
2021,53,SAR Pedro de Valdivia,11,2,4,1,4,0,3.0,1.0,0.0,0,0.0,0.0,1.0,6.0
2022,1,SAR Pedro de Valdivia,201,9,29,18,125,20,28.0,20.0,18.0,0,7.0,10.0,3.0,115.0
2022,2,SAR Pedro de Valdivia,259,5,27,32,177,18,21.0,14.0,66.0,0,12.0,12.0,2.0,132.0
2022,3,SAR Pedro de Valdivia,307,12,28,36,214,17,22.0,7.0,79.0,0,18.0,14.0,3.0,164.0
2022,4,SAR Pedro de Valdivia,421,7,17,44,321,32,13.0,8.0,241.0,0,12.0,6.0,4.0,137.0
2022,5,SAR Pedro de Valdivia,349,2,16,49,264,18,12.0,3.0,202.0,0,24.0,3.0,2.0,103.0
2022,6,SAR Pedro de Valdivia,447,8,11,48,348,32,13.0,10.0,264.0,0,15.0,6.0,3.0,136.0
2022,7,SAR Pedro de Valdivia,394,3,12,31,320,28,19.0,10.0,223.0,0,10.0,2.0,3.0,127.0
2022,8,SAR Pedro de Valdivia,301,1,12,30,232,26,11.0,14.0,173.0,0,8.0,6.0,3.0,86.0
2022,9,SAR Pedro de Valdivia,246,6,10,28,181,21,14.0,5.0,100.0,0,15.0,4.0,6.0,102.0
2022,10,SAR Pedro de Valdivia,245,8,31,37,157,12,18.0,6.0,82.0,0,10.0,2.0,2.0,125.0
2022,11,SAR Pedro de Valdivia,330,10,45,113,151,11,27.0,9.0,72.0,0,4.0,6.0,1.0,211.0
2022,12,SAR Pedro de Valdivia,332,11,50,102,157,12,36.0,15.0,35.0,0,9.0,6.0,6.0,225.0
2022,13,SAR Pedro de Valdivia,284,9,69,78,116,12,42.0,12.0,20.0,0,10.0,9.0,4.0,187.0
2022,14,SAR Pedro de Valdivia,254,9,73,57,106,9,55.0,12.0,11.0,0,7.0,8.0,2.0,159.0
2022,15,SAR Pedro de Valdivia,263,16,81,73,75,18,48.0,12.0,9.0,0,14.0,9.0,11.0,160.0
2022,16,SAR Pedro de Valdivia,386,20,107,105,141,13,100.0,22.0,10.0,0,12.0,17.0,12.0,213.0
2022,17,SAR Pedro de Valdivia,422,21,103,133,158,7,122.0,18.0,6.0,0,18.0,15.0,13.0,230.0
2022,18,SAR Pedro de Valdivia,469,18,101,156,173,21,124.0,29.0,3.0,0,30.0,10.0,15.0,258.0
2022,19,SAR Pedro de Valdivia,482,19,95,136,213,19,116.0,27.0,6.0,0,20.0,13.0,17.0,283.0
2022,20,SAR Pedro de Valdivia,357,11,58,111,164,13,64.0,11.0,10.0,0,16.0,11.0,11.0,234.0
2022,21,SAR Pedro de Valdivia,304,11,45,84,148,16,71.0,12.0,6.0,0,18.0,9.0,8.0,180.0
2022,22,SAR Pedro de Valdivia,316,13,61,76,153,13,69.0,12.0,4.0,0,32.0,4.0,12.0,183.0
2022,23,SAR Pedro de Valdivia,293,8,46,77,149,13,79.0,17.0,6.0,0,11.0,6.0,12.0,162.0
2022,24,SAR Pedro de Valdivia,334,7,56,79,174,18,74.0,22.0,13.0,0,10.0,8.0,13.0,194.0
2022,25,SAR Pedro de Valdivia,328,12,60,78,165,13,77.0,15.0,17.0,0,7.0,8.0,11.0,193.0
2022,26,SAR Pedro de Valdivia,342,12,66,58,185,21,82.0,16.0,14.0,0,24.0,5.0,14.0,187.0
2022,27,SAR Pedro de Valdivia,241,8,32,39,148,14,54.0,12.0,14.0,0,26.0,6.0,7.0,122.0
2022,28,SAR Pedro de Valdivia,213,15,21,26,136,15,44.0,16.0,9.0,0,12.0,6.0,7.0,119.0
2022,29,SAR Pedro de Valdivia,179,6,17,14,131,11,27.0,4.0,10.0,0,8.0,3.0,4.0,123.0
2022,30,SAR Pedro de Valdivia,179,3,11,34,115,16,27.0,8.0,23.0,0,4.0,5.0,10.0,102.0
2022,31,SAR Pedro de Valdivia,234,4,32,31,158,9,31.0,13.0,54.0,0,7.0,2.0,4.0,123.0
2022,32,SAR Pedro de Valdivia,321,7,59,80,154,21,37.0,17.0,46.0,0,17.0,7.0,9.0,188.0
2022,33,SAR Pedro de Valdivia,353,12,49,92,177,23,58.0,10.0,51.0,0,15.0,15.0,4.0,200.0
2022,34,SAR Pedro de Valdivia,270,12,49,65,133,11,43.0,9.0,34.0,0,14.0,4.0,4.0,162.0
2022,35,SAR Pedro de Valdivia,250,6,43,68,114,19,62.0,9.0,20.0,0,8.0,3.0,5.0,143.0
2022,36,SAR Pedro de Valdivia,239,5,62,51,93,28,47.0,15.0,10.0,0,8.0,9.0,8.0,142.0
2022,37,SAR Pedro de Valdivia,219,10,34,52,105,18,39.0,14.0,4.0,0,3.0,5.0,8.0,146.0
2022,38,SAR Pedro de Valdivia,282,9,55,58,141,19,60.0,21.0,21.0,0,16.0,12.0,6.0,146.0
2022,39,SAR Pedro de Valdivia,238,4,44,61,119,10,50.0,7.0,9.0,0,5.0,8.0,8.0,151.0
2022,40,SAR Pedro de Valdivia,206,4,38,58,97,9,39.0,12.0,4.0,0,7.0,9.0,6.0,129.0
2022,41,SAR Pedro de Valdivia,266,8,57,73,116,12,29.0,18.0,9.0,0,5.0,15.0,6.0,184.0
2022,42,SAR Pedro de Valdivia,273,7,44,85,125,12,47.0,11.0,9.0,0,9.0,8.0,4.0,185.0
2022,43,SAR Pedro de Valdivia,308,6,46,102,131,23,55.0,12.0,12.0,0,37.0,4.0,6.0,182.0
2022,44,SAR Pedro de Valdivia,401,17,37,126,204,17,36.0,13.0,24.0,0,49.0,4.0,3.0,272.0
2022,45,SAR Pedro de Valdivia,319,2,52,101,142,22,41.0,10.0,15.0,0,15.0,2.0,5.0,231.0
2022,46,SAR Pedro de Valdivia,293,5,48,85,136,19,45.0,10.0,22.0,0,22.0,5.0,5.0,184.0
2022,47,SAR Pedro de Valdivia,336,7,38,96,167,28,60.0,16.0,19.0,0,24.0,4.0,9.0,204.0
2022,48,SAR Pedro de Valdivia,254,9,41,62,129,13,41.0,7.0,11.0,0,26.0,3.0,3.0,163.0
2022,49,SAR Pedro de Valdivia,239,10,32,54,120,23,40.0,11.0,16.0,0,14.0,6.0,3.0,149.0
2022,50,SAR Pedro de Valdivia,188,11,21,39,107,10,39.0,6.0,11.0,0,12.0,4.0,11.0,105.0
2022,51,SAR Pedro de Valdivia,175,6,26,28,103,12,24.0,8.0,9.0,0,8.0,4.0,6.0,116.0
2022,52,SAR Pedro de Valdivia,170,9,22,24,101,14,13.0,6.0,29.0,0,9.0,1.0,2.0,110.0
2023,1,SAR Pedro de Valdivia,182,8,25,14,121,14,25.0,6.0,18.0,0,12.0,4.0,2.0,115.0
2023,2,SAR Pedro de Valdivia,115,3,17,13,67,15,11.0,7.0,19.0,0,6.0,1.0,2.0,69.0
2023,3,SAR Pedro de Valdivia,93,5,9,9,58,12,6.0,8.0,21.0,0,4.0,3.0,1.0,50.0
2023,4,SAR Pedro de Valdivia,121,6,16,12,71,16,16.0,5.0,21.0,0,4.0,3.0,1.0,71.0
2023,5,SAR Pedro de Valdivia,71,3,13,8,43,4,8.0,2.0,14.0,0,4.0,1.0,2.0,40.0
2023,6,SAR Pedro de Valdivia,85,4,7,11,51,12,10.0,7.0,14.0,0,3.0,2.0,2.0,47.0
2023,7,SAR Pedro de Valdivia,75,3,9,7,47,9,7.0,2.0,17.0,0,3.0,1.0,0.0,45.0
2023,8,SAR Pedro de Valdivia,103,1,3,18,73,8,4.0,9.0,28.0,0,5.0,2.0,0.0,55.0
2023,9,SAR Pedro de Valdivia,125,5,15,12,79,14,8.0,4.0,21.0,0,12.0,13.0,0.0,67.0
2023,10,SAR Pedro de Valdivia,179,5,16,58,89,11,22.0,8.0,27.0,0,6.0,2.0,1.0,113.0
2023,11,SAR Pedro de Valdivia,305,7,44,87,152,15,47.0,16.0,43.0,0,9.0,3.0,5.0,182.0
2023,12,SAR Pedro de Valdivia,256,12,32,56,148,8,31.0,7.0,28.0,0,9.0,7.0,4.0,170.0
2023,13,SAR Pedro de Valdivia,243,15,33,67,115,13,26.0,17.0,11.0,0,7.0,4.0,2.0,176.0
2023,14,SAR Pedro de Valdivia,220,11,46,54,97,12,43.0,11.0,12.0,0,9.0,3.0,3.0,139.0
2023,15,SAR Pedro de Valdivia,192,8,53,63,52,16,44.0,13.0,1.0,0,5.0,3.0,4.0,122.0
2023,16,SAR Pedro de Valdivia,170,5,42,49,63,11,37.0,10.0,1.0,0,7.0,1.0,12.0,102.0
2023,17,SAR Pedro de Valdivia,290,9,93,80,97,11,63.0,9.0,1.0,0,11.0,5.0,7.0,194.0
2023,18,SAR Pedro de Valdivia,353,25,100,114,99,15,98.0,11.0,0.0,0,21.0,1.0,10.0,212.0
2023,19,SAR Pedro de Valdivia,368,14,90,106,140,18,79.0,19.0,0.0,0,15.0,3.0,5.0,247.0
2023,20,SAR Pedro de Valdivia,354,14,76,97,149,18,56.0,23.0,1.0,0,11.0,2.0,8.0,253.0
2023,21,SAR Pedro de Valdivia,296,11,34,94,141,16,77.0,14.0,0.0,0,12.0,4.0,12.0,177.0
2023,22,SAR Pedro de Valdivia,303,6,40,102,133,22,78.0,21.0,0.0,0,14.0,0.0,8.0,182.0
2023,23,SAR Pedro de Valdivia,277,11,36,80,138,12,49.0,13.0,0.0,0,11.0,0.0,9.0,195.0
2023,24,SAR Pedro de Valdivia,261,3,22,78,151,7,53.0,16.0,0.0,0,24.0,8.0,5.0,155.0
2023,25,SAR Pedro de Valdivia,227,6,24,51,139,7,46.0,16.0,0.0,0,6.0,2.0,4.0,153.0
2023,26,SAR Pedro de Valdivia,196,9,18,33,115,21,47.0,8.0,0.0,0,7.0,4.0,6.0,124.0
2023,27,SAR Pedro de Valdivia,158,3,25,27,93,10,30.0,14.0,0.0,0,11.0,1.0,4.0,98.0
2023,28,SAR Pedro de Valdivia,127,2,12,21,82,10,30.0,12.0,0.0,0,4.0,4.0,11.0,66.0
2023,29,SAR Pedro de Valdivia,168,3,19,30,96,20,33.0,15.0,0.0,0,6.0,1.0,4.0,109.0
2023,30,SAR Pedro de Valdivia,176,5,17,31,106,17,39.0,12.0,0.0,0,9.0,5.0,5.0,106.0
2023,31,SAR Pedro de Valdivia,225,2,36,62,110,15,56.0,14.0,0.0,0,8.0,1.0,4.0,142.0
2023,32,SAR Pedro de Valdivia,258,10,49,67,113,19,59.0,9.0,0.0,0,12.0,6.0,8.0,164.0
2023,33,SAR Pedro de Valdivia,256,10,39,42,139,26,52.0,20.0,0.0,0,2.0,7.0,9.0,166.0
2023,34,SAR Pedro de Valdivia,277,8,38,69,141,21,85.0,16.0,0.0,0,9.0,4.0,9.0,154.0
2023,35,SAR Pedro de Valdivia,218,7,23,57,99,32,44.0,21.0,0.0,0,1.0,2.0,10.0,140.0
2023,36,SAR Pedro de Valdivia,269,13,42,53,139,22,85.0,17.0,0.0,0,20.0,0.0,8.0,139.0
2023,37,SAR Pedro de Valdivia,274,10,41,74,132,17,64.0,23.0,0.0,0,11.0,3.0,3.0,170.0
2023,38,SAR Pedro de Valdivia,283,13,41,64,142,23,59.0,22.0,1.0,0,10.0,6.0,6.0,179.0
2023,39,SAR Pedro de Valdivia,258,8,40,48,142,20,58.0,24.0,1.0,0,12.0,2.0,5.0,156.0
2023,40,SAR Pedro de Valdivia,298,8,52,64,157,17,77.0,12.0,0.0,0,16.0,5.0,9.0,179.0
2023,41,SAR Pedro de Valdivia,300,14,40,78,143,25,77.0,25.0,0.0,0,7.0,9.0,2.0,180.0
2023,42,SAR Pedro de Valdivia,274,7,33,67,143,24,62.0,19.0,2.0,0,12.0,4.0,3.0,172.0
2023,43,SAR Pedro de Valdivia,259,11,27,62,141,18,59.0,13.0,0.0,0,21.0,2.0,6.0,158.0
2023,44,SAR Pedro de Valdivia,269,19,32,59,139,20,40.0,12.0,3.0,0,11.0,5.0,5.0,193.0
2023,45,SAR Pedro de Valdivia,254,9,28,62,129,26,48.0,22.0,3.0,0,17.0,3.0,8.0,153.0
2023,46,SAR Pedro de Valdivia,242,10,29,69,114,20,52.0,10.0,8.0,0,5.0,4.0,9.0,154.0
2023,47,SAR Pedro de Valdivia,228,7,25,50,131,15,47.0,12.0,7.0,0,6.0,5.0,4.0,147.0
2023,48,SAR Pedro de Valdivia,201,7,17,45,109,23,40.0,11.0,7.0,0,4.0,12.0,7.0,120.0
2023,49,SAR Pedro de Valdivia,195,6,28,49,97,15,33.0,12.0,11.0,0,8.0,6.0,4.0,121.0
2023,50,SAR Pedro de Valdivia,223,5,20,52,124,22,35.0,7.0,15.0,0,2.0,5.0,6.0,153.0
2023,51,SAR Pedro de Valdivia,206,6,13,35,132,20,43.0,12.0,5.0,0,6.0,8.0,6.0,126.0
2023,52,SAR Pedro de Valdivia,173,4,14,22,117,16,37.0,17.0,9.0,0,9.0,3.0,5.0,93.0
2024,1,SAR Pedro de Valdivia,176,4,12,25,113,22,34.0,15.0,5.0,0,11.0,11.0,9.0,91.0
2024,2,SAR Pedro de Valdivia,126,4,7,19,81,15,14.0,15.0,1.0,0,3.0,6.0,4.0,83.0
2024,3,SAR Pedro de Valdivia,106,9,11,14,56,16,22.0,6.0,5.0,0,2.0,9.0,2.0,60.0
2024,4,SAR Pedro de Valdivia,82,3,12,8,49,10,7.0,9.0,1.0,0,0.0,6.0,5.0,54.0
2024,5,SAR Pedro de Valdivia,78,1,9,10,46,12,11.0,6.0,4.0,0,0.0,6.0,3.0,48.0
2024,6,SAR Pedro de Valdivia,82,4,3,11,50,14,7.0,7.0,2.0,0,0.0,1.0,2.0,63.0
2024,7,SAR Pedro de Valdivia,102,2,7,13,69,11,11.0,5.0,4.0,0,4.0,4.0,0.0,74.0
2024,8,SAR Pedro de Valdivia,100,1,7,12,66,14,12.0,0.0,7.0,0,1.0,4.0,3.0,73.0
2024,9,SAR Pedro de Valdivia,103,1,9,16,61,16,6.0,6.0,16.0,0,0.0,0.0,4.0,71.0
2024,10,SAR Pedro de Valdivia,124,4,8,12,85,15,18.0,2.0,10.0,0,5.0,5.0,3.0,81.0
2024,11,SAR Pedro de Valdivia,144,4,16,34,78,12,26.0,8.0,21.0,0,5.0,3.0,5.0,76.0
2024,12,SAR Pedro de Valdivia,201,4,19,55,111,12,20.0,19.0,10.0,0,12.0,4.0,1.0,135.0
2024,13,SAR Pedro de Valdivia,222,3,25,64,112,18,26.0,2.0,1.0,0,0.0,5.0,7.0,181.0
2024,14,SAR Pedro de Valdivia,207,9,21,47,111,19,45.0,9.0,0.0,0,5.0,3.0,10.0,135.0
2024,15,SAR Pedro de Valdivia,248,4,29,96,102,17,55.0,21.0,3.0,0,10.0,1.0,9.0,149.0
2024,16,SAR Pedro de Valdivia,308,5,29,99,150,25,54.0,21.0,0.0,0,7.0,8.0,17.0,201.0
2024,17,SAR Pedro de Valdivia,359,7,39,118,177,18,79.0,14.0,0.0,0,34.0,1.0,12.0,219.0
2024,18,SAR Pedro de Valdivia,397,5,43,113,214,22,64.0,10.0,0.0,0,44.0,5.0,10.0,264.0
2024,19,SAR Pedro de Valdivia,357,6,26,107,190,28,51.0,15.0,0.0,0,29.0,3.0,13.0,246.0
2024,20,SAR Pedro de Valdivia,367,3,35,78,217,34,70.0,22.0,0.0,0,49.0,5.0,16.0,205.0
2024,21,SAR Pedro de Valdivia,368,9,30,83,208,38,94.0,23.0,0.0,0,47.0,4.0,11.0,189.0
2024,22,SAR Pedro de Valdivia,237,2,22,48,142,23,56.0,11.0,0.0,0,29.0,4.0,3.0,134.0
2024,23,SAR Pedro de Valdivia,182,2,25,43,95,17,27.0,14.0,0.0,0,17.0,9.0,6.0,109.0
2024,24,SAR Pedro de Valdivia,170,5,24,43,91,7,39.0,10.0,0.0,0,16.0,4.0,3.0,98.0
2024,25,SAR Pedro de Valdivia,149,8,23,28,83,7,38.0,7.0,0.0,0,12.0,2.0,3.0,87.0
2024,26,SAR Pedro de Valdivia,121,3,19,25,63,11,21.0,8.0,0.0,0,9.0,3.0,2.0,78.0
2024,27,SAR Pedro de Valdivia,121,0,9,14,79,19,19.0,10.0,0.0,0,5.0,2.0,5.0,80.0
2024,28,SAR Pedro de Valdivia,99,0,13,16,60,10,20.0,7.0,0.0,0,3.0,3.0,2.0,64.0
2024,29,SAR Pedro de Valdivia,143,2,26,20,80,15,36.0,11.0,0.0,0,0.0,7.0,8.0,81.0
2024,30,SAR Pedro de Valdivia,158,5,32,41,66,14,33.0,11.0,0.0,0,1.0,6.0,5.0,102.0
2024,31,SAR Pedro de Valdivia,200,6,41,52,90,11,61.0,20.0,0.0,0,2.0,2.0,10.0,105.0
2024,32,SAR Pedro de Valdivia,215,7,43,49,96,20,61.0,19.0,0.0,0,10.0,9.0,5.0,111.0
2024,33,SAR Pedro de Valdivia,295,6,41,68,146,34,101.0,17.0,0.0,0,2.0,6.0,17.0,152.0
2024,34,SAR Pedro de Valdivia,238,6,38,59,116,19,67.0,20.0,0.0,0,1.0,3.0,12.0,135.0
2024,35,SAR Pedro de Valdivia,275,14,42,82,121,16,78.0,20.0,0.0,0,9.0,4.0,12.0,152.0
2024,36,SAR Pedro de Valdivia,249,7,43,69,112,18,86.0,14.0,0.0,0,4.0,8.0,5.0,132.0
2024,37,SAR Pedro de Valdivia,221,7,41,61,100,12,50.0,7.0,0.0,0,6.0,10.0,10.0,138.0
2024,38,SAR Pedro de Valdivia,317,11,60,61,154,31,112.0,23.0,0.0,0,12.0,9.0,14.0,147.0
2024,39,SAR Pedro de Valdivia,253,4,41,47,133,28,73.0,20.0,0.0,0,11.0,5.0,26.0,118.0
2024,40,SAR Pedro de Valdivia,197,5,38,49,85,20,48.0,16.0,0.0,0,4.0,4.0,12.0,113.0
2024,41,SAR Pedro de Valdivia,263,7,52,53,127,24,76.0,10.0,0.0,0,2.0,3.0,22.0,150.0
2024,42,SAR Pedro de Valdivia,204,10,19,53,97,25,51.0,10.0,0.0,0,7.0,2.0,19.0,115.0
2024,43,SAR Pedro de Valdivia,268,6,50,69,125,18,54.0,22.0,0.0,0,18.0,7.0,16.0,151.0
2024,44,SAR Pedro de Valdivia,270,9,34,55,142,30,73.0,12.0,0.0,0,11.0,7.0,5.0,162.0
2024,45,SAR Pedro de Valdivia,178,5,26,38,95,14,53.0,16.0,0.0,0,7.0,3.0,12.0,87.0
2024,46,SAR Pedro de Valdivia,205,3,24,53,105,20,45.0,18.0,0.0,0,8.0,5.0,16.0,113.0
2024,47,SAR Pedro de Valdivia,205,5,38,56,91,15,38.0,11.0,0.0,0,10.0,10.0,4.0,132.0
2024,48,SAR Pedro de Valdivia,242,6,32,61,121,22,49.0,14.0,0.0,0,14.0,11.0,10.0,144.0
2024,49,SAR Pedro de Valdivia,208,4,28,38,114,24,38.0,13.0,0.0,0,6.0,9.0,12.0,130.0
2024,50,SAR Pedro de Valdivia,234,4,35,42,130,23,33.0,6.0,1.0,0,15.0,5.0,11.0,163.0
2024,51,SAR Pedro de Valdivia,192,4,11,36,115,26,29.0,13.0,0.0,0,10.0,3.0,14.0,123.0
2024,52,SAR Pedro de Valdivia,192,3,14,31,124,20,52.0,8.0,0.0,0,7.0,6.0,23.0,96.0
2025,1,SAR Pedro de Valdivia,78,1,7,7,48,15,14.0,8.0,0.0,0,2.0,3.0,7.0,44.0
2025,2,SAR Pedro de Valdivia,106,2,5,17,67,15,11.0,4.0,0.0,0,2.0,5.0,10.0,74.0
2025,3,SAR Pedro de Valdivia,92,2,7,9,62,12,7.0,5.0,0.0,0,4.0,3.0,8.0,65.0
2025,4,SAR Pedro de Valdivia,77,1,4,6,59,7,8.0,7.0,0.0,0,1.0,3.0,4.0,54.0
2025,5,SAR Pedro de Valdivia,66,4,4,5,42,11,7.0,4.0,0.0,0,0.0,3.0,4.0,48.0
2025,6,SAR Pedro de Valdivia,70,1,4,10,44,11,4.0,2.0,0.0,0,3.0,3.0,3.0,55.0
2025,7,SAR Pedro de Valdivia,67,0,5,8,45,9,3.0,5.0,0.0,0,2.0,2.0,2.0,53.0
2025,8,SAR Pedro de Valdivia,85,0,7,10,59,9,9.0,8.0,0.0,0,4.0,6.0,5.0,53.0
2025,9,SAR Pedro de Valdivia,48,0,0,7,30,11,7.0,2.0,0.0,0,1.0,0.0,1.0,37.0
2025,10,SAR Pedro de Valdivia,72,1,4,10,47,10,7.0,9.0,0.0,0,4.0,2.0,1.0,49.0
2025,11,SAR Pedro de Valdivia,140,2,18,40,69,11,16.0,12.0,0.0,0,10.0,3.0,8.0,91.0
2025,12,SAR Pedro de Valdivia,232,2,30,72,107,21,40.0,9.0,0.0,0,5.0,7.0,7.0,164.0
2025,13,SAR Pedro de Valdivia,226,2,21,54,133,16,35.0,10.0,0.0,0,6.0,2.0,6.0,167.0
2025,14,SAR Pedro de Valdivia,171,4,16,35,97,19,43.0,10.0,0.0,0,14.0,1.0,4.0,99.0
2025,15,SAR Pedro de Valdivia,180,3,22,47,99,9,30.0,12.0,0.0,0,9.0,3.0,0.0,126.0
2025,16,SAR Pedro de Valdivia,198,4,19,47,112,16,44.0,9.0,0.0,0,21.0,5.0,3.0,116.0
2025,17,SAR Pedro de Valdivia,219,1,28,43,127,20,58.0,15.0,0.0,0,20.0,0.0,9.0,117.0
2025,18,SAR Pedro de Valdivia,245,5,33,59,119,29,42.0,13.0,0.0,0,17.0,4.0,3.0,166.0
2025,19,SAR Pedro de Valdivia,217,6,23,62,108,18,49.0,14.0,0.0,0,12.0,4.0,10.0,128.0
2025,20,SAR Pedro de Valdivia,260,1,21,61,145,32,50.0,10.0,0.0,0,16.0,8.0,12.0,164.0
2025,21,SAR Pedro de Valdivia,300,5,36,55,167,37,44.0,18.0,0.0,0,23.0,6.0,11.0,198.0
2025,22,SAR Pedro de Valdivia,244,4,15,55,146,24,43.0,10.0,0.0,0,20.0,4.0,10.0,157.0
2025,23,SAR Pedro de Valdivia,247,3,17,44,152,31,44.0,23.0,0.0,0,19.0,2.0,10.0,149.0
2025,24,SAR Pedro de Valdivia,220,3,22,39,138,18,45.0,7.0,0.0,0,22.0,7.0,6.0,133.0
2025,25,SAR Pedro de Valdivia,213,3,25,46,109,30,43.0,8.0,0.0,0,10.0,2.0,10.0,140.0
2025,26,SAR Pedro de Valdivia,186,2,17,30,108,29,42.0,10.0,0.0,0,8.0,7.0,9.0,110.0
2025,27,SAR Pedro de Valdivia,164,2,14,17,107,24,41.0,13.0,0.0,0,8.0,3.0,11.0,88.0
2025,28,SAR Pedro de Valdivia,149,0,11,26,94,18,36.0,6.0,0.0,0,4.0,2.0,1.0,100.0
2025,29,SAR Pedro de Valdivia,224,3,37,59,104,21,50.0,10.0,0.0,0,9.0,6.0,7.0,142.0
2025,30,SAR Pedro de Valdivia,279,5,41,98,116,19,66.0,15.0,0.0,0,22.0,8.0,9.0,159.0
2025,31,SAR Pedro de Valdivia,306,2,42,102,140,20,70.0,14.0,0.0,0,18.0,3.0,11.0,190.0
2025,32,SAR Pedro de Valdivia,309,9,52,90,135,23,60.0,14.0,0.0,0,13.0,7.0,41.0,174.0
2025,33,SAR Pedro de Valdivia,321,6,63,92,134,26,60.0,8.0,0.0,0,11.0,7.0,12.0,223.0
2025,34,SAR Pedro de Valdivia,274,2,24,77,151,20,64.0,18.0,0.0,0,10.0,4.0,14.0,164.0
2025,35,SAR Pedro de Valdivia,297,6,34,77,157,23,43.0,15.0,0.0,0,7.0,4.0,11.0,217.0
2025,36,SAR Pedro de Valdivia,290,6,45,60,136,43,52.0,15.0,0.0,0,13.0,4.0,11.0,195.0
2025,37,SAR Pedro de Valdivia,269,9,36,55,143,26,42.0,19.0,0.0,0,12.0,5.0,11.0,180.0
2025,38,SAR Pedro de Valdivia,296,7,31,49,169,40,63.0,17.0,0.0,0,3.0,8.0,8.0,197.0
2025,39,SAR Pedro de Valdivia,255,4,22,53,137,39,61.0,9.0,0.0,0,10.0,3.0,16.0,156.0
2025,40,SAR Pedro de Valdivia,219,4,17,45,127,26,39.0,16.0,0.0,0,13.0,3.0,9.0,139.0
2025,41,SAR Pedro de Valdivia,215,1,29,58,112,15,46.0,8.0,0.0,0,3.0,3.0,12.0,143.0
2025,42,SAR Pedro de Valdivia,249,5,40,53,114,37,36.0,16.0,0.0,0,6.0,5.0,16.0,170.0
2025,43,SAR Pedro de Valdivia,241,8,29,66,113,25,30.0,14.0,0.0,0,17.0,12.0,12.0,156.0
2025,44,SAR Pedro de Valdivia,287,8,36,75,137,31,59.0,12.0,0.0,0,8.0,6.0,13.0,189.0
2025,45,SAR Pedro de Valdivia,192,3,25,38,106,20,33.0,6.0,0.0,0,22.0,3.0,5.0,123.0
2025,46,SAR Pedro de Valdivia,231,7,23,46,121,34,28.0,8.0,0.0,0,15.0,3.0,13.0,164.0
2025,47,SAR Pedro de Valdivia,189,10,17,30,108,24,28.0,7.0,0.0,0,10.0,7.0,11.0,126.0
2025,48,SAR Pedro de Valdivia,213,5,17,28,128,35,32.0,17.0,0.0,0,11.0,5.0,14.0,134.0
2025,49,SAR Pedro de Valdivia,197,5,20,38,102,32,29.0,3.0,0.0,0,10.0,12.0,16.0,127.0
2025,50,SAR Pedro de Valdivia,206,6,28,32,118,22,29.0,14.0,0.0,0,23.0,8.0,6.0,126.0
2025,51,SAR Pedro de Valdivia,162,1,15,30,95,21,14.0,7.0,1.0,0,6.0,3.0,10.0,121.0
2025,52,SAR Pedro de Valdivia,205,3,17,20,139,26,27.0,9.0,0.0,0,13.0,3.0,9.0,144.0
2025,53,SAR Pedro de Valdivia,106,2,13,11,68,12,17.0,1.0,0.0,0,4.0,4.0,2.0,78.0
2026,1,SAR Pedro de Valdivia,144,1,16,11,96,20,28.0,7.0,0.0,0,4.0,4.0,6.0,95.0
2026,2,SAR Pedro de Valdivia,92,3,10,8,53,18,18.0,5.0,0.0,0,3.0,2.0,5.0,59.0
2026,3,SAR Pedro de Valdivia,91,2,8,11,59,11,11.0,9.0,0.0,0,2.0,3.0,3.0,63.0
2026,4,SAR Pedro de Valdivia,76,1,9,7,52,7,9.0,5.0,0.0,0,7.0,1.0,4.0,50.0
2026,5,SAR Pedro de Valdivia,66,2,3,11,42,8,7.0,4.0,0.0,0,2.0,4.0,6.0,43.0
2026,6,SAR Pedro de Valdivia,94,2,9,10,67,6,12.0,5.0,0.0,0,6.0,3.0,8.0,60.0
2026,7,SAR Pedro de Valdivia,85,2,5,15,51,12,12.0,5.0,0.0,0,3.0,1.0,5.0,59.0
2026,8,SAR Pedro de Valdivia,109,1,6,16,71,15,10.0,7.0,0.0,0,14.0,2.0,5.0,71.0
2026,9,SAR Pedro de Valdivia,84,3,6,15,52,8,9.0,5.0,0.0,0,7.0,3.0,2.0,58.0
2026,53,SAR Pedro de Valdivia,55,3,5,5,36,6,8.0,6.0,0.0,0,6.0,2.0,4.0,29.0
